index,original_input,processed_file,chain,residue,res_id,atom,x_trans,y_trans,z_trans
0,1cri_cofactor.pdb,1cri_cofactor.pdb,A,THR,1,N,-5.708734893045236,-11.630025946853433,1.9057573224031128
1,1cri_cofactor.pdb,1cri_cofactor.pdb,A,THR,1,CA,-5.224207027743804,-12.119724333352083,3.208042977299648
2,1cri_cofactor.pdb,1cri_cofactor.pdb,A,THR,1,C,-4.477015105869544,-13.449276774204796,3.0519977386924952
3,1cri_cofactor.pdb,1cri_cofactor.pdb,A,THR,1,O,-4.577073507321457,-14.350871969697677,3.887862700976867
4,1cri_cofactor.pdb,1cri_cofactor.pdb,A,THR,1,CB,-6.387202075032048,-12.3129706728361,4.199766390763631
5,1cri_cofactor.pdb,1cri_cofactor.pdb,A,THR,1,OG1,-7.225829134133196,-11.153358878890552,4.17613183927819
6,1cri_cofactor.pdb,1cri_cofactor.pdb,A,THR,1,CG2,-5.872839362842299,-12.514458350836014,5.616913806826579
7,1cri_cofactor.pdb,1cri_cofactor.pdb,A,GLU,2,N,-3.71509464972435,-13.558688118045565,1.956952013213116
8,1cri_cofactor.pdb,1cri_cofactor.pdb,A,GLU,2,CA,-2.9490086851824957,-14.76530032399678,1.6821177750271108
9,1cri_cofactor.pdb,1cri_cofactor.pdb,A,GLU,2,C,-1.6567246294964144,-14.37663114043352,0.9696465534344836
10,1cri_cofactor.pdb,1cri_cofactor.pdb,A,GLU,2,O,-1.407126944083353,-14.785495243015758,-0.1641102301799397
11,1cri_cofactor.pdb,1cri_cofactor.pdb,A,GLU,2,CB,-3.7695827883339272,-15.710196360346837,0.812640706329447
12,1cri_cofactor.pdb,1cri_cofactor.pdb,A,GLU,2,CG,-3.2179950402313127,-17.11712255388901,0.7426546928903157
13,1cri_cofactor.pdb,1cri_cofactor.pdb,A,GLU,2,CD,-4.074238350328035,-18.01876769052801,-0.1250848383510385
14,1cri_cofactor.pdb,1cri_cofactor.pdb,A,GLU,2,OE1,-4.062080318020464,-17.842282790529616,-1.3564047149568614
15,1cri_cofactor.pdb,1cri_cofactor.pdb,A,GLU,2,OE2,-4.760177203085221,-18.898079152763,0.4284227789882777
16,1cri_cofactor.pdb,1cri_cofactor.pdb,A,PHE,3,N,-0.8576709435640695,-13.564867458796444,1.6478189393822025
17,1cri_cofactor.pdb,1cri_cofactor.pdb,A,PHE,3,CA,0.4004242970240757,-13.07712581105424,1.091590652179914
18,1cri_cofactor.pdb,1cri_cofactor.pdb,A,PHE,3,C,1.4649289377733865,-14.147239961555794,0.8648447471456698
19,1cri_cofactor.pdb,1cri_cofactor.pdb,A,PHE,3,O,1.654111194389497,-15.04003313161356,1.6928048019010056
20,1cri_cofactor.pdb,1cri_cofactor.pdb,A,PHE,3,CB,0.981808640014609,-12.006445856865724,2.015168238445906
21,1cri_cofactor.pdb,1cri_cofactor.pdb,A,PHE,3,CG,2.3714211754987224,-11.571909756890417,1.6438546514860064
22,1cri_cofactor.pdb,1cri_cofactor.pdb,A,PHE,3,CD1,2.5783610523657043,-10.688137673041208,0.588855590952349
23,1cri_cofactor.pdb,1cri_cofactor.pdb,A,PHE,3,CD2,3.475659681417159,-12.058966931545674,2.332208017796241
24,1cri_cofactor.pdb,1cri_cofactor.pdb,A,PHE,3,CE1,3.86572026733896,-10.295877041841525,0.2314717053840095
25,1cri_cofactor.pdb,1cri_cofactor.pdb,A,PHE,3,CE2,4.766856308137034,-11.671193389305806,1.977676788362498
26,1cri_cofactor.pdb,1cri_cofactor.pdb,A,PHE,3,CZ,4.958478286216882,-10.788199842890522,0.9280382086650664
27,1cri_cofactor.pdb,1cri_cofactor.pdb,A,LYS,4,N,2.151636204355264,-14.030179038601416,-0.2670699330985474
28,1cri_cofactor.pdb,1cri_cofactor.pdb,A,LYS,4,CA,3.2555533312723783,-14.911123659708757,-0.6331371910153827
29,1cri_cofactor.pdb,1cri_cofactor.pdb,A,LYS,4,C,4.331356494677168,-13.973289019933857,-1.1781005123872708
30,1cri_cofactor.pdb,1cri_cofactor.pdb,A,LYS,4,O,4.032391752062069,-13.085695138609882,-1.972063040556617
31,1cri_cofactor.pdb,1cri_cofactor.pdb,A,LYS,4,CB,2.841927742662265,-15.885617883215572,-1.7341671518596526
32,1cri_cofactor.pdb,1cri_cofactor.pdb,A,LYS,4,CG,1.7300535379810784,-16.85044145868769,-1.3562859227430597
33,1cri_cofactor.pdb,1cri_cofactor.pdb,A,LYS,4,CD,2.1690153367697653,-17.84524423145829,-0.2949850354410466
34,1cri_cofactor.pdb,1cri_cofactor.pdb,A,LYS,4,CE,1.0550759944095205,-18.840584042165585,0.0001715112137014
35,1cri_cofactor.pdb,1cri_cofactor.pdb,A,LYS,4,NZ,1.4430985701230774,-19.81677522093273,1.0551649625152857
36,1cri_cofactor.pdb,1cri_cofactor.pdb,A,ALA,5,N,5.578210585073468,-14.145240314585465,-0.7422913675174261
37,1cri_cofactor.pdb,1cri_cofactor.pdb,A,ALA,5,CA,6.663739107930477,-13.290182394682354,-1.211799802567776
38,1cri_cofactor.pdb,1cri_cofactor.pdb,A,ALA,5,C,6.777048771317415,-13.322910142244783,-2.73332643236871
39,1cri_cofactor.pdb,1cri_cofactor.pdb,A,ALA,5,O,6.629790210868371,-14.379095119346886,-3.354769408173615
40,1cri_cofactor.pdb,1cri_cofactor.pdb,A,ALA,5,CB,7.981796159742386,-13.723260622294656,-0.5821218152747907
41,1cri_cofactor.pdb,1cri_cofactor.pdb,A,GLY,6,N,7.028860057121423,-12.158898986740788,-3.32345720437013
42,1cri_cofactor.pdb,1cri_cofactor.pdb,A,GLY,6,CA,7.151080101185796,-12.065977939487295,-4.76766583514207
43,1cri_cofactor.pdb,1cri_cofactor.pdb,A,GLY,6,C,8.372722470256384,-11.28524742896594,-5.199275736680416
44,1cri_cofactor.pdb,1cri_cofactor.pdb,A,GLY,6,O,9.434104125577958,-11.408642641924192,-4.593575228196777
45,1cri_cofactor.pdb,1cri_cofactor.pdb,A,SER,7,N,8.227674786531573,-10.47827874901095,-6.235962640074012
46,1cri_cofactor.pdb,1cri_cofactor.pdb,A,SER,7,CA,9.328088154658962,-9.686647594980302,-6.780734174686308
47,1cri_cofactor.pdb,1cri_cofactor.pdb,A,SER,7,C,9.310010403974168,-8.248987668546853,-6.275955636235087
48,1cri_cofactor.pdb,1cri_cofactor.pdb,A,SER,7,O,8.38537720483187,-7.490218068262468,-6.563002692603402
49,1cri_cofactor.pdb,1cri_cofactor.pdb,A,SER,7,CB,9.254237458773138,-9.67940636376674,-8.304849453021385
50,1cri_cofactor.pdb,1cri_cofactor.pdb,A,SER,7,OG,10.183944174662429,-8.754596529228179,-8.847973442758535
51,1cri_cofactor.pdb,1cri_cofactor.pdb,A,ALA,8,N,10.344522643591842,-7.881153150494757,-5.522253407974242
52,1cri_cofactor.pdb,1cri_cofactor.pdb,A,ALA,8,CA,10.44521835153917,-6.522105997456,-5.009608656398474
53,1cri_cofactor.pdb,1cri_cofactor.pdb,A,ALA,8,C,10.628767555267345,-5.52433686994454,-6.151444520446788
54,1cri_cofactor.pdb,1cri_cofactor.pdb,A,ALA,8,O,10.130877711107836,-4.401107785063275,-6.08566810398927
55,1cri_cofactor.pdb,1cri_cofactor.pdb,A,ALA,8,CB,11.60743729524136,-6.417152666278962,-4.026185535059586
56,1cri_cofactor.pdb,1cri_cofactor.pdb,A,LYS,9,N,11.353675592678943,-5.935647215186394,-7.202518549599588
57,1cri_cofactor.pdb,1cri_cofactor.pdb,A,LYS,9,CA,11.569726329996886,-5.039595143053947,-8.33528743156472
58,1cri_cofactor.pdb,1cri_cofactor.pdb,A,LYS,9,C,10.26341805205905,-4.720895106738318,-9.055854352920996
59,1cri_cofactor.pdb,1cri_cofactor.pdb,A,LYS,9,O,9.996579019002787,-3.567843354507612,-9.396657758720051
60,1cri_cofactor.pdb,1cri_cofactor.pdb,A,LYS,9,CB,12.57912498761704,-5.6360569851305575,-9.319262813301773
61,1cri_cofactor.pdb,1cri_cofactor.pdb,A,LYS,9,CG,14.012675600965208,-5.573709499012086,-8.828497422991097
62,1cri_cofactor.pdb,1cri_cofactor.pdb,A,LYS,9,CD,14.992436746672924,-5.991547234693023,-9.907388798346052
63,1cri_cofactor.pdb,1cri_cofactor.pdb,A,LYS,9,CE,16.431455934775073,-5.849460429379019,-9.434922112252009
64,1cri_cofactor.pdb,1cri_cofactor.pdb,A,LYS,9,NZ,17.408283914697247,-6.224246642878759,-10.495786266736475
65,1cri_cofactor.pdb,1cri_cofactor.pdb,A,LYS,10,N,9.4485118637386,-5.7454103260665095,-9.284919746653248
66,1cri_cofactor.pdb,1cri_cofactor.pdb,A,LYS,10,CA,8.165794987030742,-5.512134225007418,-9.937428004592752
67,1cri_cofactor.pdb,1cri_cofactor.pdb,A,LYS,10,C,7.265753453085244,-4.718043732341346,-8.997248023166295
68,1cri_cofactor.pdb,1cri_cofactor.pdb,A,LYS,10,O,6.461501470177554,-3.894282437107973,-9.433403646959366
69,1cri_cofactor.pdb,1cri_cofactor.pdb,A,LYS,10,CB,7.513438309815783,-6.8406728710250775,-10.325619970930422
70,1cri_cofactor.pdb,1cri_cofactor.pdb,A,LYS,10,CG,8.264240397046459,-7.559519899451832,-11.438830598250403
71,1cri_cofactor.pdb,1cri_cofactor.pdb,A,LYS,10,CD,7.607332508686259,-8.868332016674879,-11.831937857689873
72,1cri_cofactor.pdb,1cri_cofactor.pdb,A,LYS,10,CE,8.383110125808697,-9.54921717260555,-12.942876812767244
73,1cri_cofactor.pdb,1cri_cofactor.pdb,A,LYS,10,NZ,7.790709767470042,-10.85591110229879,-13.330046874404204
74,1cri_cofactor.pdb,1cri_cofactor.pdb,A,GLY,11,N,7.416008671237811,-4.96246403029825,-7.700073909286906
75,1cri_cofactor.pdb,1cri_cofactor.pdb,A,GLY,11,CA,6.638227198395225,-4.234105271205968,-6.713324943089259
76,1cri_cofactor.pdb,1cri_cofactor.pdb,A,GLY,11,C,6.993801876789563,-2.760337435475612,-6.706287978210119
77,1cri_cofactor.pdb,1cri_cofactor.pdb,A,GLY,11,O,6.124135704894293,-1.904879833957901,-6.523321822216094
78,1cri_cofactor.pdb,1cri_cofactor.pdb,A,ALA,12,N,8.277725368984974,-2.464455007384087,-6.897962619541724
79,1cri_cofactor.pdb,1cri_cofactor.pdb,A,ALA,12,CA,8.735311540525721,-1.076728182443415,-6.921967430744092
80,1cri_cofactor.pdb,1cri_cofactor.pdb,A,ALA,12,C,8.08947265153331,-0.3441175273891024,-8.097711678938095
81,1cri_cofactor.pdb,1cri_cofactor.pdb,A,ALA,12,O,7.667041219908634,0.8080390856992156,-7.968419724369042
82,1cri_cofactor.pdb,1cri_cofactor.pdb,A,ALA,12,CB,10.257486671733664,-1.02952233294569,-7.044644087264615
83,1cri_cofactor.pdb,1cri_cofactor.pdb,A,THR,13,N,8.013685584559711,-1.0277981035242068,-9.23718994666294
84,1cri_cofactor.pdb,1cri_cofactor.pdb,A,THR,13,CA,7.401845148236731,-0.4307367479893986,-10.420183192201394
85,1cri_cofactor.pdb,1cri_cofactor.pdb,A,THR,13,C,5.9137945445846265,-0.1749358598803926,-10.16935189858763
86,1cri_cofactor.pdb,1cri_cofactor.pdb,A,THR,13,O,5.381197360043627,0.8753933460883234,-10.535737384568908
87,1cri_cofactor.pdb,1cri_cofactor.pdb,A,THR,13,CB,7.575151961212565,-1.3474002235944251,-11.643208023306984
88,1cri_cofactor.pdb,1cri_cofactor.pdb,A,THR,13,OG1,8.974243981759669,-1.4837976826695205,-11.923076641706386
89,1cri_cofactor.pdb,1cri_cofactor.pdb,A,THR,13,CG2,6.882313405648987,-0.7609078989317393,-12.867061235337108
90,1cri_cofactor.pdb,1cri_cofactor.pdb,A,LEU,14,N,5.252610572200049,-1.1367877181251054,-9.522029437441262
91,1cri_cofactor.pdb,1cri_cofactor.pdb,A,LEU,14,CA,3.835805782125892,-0.9735634321652128,-9.215749386114656
92,1cri_cofactor.pdb,1cri_cofactor.pdb,A,LEU,14,C,3.620790020111248,0.198928660203432,-8.266499015896557
93,1cri_cofactor.pdb,1cri_cofactor.pdb,A,LEU,14,O,2.678657695992644,0.9776410832776254,-8.426781479977635
94,1cri_cofactor.pdb,1cri_cofactor.pdb,A,LEU,14,CB,3.273202186262218,-2.2519158423320267,-8.580852542627415
95,1cri_cofactor.pdb,1cri_cofactor.pdb,A,LEU,14,CG,2.935845227823588,-3.3770480391401856,-9.55485251518854
96,1cri_cofactor.pdb,1cri_cofactor.pdb,A,LEU,14,CD1,2.713289614615704,-4.67557822815436,-8.793966246820577
97,1cri_cofactor.pdb,1cri_cofactor.pdb,A,LEU,14,CD2,1.681534747804174,-3.005052482104958,-10.341817749141342
98,1cri_cofactor.pdb,1cri_cofactor.pdb,A,PHE,15,N,4.495822101333435,0.3348123261410101,-7.268373644314946
99,1cri_cofactor.pdb,1cri_cofactor.pdb,A,PHE,15,CA,4.351877001297053,1.4352238495353673,-6.321638498245776
100,1cri_cofactor.pdb,1cri_cofactor.pdb,A,PHE,15,C,4.480486003615549,2.778354462198597,-7.037073786657318
101,1cri_cofactor.pdb,1cri_cofactor.pdb,A,PHE,15,O,3.701127315133248,3.700090965426951,-6.783018726852647
102,1cri_cofactor.pdb,1cri_cofactor.pdb,A,PHE,15,CB,5.381805741752671,1.3421487970825745,-5.195845088156
103,1cri_cofactor.pdb,1cri_cofactor.pdb,A,PHE,15,CG,5.19502881649258,2.397330638385347,-4.132582538735174
104,1cri_cofactor.pdb,1cri_cofactor.pdb,A,PHE,15,CD1,5.8194180597580685,3.63508907680842,-4.244588356924946
105,1cri_cofactor.pdb,1cri_cofactor.pdb,A,PHE,15,CD2,4.31828890708042,2.1827346501805662,-3.074744199601454
106,1cri_cofactor.pdb,1cri_cofactor.pdb,A,PHE,15,CE1,5.571746594172261,4.644810841051079,-3.315322661706648
107,1cri_cofactor.pdb,1cri_cofactor.pdb,A,PHE,15,CE2,4.069391350355994,3.1843145538298243,-2.141211373394244
108,1cri_cofactor.pdb,1cri_cofactor.pdb,A,PHE,15,CZ,4.693585753996233,4.417831039131163,-2.265585094313653
109,1cri_cofactor.pdb,1cri_cofactor.pdb,A,LYS,16,N,5.468899745936763,2.87337451106458,-7.931956474493061
110,1cri_cofactor.pdb,1cri_cofactor.pdb,A,LYS,16,CA,5.682580478703745,4.117439637786981,-8.664562627341041
111,1cri_cofactor.pdb,1cri_cofactor.pdb,A,LYS,16,C,4.503826150037429,4.506506271284309,-9.548403877677796
112,1cri_cofactor.pdb,1cri_cofactor.pdb,A,LYS,16,O,4.210425865426478,5.694083401012371,-9.704882674555693
113,1cri_cofactor.pdb,1cri_cofactor.pdb,A,LYS,16,CB,6.943498302310115,4.017450670385441,-9.524676293101887
114,1cri_cofactor.pdb,1cri_cofactor.pdb,A,LYS,16,CG,8.230643992401545,3.929974323533731,-8.72487953085194
115,1cri_cofactor.pdb,1cri_cofactor.pdb,A,LYS,16,CD,9.44294823004588,3.828575246481594,-9.63047578703407
116,1cri_cofactor.pdb,1cri_cofactor.pdb,A,LYS,16,CE,10.731100476203247,3.723332421930148,-8.827027162034426
117,1cri_cofactor.pdb,1cri_cofactor.pdb,A,LYS,16,NZ,11.925770849320669,3.599473246090751,-9.705317547927644
118,1cri_cofactor.pdb,1cri_cofactor.pdb,A,THR,17,N,3.8459271530637498,3.518739822489662,-10.122271687980517
119,1cri_cofactor.pdb,1cri_cofactor.pdb,A,THR,17,CA,2.7240170563223147,3.8044630179866834,-11.011668574645643
120,1cri_cofactor.pdb,1cri_cofactor.pdb,A,THR,17,C,1.3591487729048248,3.899521999611133,-10.331439473271876
121,1cri_cofactor.pdb,1cri_cofactor.pdb,A,THR,17,O,0.4739030289706062,4.600190195948358,-10.826297812731386
122,1cri_cofactor.pdb,1cri_cofactor.pdb,A,THR,17,CB,2.6193253611463843,2.749955200687612,-12.133953469458437
123,1cri_cofactor.pdb,1cri_cofactor.pdb,A,THR,17,OG1,2.433666881512768,1.4508691861272187,-11.566940567067247
124,1cri_cofactor.pdb,1cri_cofactor.pdb,A,THR,17,CG2,3.8807722174599566,2.7556559693327536,-12.982781117064992
125,1cri_cofactor.pdb,1cri_cofactor.pdb,A,ARG,18,N,1.1955465816774424,3.207511123032015,-9.216114239262852
126,1cri_cofactor.pdb,1cri_cofactor.pdb,A,ARG,18,CA,-0.1146441773392134,3.1700877498296034,-8.56157166178388
127,1cri_cofactor.pdb,1cri_cofactor.pdb,A,ARG,18,C,-0.2322902471896062,3.8569612243923856,-7.202074062902064
128,1cri_cofactor.pdb,1cri_cofactor.pdb,A,ARG,18,O,-1.345103890014815,4.128916268562688,-6.742539542836084
129,1cri_cofactor.pdb,1cri_cofactor.pdb,A,ARG,18,CB,-0.5730847994811994,1.7152523685436842,-8.399401044457726
130,1cri_cofactor.pdb,1cri_cofactor.pdb,A,ARG,18,CG,-0.5363460546927685,0.8756450613799066,-9.675403706052538
131,1cri_cofactor.pdb,1cri_cofactor.pdb,A,ARG,18,CD,-1.4293165946759363,1.46841554402696,-10.768077571676384
132,1cri_cofactor.pdb,1cri_cofactor.pdb,A,ARG,18,NE,-2.830417325983691,1.5616201808530263,-10.365908889283956
133,1cri_cofactor.pdb,1cri_cofactor.pdb,A,ARG,18,CZ,-3.655330649983047,0.5274652206344554,-10.267530400718362
134,1cri_cofactor.pdb,1cri_cofactor.pdb,A,ARG,18,NH1,-3.253305091174713,-0.702369846622034,-10.551133163880024
135,1cri_cofactor.pdb,1cri_cofactor.pdb,A,ARG,18,NH2,-4.912490295805405,0.7241859986030692,-9.881467406335371
136,1cri_cofactor.pdb,1cri_cofactor.pdb,A,CYS,19,N,0.9019159520135468,4.118836529090046,-6.537066753300905
137,1cri_cofactor.pdb,1cri_cofactor.pdb,A,CYS,19,CA,0.8508655202341923,4.6686581911419305,-5.184412389935566
138,1cri_cofactor.pdb,1cri_cofactor.pdb,A,CYS,19,C,1.6185761540574062,5.961533593883101,-4.931426279663129
139,1cri_cofactor.pdb,1cri_cofactor.pdb,A,CYS,19,O,1.2233772052336898,6.761946418968913,-4.079969393294125
140,1cri_cofactor.pdb,1cri_cofactor.pdb,A,CYS,19,CB,1.3677702771844416,3.6158193398884526,-4.192001033068627
141,1cri_cofactor.pdb,1cri_cofactor.pdb,A,CYS,19,SG,0.9510077224885456,1.897137732665124,-4.575181993813357
142,1cri_cofactor.pdb,1cri_cofactor.pdb,A,LEU,20,N,2.736565321541488,6.146140514671641,-5.639238105344528
143,1cri_cofactor.pdb,1cri_cofactor.pdb,A,LEU,20,CA,3.5958894592341544,7.312437683116991,-5.432010336355369
144,1cri_cofactor.pdb,1cri_cofactor.pdb,A,LEU,20,C,2.8951126357109267,8.65575499979826,-5.607339875901259
145,1cri_cofactor.pdb,1cri_cofactor.pdb,A,LEU,20,O,3.336785806650824,9.664845098311767,-5.054677054233057
146,1cri_cofactor.pdb,1cri_cofactor.pdb,A,LEU,20,CB,4.8098965647540926,7.225878003382157,-6.365280540454087
147,1cri_cofactor.pdb,1cri_cofactor.pdb,A,LEU,20,CG,5.934858343529954,8.244624119568902,-6.167346584566516
148,1cri_cofactor.pdb,1cri_cofactor.pdb,A,LEU,20,CD1,6.491064521361156,8.141497945099147,-4.750635908085092
149,1cri_cofactor.pdb,1cri_cofactor.pdb,A,LEU,20,CD2,7.040797230353158,7.970058597749748,-7.186435384783596
150,1cri_cofactor.pdb,1cri_cofactor.pdb,A,GLN,21,N,1.8030606093720232,8.654377062555506,-6.355402232906147
151,1cri_cofactor.pdb,1cri_cofactor.pdb,A,GLN,21,CA,1.0236491538046708,9.872572120851268,-6.557243367074976
152,1cri_cofactor.pdb,1cri_cofactor.pdb,A,GLN,21,C,0.5754998997616367,10.443600948781947,-5.21400609389028
153,1cri_cofactor.pdb,1cri_cofactor.pdb,A,GLN,21,O,0.472692835550303,11.663207616015065,-5.046509199931606
154,1cri_cofactor.pdb,1cri_cofactor.pdb,A,GLN,21,CB,-0.2119640711092643,9.550000410974192,-7.406334316107965
155,1cri_cofactor.pdb,1cri_cofactor.pdb,A,GLN,21,CG,-1.1946104605801586,10.695477345479992,-7.586901096742091
156,1cri_cofactor.pdb,1cri_cofactor.pdb,A,GLN,21,CD,-2.5165093423550604,10.23787519468435,-8.18246502598225
157,1cri_cofactor.pdb,1cri_cofactor.pdb,A,GLN,21,OE1,-2.624285038336977,9.14230422768522,-8.73038279848234
158,1cri_cofactor.pdb,1cri_cofactor.pdb,A,GLN,21,NE2,-3.537489174098646,11.083405997926745,-8.074802317408691
159,1cri_cofactor.pdb,1cri_cofactor.pdb,A,CYS,22,N,0.3337373069093027,9.559725324003187,-4.257791915791525
160,1cri_cofactor.pdb,1cri_cofactor.pdb,A,CYS,22,CA,-0.1722282457081327,9.9757497326982,-2.9571808000734383
161,1cri_cofactor.pdb,1cri_cofactor.pdb,A,CYS,22,C,0.6641483938375475,9.616505300709475,-1.734457951812478
162,1cri_cofactor.pdb,1cri_cofactor.pdb,A,CYS,22,O,0.3857385395294578,10.116509324752846,-0.6373262076884649
163,1cri_cofactor.pdb,1cri_cofactor.pdb,A,CYS,22,CB,-1.5707421782441502,9.382324664541228,-2.757541269465629
164,1cri_cofactor.pdb,1cri_cofactor.pdb,A,CYS,22,SG,-2.739716428126168,9.828458263797714,-4.038695547432879
165,1cri_cofactor.pdb,1cri_cofactor.pdb,A,HIS,23,N,1.666120065999979,8.754983976893,-1.8998865364301745
166,1cri_cofactor.pdb,1cri_cofactor.pdb,A,HIS,23,CA,2.4794428724378834,8.311084391607507,-0.7628198937723046
167,1cri_cofactor.pdb,1cri_cofactor.pdb,A,HIS,23,C,3.981033660632261,8.325736555449502,-0.9938319689395948
168,1cri_cofactor.pdb,1cri_cofactor.pdb,A,HIS,23,O,4.444786569195059,8.149969496382573,-2.1167193207737416
169,1cri_cofactor.pdb,1cri_cofactor.pdb,A,HIS,23,CB,2.131397375378517,6.864914735310431,-0.4021785157143249
170,1cri_cofactor.pdb,1cri_cofactor.pdb,A,HIS,23,CG,0.7343808956863482,6.635224066442167,0.0583582470397656
171,1cri_cofactor.pdb,1cri_cofactor.pdb,A,HIS,23,ND1,0.3246352077626138,6.896951748177783,1.3507006508753072
172,1cri_cofactor.pdb,1cri_cofactor.pdb,A,HIS,23,CD2,-0.3319174297092055,6.097336518027983,-0.5754747903423622
173,1cri_cofactor.pdb,1cri_cofactor.pdb,A,HIS,23,CE1,-0.9365654844737312,6.535166604626475,1.4887788905238866
174,1cri_cofactor.pdb,1cri_cofactor.pdb,A,HIS,23,NE2,-1.364827060280757,6.046675366077395,0.3270499481941682
175,1cri_cofactor.pdb,1cri_cofactor.pdb,A,THR,24,N,4.738858756006016,8.50259492748321,0.0935607701556766
176,1cri_cofactor.pdb,1cri_cofactor.pdb,A,THR,24,CA,6.194498434830842,8.386770685219258,0.0693272211984176
177,1cri_cofactor.pdb,1cri_cofactor.pdb,A,THR,24,C,6.4730046303703,7.220305186951121,1.0232127536797622
178,1cri_cofactor.pdb,1cri_cofactor.pdb,A,THR,24,O,5.619994662001103,6.870462969605307,1.8497347298969644
179,1cri_cofactor.pdb,1cri_cofactor.pdb,A,THR,24,CB,6.912916635877902,9.65737132048157,0.5796791809530435
180,1cri_cofactor.pdb,1cri_cofactor.pdb,A,THR,24,OG1,6.445431812033133,10.000905190250023,1.8894252602108603
181,1cri_cofactor.pdb,1cri_cofactor.pdb,A,THR,24,CG2,6.665404859386126,10.823895280795538,-0.3747968606512746
182,1cri_cofactor.pdb,1cri_cofactor.pdb,A,VAL,25,N,7.658458378076021,6.603658746837751,0.9144188986155432
183,1cri_cofactor.pdb,1cri_cofactor.pdb,A,VAL,25,CA,7.99809134710979,5.467162929484201,1.7757229083658084
184,1cri_cofactor.pdb,1cri_cofactor.pdb,A,VAL,25,C,9.229619887536709,5.653814881603062,2.6541917053099624
185,1cri_cofactor.pdb,1cri_cofactor.pdb,A,VAL,25,O,9.405445173102558,4.92783193790575,3.632782608330493
186,1cri_cofactor.pdb,1cri_cofactor.pdb,A,VAL,25,CB,8.219231375120284,4.177973079246133,0.9449089638380664
187,1cri_cofactor.pdb,1cri_cofactor.pdb,A,VAL,25,CG1,6.917969605477614,3.753847937552013,0.2792423150405412
188,1cri_cofactor.pdb,1cri_cofactor.pdb,A,VAL,25,CG2,9.31338895882032,4.403654964428849,-0.0970375958846631
189,1cri_cofactor.pdb,1cri_cofactor.pdb,A,GLU,26,N,10.083261067615627,6.611612551917411,2.3234633554781405
190,1cri_cofactor.pdb,1cri_cofactor.pdb,A,GLU,26,CA,11.3150526635927,6.811846479389921,3.078172487343555
191,1cri_cofactor.pdb,1cri_cofactor.pdb,A,GLU,26,C,11.115664954312551,7.457393106935284,4.446179927746777
192,1cri_cofactor.pdb,1cri_cofactor.pdb,A,GLU,26,O,10.142114717586091,8.169879046951644,4.684591114185435
193,1cri_cofactor.pdb,1cri_cofactor.pdb,A,GLU,26,CB,12.312688651140183,7.642082695973939,2.260220772138006
194,1cri_cofactor.pdb,1cri_cofactor.pdb,A,GLU,26,CG,11.972330004725936,9.121264366335488,2.1306014425435813
195,1cri_cofactor.pdb,1cri_cofactor.pdb,A,GLU,26,CD,11.012879268436048,9.44071296087455,0.9943777251120152
196,1cri_cofactor.pdb,1cri_cofactor.pdb,A,GLU,26,OE1,10.280434602887764,8.545191779592374,0.5305721695934074
197,1cri_cofactor.pdb,1cri_cofactor.pdb,A,GLU,26,OE2,10.999753030535866,10.615790987016675,0.5568782743320723
198,1cri_cofactor.pdb,1cri_cofactor.pdb,A,LYS,27,N,12.049708073386467,7.179784512456394,5.365512354111925
199,1cri_cofactor.pdb,1cri_cofactor.pdb,A,LYS,27,CA,11.99357375396541,7.750625581485986,6.704084149297284
200,1cri_cofactor.pdb,1cri_cofactor.pdb,A,LYS,27,C,12.043616284192066,9.26618639134562,6.583561553944129
201,1cri_cofactor.pdb,1cri_cofactor.pdb,A,LYS,27,O,12.906432496035164,9.817713821602286,5.911030144426992
202,1cri_cofactor.pdb,1cri_cofactor.pdb,A,LYS,27,CB,13.166469678114344,7.248856747523545,7.545090190305933
203,1cri_cofactor.pdb,1cri_cofactor.pdb,A,LYS,27,CG,13.16992546289067,7.76814029999024,8.980045776650739
204,1cri_cofactor.pdb,1cri_cofactor.pdb,A,LYS,27,CD,14.145679282582975,6.997160856433614,9.864747600700666
205,1cri_cofactor.pdb,1cri_cofactor.pdb,A,LYS,27,CE,15.572299793628744,7.067408395864867,9.34846795978358
206,1cri_cofactor.pdb,1cri_cofactor.pdb,A,LYS,27,NZ,16.512799645717514,6.301329615415455,10.212235912983546
207,1cri_cofactor.pdb,1cri_cofactor.pdb,A,GLY,28,N,11.092841953725063,9.9298109378503,7.226954070663103
208,1cri_cofactor.pdb,1cri_cofactor.pdb,A,GLY,28,CA,11.046360204801845,11.382429313397523,7.175143123588781
209,1cri_cofactor.pdb,1cri_cofactor.pdb,A,GLY,28,C,10.454861893033554,11.93359312155705,5.8883929844161305
210,1cri_cofactor.pdb,1cri_cofactor.pdb,A,GLY,28,O,10.473227746209789,13.144800378986302,5.664799744547165
211,1cri_cofactor.pdb,1cri_cofactor.pdb,A,GLY,29,N,9.931317764847549,11.047593585551336,5.043916457806501
212,1cri_cofactor.pdb,1cri_cofactor.pdb,A,GLY,29,CA,9.346194584123104,11.485462534032164,3.7891309382256937
213,1cri_cofactor.pdb,1cri_cofactor.pdb,A,GLY,29,C,8.105808210656084,12.32724173183328,4.048290757174383
214,1cri_cofactor.pdb,1cri_cofactor.pdb,A,GLY,29,O,7.455541657925165,12.186261689179894,5.081996740794983
215,1cri_cofactor.pdb,1cri_cofactor.pdb,A,PRO,30,N,7.766852036428084,13.22399032251016,3.117117453822224
216,1cri_cofactor.pdb,1cri_cofactor.pdb,A,PRO,30,CA,6.602293287863346,14.09405705949752,3.301585193831435
217,1cri_cofactor.pdb,1cri_cofactor.pdb,A,PRO,30,C,5.257483011815916,13.406427309586071,3.1283380563086163
218,1cri_cofactor.pdb,1cri_cofactor.pdb,A,PRO,30,O,5.13194826749774,12.39609709060645,2.432367613641256
219,1cri_cofactor.pdb,1cri_cofactor.pdb,A,PRO,30,CB,6.818298079173976,15.171072001652902,2.2438789893491413
220,1cri_cofactor.pdb,1cri_cofactor.pdb,A,PRO,30,CG,7.421611317339868,14.382451163244534,1.1180348162244993
221,1cri_cofactor.pdb,1cri_cofactor.pdb,A,PRO,30,CD,8.441453825247088,13.517724079696466,1.8348898781421732
222,1cri_cofactor.pdb,1cri_cofactor.pdb,A,HIS,31,N,4.253214564341991,13.957606275560096,3.790926779217667
223,1cri_cofactor.pdb,1cri_cofactor.pdb,A,HIS,31,CA,2.897372590527989,13.470408598892446,3.62947926416906
224,1cri_cofactor.pdb,1cri_cofactor.pdb,A,HIS,31,C,2.43916244069308,14.15141190980044,2.3459007141113424
225,1cri_cofactor.pdb,1cri_cofactor.pdb,A,HIS,31,O,2.82948756663201,15.2944841745922,2.0724565434193143
226,1cri_cofactor.pdb,1cri_cofactor.pdb,A,HIS,31,CB,2.0039791051923324,13.923670901512516,4.784605344844403
227,1cri_cofactor.pdb,1cri_cofactor.pdb,A,HIS,31,CG,2.381861362965095,13.353799880964436,6.113725814949637
228,1cri_cofactor.pdb,1cri_cofactor.pdb,A,HIS,31,ND1,2.5780713843333496,12.002987607910075,6.314220788079212
229,1cri_cofactor.pdb,1cri_cofactor.pdb,A,HIS,31,CD2,2.5778013619370386,13.94801751732664,7.317163103492576
230,1cri_cofactor.pdb,1cri_cofactor.pdb,A,HIS,31,CE1,2.880065450245457,11.788574233271556,7.578900072882386
231,1cri_cofactor.pdb,1cri_cofactor.pdb,A,HIS,31,NE2,2.8858644394249184,12.953927788394124,8.215666734999354
232,1cri_cofactor.pdb,1cri_cofactor.pdb,A,LYS,32,N,1.628436216760084,13.44790446052184,1.562057860889914
233,1cri_cofactor.pdb,1cri_cofactor.pdb,A,LYS,32,CA,1.1020113805530565,14.02211688564796,0.3232164011445444
234,1cri_cofactor.pdb,1cri_cofactor.pdb,A,LYS,32,C,-0.4138758525508317,13.9757770576511,0.4763019656054911
235,1cri_cofactor.pdb,1cri_cofactor.pdb,A,LYS,32,O,-0.9353301714932096,14.4062811468835,1.507153139794057
236,1cri_cofactor.pdb,1cri_cofactor.pdb,A,LYS,32,CB,1.6356883094129937,13.218686763684453,-0.872452259572217
237,1cri_cofactor.pdb,1cri_cofactor.pdb,A,LYS,32,CG,3.161038406985106,13.338918084756925,-1.014241126109527
238,1cri_cofactor.pdb,1cri_cofactor.pdb,A,LYS,32,CD,3.753653149697537,12.376890961671393,-2.0212581802427616
239,1cri_cofactor.pdb,1cri_cofactor.pdb,A,LYS,32,CE,3.3446038381983216,12.693340873699402,-3.448690918611271
240,1cri_cofactor.pdb,1cri_cofactor.pdb,A,LYS,32,NZ,4.013185228394636,11.786694378608924,-4.42383030348763
241,1cri_cofactor.pdb,1cri_cofactor.pdb,A,VAL,33,N,-1.1243169840918883,13.444585668050498,-0.5100400621467404
242,1cri_cofactor.pdb,1cri_cofactor.pdb,A,VAL,33,CA,-2.5658915191806884,13.305474289844865,-0.3539602348802422
243,1cri_cofactor.pdb,1cri_cofactor.pdb,A,VAL,33,C,-2.7592646861844536,12.272635722328138,0.7546988439244056
244,1cri_cofactor.pdb,1cri_cofactor.pdb,A,VAL,33,O,-3.662248803867744,12.389240469261456,1.5909334205858467
245,1cri_cofactor.pdb,1cri_cofactor.pdb,A,VAL,33,CB,-3.2226127663043784,12.808877705430794,-1.6638167156460155
246,1cri_cofactor.pdb,1cri_cofactor.pdb,A,VAL,33,CG1,-4.6777126485959695,12.449988613287289,-1.4149242764748842
247,1cri_cofactor.pdb,1cri_cofactor.pdb,A,VAL,33,CG2,-3.131199005914327,13.900825167580397,-2.729529762673024
248,1cri_cofactor.pdb,1cri_cofactor.pdb,A,GLY,34,N,-1.8777017546785568,11.260335342006297,0.7605255067362126
249,1cri_cofactor.pdb,1cri_cofactor.pdb,A,GLY,34,CA,-1.9180697873999448,10.219217900039355,1.7705646985437786
250,1cri_cofactor.pdb,1cri_cofactor.pdb,A,GLY,34,C,-0.6882135393468395,10.319112110720283,2.659248720562115
251,1cri_cofactor.pdb,1cri_cofactor.pdb,A,GLY,34,O,0.2524383345510333,11.046132494338734,2.340644889521412
252,1cri_cofactor.pdb,1cri_cofactor.pdb,A,PRO,35,N,-0.6783891718802321,9.599695821081813,3.790857938386909
253,1cri_cofactor.pdb,1cri_cofactor.pdb,A,PRO,35,CA,0.4515729917001669,9.655285300690291,4.725663635382973
254,1cri_cofactor.pdb,1cri_cofactor.pdb,A,PRO,35,C,1.7243100096306816,8.954219913140307,4.261523069831301
255,1cri_cofactor.pdb,1cri_cofactor.pdb,A,PRO,35,O,1.693744548460269,8.039487108124382,3.43707278717382
256,1cri_cofactor.pdb,1cri_cofactor.pdb,A,PRO,35,CB,-0.1202645139926518,8.993325368081837,5.977888322001256
257,1cri_cofactor.pdb,1cri_cofactor.pdb,A,PRO,35,CG,-0.9994648158370898,7.9158364083030035,5.396564259122907
258,1cri_cofactor.pdb,1cri_cofactor.pdb,A,PRO,35,CD,-1.7161709779779486,8.655665168850152,4.274928278834131
259,1cri_cofactor.pdb,1cri_cofactor.pdb,A,ASN,36,N,2.859444370280165,9.397163012127312,4.8002977095294295
260,1cri_cofactor.pdb,1cri_cofactor.pdb,A,ASN,36,CA,4.147214455689956,8.761311143563537,4.540833488587984
261,1cri_cofactor.pdb,1cri_cofactor.pdb,A,ASN,36,C,3.971001674676269,7.357903215251131,5.130862890228644
262,1cri_cofactor.pdb,1cri_cofactor.pdb,A,ASN,36,O,3.3278080319223937,7.205896717527325,6.179073855842781
263,1cri_cofactor.pdb,1cri_cofactor.pdb,A,ASN,36,CB,5.260745936471945,9.513892325206532,5.2707261816149416
264,1cri_cofactor.pdb,1cri_cofactor.pdb,A,ASN,36,CG,6.562257397673834,8.743585770592334,5.3246231504715285
265,1cri_cofactor.pdb,1cri_cofactor.pdb,A,ASN,36,OD1,6.952589573150418,8.237109732086964,6.373557728010314
266,1cri_cofactor.pdb,1cri_cofactor.pdb,A,ASN,36,ND2,7.233881144550881,8.642344879428462,4.186883528177339
267,1cri_cofactor.pdb,1cri_cofactor.pdb,A,LEU,37,N,4.528105826757455,6.34649796431461,4.465160751221613
268,1cri_cofactor.pdb,1cri_cofactor.pdb,A,LEU,37,CA,4.352611844184688,4.964874753043037,4.910418299813809
269,1cri_cofactor.pdb,1cri_cofactor.pdb,A,LEU,37,C,5.53665166643839,4.322195087586145,5.632937487909688
270,1cri_cofactor.pdb,1cri_cofactor.pdb,A,LEU,37,O,5.525271526489311,3.118218041325755,5.898814589087292
271,1cri_cofactor.pdb,1cri_cofactor.pdb,A,LEU,37,CB,3.962371560967688,4.089494552998734,3.712283074599248
272,1cri_cofactor.pdb,1cri_cofactor.pdb,A,LEU,37,CG,2.7239187766494366,4.538496390575317,2.93221038592682
273,1cri_cofactor.pdb,1cri_cofactor.pdb,A,LEU,37,CD1,2.506308581028428,3.623875732811812,1.7310649787989538
274,1cri_cofactor.pdb,1cri_cofactor.pdb,A,LEU,37,CD2,1.496450426916621,4.527143133836748,3.840008961800501
275,1cri_cofactor.pdb,1cri_cofactor.pdb,A,HIS,38,N,6.548289738386386,5.109881360587715,5.9883141088516405
276,1cri_cofactor.pdb,1cri_cofactor.pdb,A,HIS,38,CA,7.701305797841132,4.53775142151895,6.674593882053108
277,1cri_cofactor.pdb,1cri_cofactor.pdb,A,HIS,38,C,7.266062565660873,3.902302761392801,7.991573090466241
278,1cri_cofactor.pdb,1cri_cofactor.pdb,A,HIS,38,O,6.522634575452832,4.50252770619238,8.770191151106225
279,1cri_cofactor.pdb,1cri_cofactor.pdb,A,HIS,38,CB,8.76372916702066,5.598365324394509,6.962567477368782
280,1cri_cofactor.pdb,1cri_cofactor.pdb,A,HIS,38,CG,10.003982339106985,5.027732435657432,7.586074636344521
281,1cri_cofactor.pdb,1cri_cofactor.pdb,A,HIS,38,ND1,10.903642832549108,4.260822527960586,6.875986319406202
282,1cri_cofactor.pdb,1cri_cofactor.pdb,A,HIS,38,CD2,10.44573459903182,5.0382220820696935,8.866092619296612
283,1cri_cofactor.pdb,1cri_cofactor.pdb,A,HIS,38,CE1,11.8522695629816,3.8325528642177,7.697181954649755
284,1cri_cofactor.pdb,1cri_cofactor.pdb,A,HIS,38,NE2,11.595613521265795,4.290880692493953,8.910867483433554
285,1cri_cofactor.pdb,1cri_cofactor.pdb,A,GLY,39,N,7.742253846270629,2.6843166336862243,8.233944922907442
286,1cri_cofactor.pdb,1cri_cofactor.pdb,A,GLY,39,CA,7.420259107054532,1.9919425094679877,9.474143685049954
287,1cri_cofactor.pdb,1cri_cofactor.pdb,A,GLY,39,C,6.006646651601492,1.4430389793589573,9.55800809988449
288,1cri_cofactor.pdb,1cri_cofactor.pdb,A,GLY,39,O,5.541142058162002,1.1009622014594524,10.648714341283217
289,1cri_cofactor.pdb,1cri_cofactor.pdb,A,ILE,40,N,5.32546571157028,1.361061173154938,8.42174473991664
290,1cri_cofactor.pdb,1cri_cofactor.pdb,A,ILE,40,CA,3.93698327730334,0.9121726456929632,8.41212970172822
291,1cri_cofactor.pdb,1cri_cofactor.pdb,A,ILE,40,C,3.695330100245762,-0.4997911239396764,8.963516793370014
292,1cri_cofactor.pdb,1cri_cofactor.pdb,A,ILE,40,O,2.732554477344661,-0.7146498982428746,9.703430114557994
293,1cri_cofactor.pdb,1cri_cofactor.pdb,A,ILE,40,CB,3.334954387797695,1.0271056618868657,6.979237193176916
294,1cri_cofactor.pdb,1cri_cofactor.pdb,A,ILE,40,CG1,1.8177669684424635,0.8206364501908622,7.015772839964776
295,1cri_cofactor.pdb,1cri_cofactor.pdb,A,ILE,40,CG2,3.99393145749877,0.0398749914524807,6.028734067060917
296,1cri_cofactor.pdb,1cri_cofactor.pdb,A,ILE,40,CD1,1.083022204797264,1.9281379101031315,7.7455943164565
297,1cri_cofactor.pdb,1cri_cofactor.pdb,A,PHE,41,N,4.565689857770454,-1.4590434613856866,8.62863858345631
298,1cri_cofactor.pdb,1cri_cofactor.pdb,A,PHE,41,CA,4.372683354028604,-2.818209977439896,9.122259680641946
299,1cri_cofactor.pdb,1cri_cofactor.pdb,A,PHE,41,C,4.7100960330421975,-2.915325471149337,10.60334473448664
300,1cri_cofactor.pdb,1cri_cofactor.pdb,A,PHE,41,O,5.770824882136141,-2.482443586707098,11.039208755887442
301,1cri_cofactor.pdb,1cri_cofactor.pdb,A,PHE,41,CB,5.206423802516097,-3.803967920290116,8.303519466790952
302,1cri_cofactor.pdb,1cri_cofactor.pdb,A,PHE,41,CG,4.719078352255632,-3.957917667834199,6.886894136356132
303,1cri_cofactor.pdb,1cri_cofactor.pdb,A,PHE,41,CD1,3.5567095079656283,-4.677224951951006,6.613289624832171
304,1cri_cofactor.pdb,1cri_cofactor.pdb,A,PHE,41,CD2,5.383871238060499,-3.3299898921706443,5.836417094866883
305,1cri_cofactor.pdb,1cri_cofactor.pdb,A,PHE,41,CE1,3.0666106825673065,-4.770739847544772,5.313997477336603
306,1cri_cofactor.pdb,1cri_cofactor.pdb,A,PHE,41,CE2,4.895934461223999,-3.420005233212792,4.534112134580663
307,1cri_cofactor.pdb,1cri_cofactor.pdb,A,PHE,41,CZ,3.7343470829457086,-4.140124746855021,4.276054651878476
308,1cri_cofactor.pdb,1cri_cofactor.pdb,A,GLY,42,N,3.782695023981693,-3.4666281920421085,11.371174548712236
309,1cri_cofactor.pdb,1cri_cofactor.pdb,A,GLY,42,CA,3.978133080285232,-3.5843388375900918,12.805451762431549
310,1cri_cofactor.pdb,1cri_cofactor.pdb,A,GLY,42,C,3.4424548509906328,-2.3782283902274566,13.560326879913775
311,1cri_cofactor.pdb,1cri_cofactor.pdb,A,GLY,42,O,3.679872423157193,-2.240734870653159,14.762898401004886
312,1cri_cofactor.pdb,1cri_cofactor.pdb,A,ARG,43,N,2.722473870398712,-1.5042871994332192,12.856279767096508
313,1cri_cofactor.pdb,1cri_cofactor.pdb,A,ARG,43,CA,2.142372063574021,-0.3062802103081786,13.458022043622597
314,1cri_cofactor.pdb,1cri_cofactor.pdb,A,ARG,43,C,0.6311588202396239,-0.3182106186659058,13.224637342828446
315,1cri_cofactor.pdb,1cri_cofactor.pdb,A,ARG,43,O,0.161356369506889,-0.801811651158153,12.199741732946244
316,1cri_cofactor.pdb,1cri_cofactor.pdb,A,ARG,43,CB,2.7573337340094497,0.94690406127303,12.816861449886934
317,1cri_cofactor.pdb,1cri_cofactor.pdb,A,ARG,43,CG,2.341761651840307,2.264359761613454,13.463656209659796
318,1cri_cofactor.pdb,1cri_cofactor.pdb,A,ARG,43,CD,3.125343783635586,3.4343313509221423,12.865435468650055
319,1cri_cofactor.pdb,1cri_cofactor.pdb,A,ARG,43,NE,2.7283549324059213,3.7444433539872977,11.49803934581822
320,1cri_cofactor.pdb,1cri_cofactor.pdb,A,ARG,43,CZ,3.4691161085758986,4.43953762764842,10.631525006636677
321,1cri_cofactor.pdb,1cri_cofactor.pdb,A,ARG,43,NH1,4.669344573029507,4.878688164621231,10.99124024824271
322,1cri_cofactor.pdb,1cri_cofactor.pdb,A,ARG,43,NH2,3.013769152099822,4.6892198625474535,9.410936847740157
323,1cri_cofactor.pdb,1cri_cofactor.pdb,A,HIS,44,N,-0.1286770649845936,0.1933505277496182,14.184876910595868
324,1cri_cofactor.pdb,1cri_cofactor.pdb,A,HIS,44,CA,-1.576688254199021,0.238232489657796,14.03329045874958
325,1cri_cofactor.pdb,1cri_cofactor.pdb,A,HIS,44,C,-1.988026454389051,1.269511416180189,12.982733126771544
326,1cri_cofactor.pdb,1cri_cofactor.pdb,A,HIS,44,O,-1.2788524911260628,2.2504077433468384,12.748075746145018
327,1cri_cofactor.pdb,1cri_cofactor.pdb,A,HIS,44,CB,-2.2385234832659244,0.5518313565537144,15.370923538721046
328,1cri_cofactor.pdb,1cri_cofactor.pdb,A,HIS,44,CG,-2.2074522760643545,-0.5936384272568178,16.335257698792812
329,1cri_cofactor.pdb,1cri_cofactor.pdb,A,HIS,44,ND1,-3.144686432630216,-1.6031652067984463,16.31360490556402
330,1cri_cofactor.pdb,1cri_cofactor.pdb,A,HIS,44,CD2,-1.3423580249227165,-0.92034429090171,17.315691330640433
331,1cri_cofactor.pdb,1cri_cofactor.pdb,A,HIS,44,CE1,-2.8504454674074937,-2.4937028165314734,17.242139857296984
332,1cri_cofactor.pdb,1cri_cofactor.pdb,A,HIS,44,NE2,-1.757497082537877,-2.1091852608709374,17.865654125651925
333,1cri_cofactor.pdb,1cri_cofactor.pdb,A,SER,45,N,-3.132308180483602,1.0363567346957727,12.343852841803388
334,1cri_cofactor.pdb,1cri_cofactor.pdb,A,SER,45,CA,-3.6285140408958303,1.9294244932260936,11.30751292735112
335,1cri_cofactor.pdb,1cri_cofactor.pdb,A,SER,45,C,-3.895076913124147,3.3458930867332315,11.81248376704533
336,1cri_cofactor.pdb,1cri_cofactor.pdb,A,SER,45,O,-4.296729251838579,3.5454370310324537,12.961084711707327
337,1cri_cofactor.pdb,1cri_cofactor.pdb,A,SER,45,CB,-4.905035741201858,1.3513800872546282,10.681956251317368
338,1cri_cofactor.pdb,1cri_cofactor.pdb,A,SER,45,OG,-5.933983547308779,1.2012237980980045,11.647003469676248
339,1cri_cofactor.pdb,1cri_cofactor.pdb,A,GLY,46,N,-3.654888975905168,4.320895449548963,10.928451793292147
340,1cri_cofactor.pdb,1cri_cofactor.pdb,A,GLY,46,CA,-3.890559964857235,5.713465774412342,11.27085338389366
341,1cri_cofactor.pdb,1cri_cofactor.pdb,A,GLY,46,C,-2.9636227475479675,6.319523323628888,12.307339680478506
342,1cri_cofactor.pdb,1cri_cofactor.pdb,A,GLY,46,O,-3.3905329931852286,7.187599883238482,13.070921404576088
343,1cri_cofactor.pdb,1cri_cofactor.pdb,A,GLN,47,N,-1.7022400194044591,5.886585936084257,12.324345987487929
344,1cri_cofactor.pdb,1cri_cofactor.pdb,A,GLN,47,CA,-0.7683295330219222,6.372233123342135,13.340489694741684
345,1cri_cofactor.pdb,1cri_cofactor.pdb,A,GLN,47,C,0.4621489991872289,7.160874938873492,12.878941373442723
346,1cri_cofactor.pdb,1cri_cofactor.pdb,A,GLN,47,O,1.3071696552288217,7.506947579300276,13.704706752473628
347,1cri_cofactor.pdb,1cri_cofactor.pdb,A,GLN,47,CB,-0.3039844816695304,5.190519776222258,14.201265938051945
348,1cri_cofactor.pdb,1cri_cofactor.pdb,A,GLN,47,CG,-1.4277641246489616,4.506243951273315,14.96314312624664
349,1cri_cofactor.pdb,1cri_cofactor.pdb,A,GLN,47,CD,-2.153810948467914,5.458113926335979,15.891822112611203
350,1cri_cofactor.pdb,1cri_cofactor.pdb,A,GLN,47,OE1,-1.5425940051508318,6.103017475987788,16.743219649985882
351,1cri_cofactor.pdb,1cri_cofactor.pdb,A,GLN,47,NE2,-3.4704154767711985,5.557899174398062,15.735340620178782
352,1cri_cofactor.pdb,1cri_cofactor.pdb,A,ALA,48,N,0.5710777393881917,7.479055697312387,11.589572504632862
353,1cri_cofactor.pdb,1cri_cofactor.pdb,A,ALA,48,CA,1.7197643603182085,8.260002249823911,11.127102183776415
354,1cri_cofactor.pdb,1cri_cofactor.pdb,A,ALA,48,C,1.6206092468754731,9.645563316857343,11.769074680855145
355,1cri_cofactor.pdb,1cri_cofactor.pdb,A,ALA,48,O,0.5443686338840124,10.245320992386551,11.815152297089131
356,1cri_cofactor.pdb,1cri_cofactor.pdb,A,ALA,48,CB,1.7199037030072308,8.385770113361973,9.608548210402434
357,1cri_cofactor.pdb,1cri_cofactor.pdb,A,GLU,49,N,2.739025127720092,10.141031742373826,12.275544177051112
358,1cri_cofactor.pdb,1cri_cofactor.pdb,A,GLU,49,CA,2.7816504923182075,11.44573326834981,12.92700290111182
359,1cri_cofactor.pdb,1cri_cofactor.pdb,A,GLU,49,C,2.530819421359855,12.59726321259405,11.95936835094923
360,1cri_cofactor.pdb,1cri_cofactor.pdb,A,GLU,49,O,3.046966399565395,12.612827302277386,10.845388652427882
361,1cri_cofactor.pdb,1cri_cofactor.pdb,A,GLU,49,CB,4.1452598621089,11.641110543176811,13.592440489753216
362,1cri_cofactor.pdb,1cri_cofactor.pdb,A,GLU,49,CG,4.491397805367704,10.59273784814249,14.634768673607446
363,1cri_cofactor.pdb,1cri_cofactor.pdb,A,GLU,49,CD,5.95756260951042,10.61843035964656,15.043638877885291
364,1cri_cofactor.pdb,1cri_cofactor.pdb,A,GLU,49,OE1,6.658728218666991,11.601446495595532,14.7207356801982
365,1cri_cofactor.pdb,1cri_cofactor.pdb,A,GLU,49,OE2,6.416835180792585,9.643704279776918,15.680852163642212
366,1cri_cofactor.pdb,1cri_cofactor.pdb,A,GLY,50,N,1.731471151376281,13.563546891630248,12.394854440945576
367,1cri_cofactor.pdb,1cri_cofactor.pdb,A,GLY,50,CA,1.4667589819108855,14.738875196432751,11.578315309152176
368,1cri_cofactor.pdb,1cri_cofactor.pdb,A,GLY,50,C,0.5491204681302927,14.610066381357507,10.376625130973608
369,1cri_cofactor.pdb,1cri_cofactor.pdb,A,GLY,50,O,0.5550255425002927,15.481801333050123,9.506885240965545
370,1cri_cofactor.pdb,1cri_cofactor.pdb,A,TYR,51,N,-0.2351439633113529,13.53840369829692,10.31856585703091
371,1cri_cofactor.pdb,1cri_cofactor.pdb,A,TYR,51,CA,-1.1713358198274144,13.36171215181109,9.2102401603455
372,1cri_cofactor.pdb,1cri_cofactor.pdb,A,TYR,51,C,-2.5984117250313203,13.283262326181632,9.747531917870727
373,1cri_cofactor.pdb,1cri_cofactor.pdb,A,TYR,51,O,-2.8464358723535743,12.63602153136596,10.76466496323729
374,1cri_cofactor.pdb,1cri_cofactor.pdb,A,TYR,51,CB,-0.8597587283235752,12.08882507354277,8.420111532493793
375,1cri_cofactor.pdb,1cri_cofactor.pdb,A,TYR,51,CG,-1.7730102039886384,11.9106210057218,7.225267326148562
376,1cri_cofactor.pdb,1cri_cofactor.pdb,A,TYR,51,CD1,-1.5481435129618928,12.605192089546588,6.035410343290301
377,1cri_cofactor.pdb,1cri_cofactor.pdb,A,TYR,51,CD2,-2.907076807332998,11.105906075690612,7.314514214648411
378,1cri_cofactor.pdb,1cri_cofactor.pdb,A,TYR,51,CE1,-2.4302462473712168,12.507737520385142,4.966325302940148
379,1cri_cofactor.pdb,1cri_cofactor.pdb,A,TYR,51,CE2,-3.801598788842943,11.001127334878268,6.2499155673276885
380,1cri_cofactor.pdb,1cri_cofactor.pdb,A,TYR,51,CZ,-3.5595711844174898,11.708389629717006,5.081470533686435
381,1cri_cofactor.pdb,1cri_cofactor.pdb,A,TYR,51,OH,-4.447402092648884,11.623139328647754,4.034729120048541
382,1cri_cofactor.pdb,1cri_cofactor.pdb,A,SER,52,N,-3.520304673022284,13.949004435799887,9.063015174570513
383,1cri_cofactor.pdb,1cri_cofactor.pdb,A,SER,52,CA,-4.926124885850435,13.951674417884403,9.484423996500292
384,1cri_cofactor.pdb,1cri_cofactor.pdb,A,SER,52,C,-5.702346361028721,12.823957904088164,8.806153370321061
385,1cri_cofactor.pdb,1cri_cofactor.pdb,A,SER,52,O,-6.095617752585039,12.938896987876037,7.644867819048391
386,1cri_cofactor.pdb,1cri_cofactor.pdb,A,SER,52,CB,-5.573002069265648,15.297558095999804,9.1459805248139
387,1cri_cofactor.pdb,1cri_cofactor.pdb,A,SER,52,OG,-6.900989844327502,15.35624300237923,9.64647974179022
388,1cri_cofactor.pdb,1cri_cofactor.pdb,A,TYR,53,N,-5.908840878690649,11.745849689545746,9.546491467350076
389,1cri_cofactor.pdb,1cri_cofactor.pdb,A,TYR,53,CA,-6.63533118568258,10.577332423045622,9.059631665869258
390,1cri_cofactor.pdb,1cri_cofactor.pdb,A,TYR,53,C,-8.133915253988985,10.696548750923611,9.295943978023086
391,1cri_cofactor.pdb,1cri_cofactor.pdb,A,TYR,53,O,-8.583853107834013,11.529894155709297,10.085303581763409
392,1cri_cofactor.pdb,1cri_cofactor.pdb,A,TYR,53,CB,-6.18174275108726,9.3363315613827,9.820601252088313
393,1cri_cofactor.pdb,1cri_cofactor.pdb,A,TYR,53,CG,-4.770626689995251,8.868954414940363,9.596735309029814
394,1cri_cofactor.pdb,1cri_cofactor.pdb,A,TYR,53,CD1,-4.480804781866084,7.963936199975123,8.577045390734067
395,1cri_cofactor.pdb,1cri_cofactor.pdb,A,TYR,53,CD2,-3.744354777919432,9.258630538482311,10.450207756941454
396,1cri_cofactor.pdb,1cri_cofactor.pdb,A,TYR,53,CE1,-3.195702971576805,7.455234392784264,8.413890580986001
397,1cri_cofactor.pdb,1cri_cofactor.pdb,A,TYR,53,CE2,-2.452148967751883,8.758657278388723,10.293326376953084
398,1cri_cofactor.pdb,1cri_cofactor.pdb,A,TYR,53,CZ,-2.185740142280739,7.852534876369974,9.277457079915212
399,1cri_cofactor.pdb,1cri_cofactor.pdb,A,TYR,53,OH,-0.9172701450251182,7.340929316034075,9.133510239714466
400,1cri_cofactor.pdb,1cri_cofactor.pdb,A,THR,54,N,-8.901997287336812,9.841166815143186,8.642106856829852
401,1cri_cofactor.pdb,1cri_cofactor.pdb,A,THR,54,CA,-10.336516859744483,9.776901915188631,8.888187140642996
402,1cri_cofactor.pdb,1cri_cofactor.pdb,A,THR,54,C,-10.484559147021471,9.015027700191526,10.205348298413806
403,1cri_cofactor.pdb,1cri_cofactor.pdb,A,THR,54,O,-9.581054765503971,8.278637727763925,10.611749740614748
404,1cri_cofactor.pdb,1cri_cofactor.pdb,A,THR,54,CB,-11.080788263645204,8.964657127066706,7.811677240105612
405,1cri_cofactor.pdb,1cri_cofactor.pdb,A,THR,54,OG1,-10.506506029766204,7.645648214671421,7.737619253103941
406,1cri_cofactor.pdb,1cri_cofactor.pdb,A,THR,54,CG2,-10.994112018907952,9.64506042261439,6.452437806087676
407,1cri_cofactor.pdb,1cri_cofactor.pdb,A,ASP,55,N,-11.619234365386363,9.181949626491736,10.861745578084108
408,1cri_cofactor.pdb,1cri_cofactor.pdb,A,ASP,55,CA,-11.847032419371484,8.441225666877566,12.101435650044758
409,1cri_cofactor.pdb,1cri_cofactor.pdb,A,ASP,55,C,-11.94947611177624,6.955051220758522,11.76380752128437
410,1cri_cofactor.pdb,1cri_cofactor.pdb,A,ASP,55,O,-11.582852131780204,6.0989230056345,12.569519256777811
411,1cri_cofactor.pdb,1cri_cofactor.pdb,A,ASP,55,CB,-13.142553979597684,8.888981335510756,12.78040060553945
412,1cri_cofactor.pdb,1cri_cofactor.pdb,A,ASP,55,CG,-13.044051183203011,10.279274458946508,13.392809863812875
413,1cri_cofactor.pdb,1cri_cofactor.pdb,A,ASP,55,OD1,-11.92168284183514,10.735486387594392,13.677639603834498
414,1cri_cofactor.pdb,1cri_cofactor.pdb,A,ASP,55,OD2,-14.10529923457693,10.90192173765004,13.603342722242832
415,1cri_cofactor.pdb,1cri_cofactor.pdb,A,ALA,56,N,-12.446215609068936,6.646590044873955,10.566882483028724
416,1cri_cofactor.pdb,1cri_cofactor.pdb,A,ALA,56,CA,-12.612843918632011,5.263419648454535,10.130579427609018
417,1cri_cofactor.pdb,1cri_cofactor.pdb,A,ALA,56,C,-11.32648114657982,4.438189367753456,10.167896247291257
418,1cri_cofactor.pdb,1cri_cofactor.pdb,A,ALA,56,O,-11.31459360101126,3.325532493490832,10.692268946864806
419,1cri_cofactor.pdb,1cri_cofactor.pdb,A,ALA,56,CB,-13.209589802017184,5.232579643675259,8.726658337922427
420,1cri_cofactor.pdb,1cri_cofactor.pdb,A,ILE,57,N,-10.24649632009915,4.9753885683393015,9.602365971895296
421,1cri_cofactor.pdb,1cri_cofactor.pdb,A,ILE,57,CA,-9.002533633143523,4.210991212225024,9.574371352052266
422,1cri_cofactor.pdb,1cri_cofactor.pdb,A,ILE,57,C,-8.349833080993537,4.112570554817941,10.955604302379555
423,1cri_cofactor.pdb,1cri_cofactor.pdb,A,ILE,57,O,-7.651155528726601,3.1403197302861416,11.24941500961611
424,1cri_cofactor.pdb,1cri_cofactor.pdb,A,ILE,57,CB,-8.0151759932699,4.786204095162935,8.526536418345554
425,1cri_cofactor.pdb,1cri_cofactor.pdb,A,ILE,57,CG1,-6.935147103203232,3.745292629662591,8.208110447892755
426,1cri_cofactor.pdb,1cri_cofactor.pdb,A,ILE,57,CG2,-7.3978170828283,6.086580065295548,9.007248586368185
427,1cri_cofactor.pdb,1cri_cofactor.pdb,A,ILE,57,CD1,-6.180662581273038,4.016152980615945,6.925109784002655
428,1cri_cofactor.pdb,1cri_cofactor.pdb,A,ILE,58,N,-8.586961308028421,5.111951907934578,11.800443037218807
429,1cri_cofactor.pdb,1cri_cofactor.pdb,A,ILE,58,CA,-8.057335029418367,5.078100464668237,13.161714931450357
430,1cri_cofactor.pdb,1cri_cofactor.pdb,A,ILE,58,C,-8.805227513323397,4.012164098891457,13.962127810410472
431,1cri_cofactor.pdb,1cri_cofactor.pdb,A,ILE,58,O,-8.193871368152784,3.1939304815999723,14.655251472123076
432,1cri_cofactor.pdb,1cri_cofactor.pdb,A,ILE,58,CB,-8.21503607900807,6.450722203383804,13.85052668280053
433,1cri_cofactor.pdb,1cri_cofactor.pdb,A,ILE,58,CG1,-7.331864955964819,7.489164626416082,13.148772929634866
434,1cri_cofactor.pdb,1cri_cofactor.pdb,A,ILE,58,CG2,-7.844101072136327,6.3482136981559805,15.334468775375951
435,1cri_cofactor.pdb,1cri_cofactor.pdb,A,ILE,58,CD1,-7.541155129455855,8.91227929891784,13.629215122836856
436,1cri_cofactor.pdb,1cri_cofactor.pdb,A,LYS,59,N,-10.133291006176044,4.021515326838445,13.858998021362384
437,1cri_cofactor.pdb,1cri_cofactor.pdb,A,LYS,59,CA,-10.947569496650184,3.055020037045119,14.59384977201747
438,1cri_cofactor.pdb,1cri_cofactor.pdb,A,LYS,59,C,-10.817506410201402,1.6176601431811493,14.09908722213885
439,1cri_cofactor.pdb,1cri_cofactor.pdb,A,LYS,59,O,-11.069619200620831,0.68077130149302,14.857202841278037
440,1cri_cofactor.pdb,1cri_cofactor.pdb,A,LYS,59,CB,-12.416879399629064,3.489924845325869,14.586240004436762
441,1cri_cofactor.pdb,1cri_cofactor.pdb,A,LYS,59,CG,-12.658941129698253,4.749175017736302,15.40477123902418
442,1cri_cofactor.pdb,1cri_cofactor.pdb,A,LYS,59,CD,-14.13495154036817,5.085418138393453,15.52335915835964
443,1cri_cofactor.pdb,1cri_cofactor.pdb,A,LYS,59,CE,-14.346315490462445,6.2869111233079495,16.43689440831683
444,1cri_cofactor.pdb,1cri_cofactor.pdb,A,LYS,59,NZ,-15.790339830897771,6.606348738718955,16.627285583270687
445,1cri_cofactor.pdb,1cri_cofactor.pdb,A,LYS,60,N,-10.415092015272828,1.4326604800216658,12.839487104582256
446,1cri_cofactor.pdb,1cri_cofactor.pdb,A,LYS,60,CA,-10.216488904088392,0.0808377326616401,12.31834871538508
447,1cri_cofactor.pdb,1cri_cofactor.pdb,A,LYS,60,C,-9.172104351478811,-0.5672019944703373,13.224162149635683
448,1cri_cofactor.pdb,1cri_cofactor.pdb,A,LYS,60,O,-9.259630211240944,-1.7514139264752755,13.556260062041522
449,1cri_cofactor.pdb,1cri_cofactor.pdb,A,LYS,60,CB,-9.6989301016762,0.1390046910526097,10.87618512987401
450,1cri_cofactor.pdb,1cri_cofactor.pdb,A,LYS,60,CG,-9.503288674225718,-1.2221593937623108,10.220603672265034
451,1cri_cofactor.pdb,1cri_cofactor.pdb,A,LYS,60,CD,-10.831772519492215,-1.9280850415916448,9.99135891954704
452,1cri_cofactor.pdb,1cri_cofactor.pdb,A,LYS,60,CE,-10.623262007514612,-3.265111876166091,9.300695674110756
453,1cri_cofactor.pdb,1cri_cofactor.pdb,A,LYS,60,NZ,-11.912540848367222,-3.959384470419925,9.013553493358224
454,1cri_cofactor.pdb,1cri_cofactor.pdb,A,ASN,61,N,-8.192031369442981,0.2338952881959176,13.619260282612824
455,1cri_cofactor.pdb,1cri_cofactor.pdb,A,ASN,61,CA,-7.14261869695009,-0.1753261259357256,14.552157544769232
456,1cri_cofactor.pdb,1cri_cofactor.pdb,A,ASN,61,C,-6.488209343583652,-1.530983341747434,14.290585717572828
457,1cri_cofactor.pdb,1cri_cofactor.pdb,A,ASN,61,O,-6.244479240599693,-2.309389521063633,15.214206037939537
458,1cri_cofactor.pdb,1cri_cofactor.pdb,A,ASN,61,CB,-7.702283410569487,-0.1384673342551795,15.985194861359057
459,1cri_cofactor.pdb,1cri_cofactor.pdb,A,ASN,61,CG,-6.621312374951891,-0.1654007697495112,17.04820307069989
460,1cri_cofactor.pdb,1cri_cofactor.pdb,A,ASN,61,OD1,-5.600856806993479,0.5094559722946854,16.925080132383915
461,1cri_cofactor.pdb,1cri_cofactor.pdb,A,ASN,61,ND2,-6.861066752191331,-0.9244849460162072,18.11561189261491
462,1cri_cofactor.pdb,1cri_cofactor.pdb,A,VAL,62,N,-6.171424768653416,-1.8108638938132016,13.01798258097455
463,1cri_cofactor.pdb,1cri_cofactor.pdb,A,VAL,62,CA,-5.506400044884072,-3.069602089465202,12.681444082914094
464,1cri_cofactor.pdb,1cri_cofactor.pdb,A,VAL,62,C,-3.999879945157633,-2.8786210486733266,12.796491649138655
465,1cri_cofactor.pdb,1cri_cofactor.pdb,A,VAL,62,O,-3.480560545537031,-1.792769722280777,12.525921438109956
466,1cri_cofactor.pdb,1cri_cofactor.pdb,A,VAL,62,CB,-5.83049209669152,-3.542516129262812,11.242839697092036
467,1cri_cofactor.pdb,1cri_cofactor.pdb,A,VAL,62,CG1,-7.29655772414984,-3.916784732584932,11.144739317968105
468,1cri_cofactor.pdb,1cri_cofactor.pdb,A,VAL,62,CG2,-5.485944727503175,-2.454563327351642,10.22535973543842
469,1cri_cofactor.pdb,1cri_cofactor.pdb,A,LEU,63,N,-3.3134088656895893,-3.938971727008809,13.21983704571983
470,1cri_cofactor.pdb,1cri_cofactor.pdb,A,LEU,63,CA,-1.861363754604283,-3.905975451102416,13.32338537857879
471,1cri_cofactor.pdb,1cri_cofactor.pdb,A,LEU,63,C,-1.4193821485051603,-4.394470445204347,11.9457942067686
472,1cri_cofactor.pdb,1cri_cofactor.pdb,A,LEU,63,O,-1.5521536254919688,-5.580595409511566,11.631543411329089
473,1cri_cofactor.pdb,1cri_cofactor.pdb,A,LEU,63,CB,-1.382905559037143,-4.872563009607618,14.416591959826842
474,1cri_cofactor.pdb,1cri_cofactor.pdb,A,LEU,63,CG,0.1289311523375212,-4.92173667591293,14.6816774678876
475,1cri_cofactor.pdb,1cri_cofactor.pdb,A,LEU,63,CD1,0.6067538770740749,-3.571579786426094,15.21001696293736
476,1cri_cofactor.pdb,1cri_cofactor.pdb,A,LEU,63,CD2,0.4279388833058143,-6.015529747895158,15.699495647736088
477,1cri_cofactor.pdb,1cri_cofactor.pdb,A,TRP,64,N,-0.9264736075646984,-3.4756239309555905,11.110184940324666
478,1cri_cofactor.pdb,1cri_cofactor.pdb,A,TRP,64,CA,-0.5564186429658411,-3.816299379546164,9.741810285963693
479,1cri_cofactor.pdb,1cri_cofactor.pdb,A,TRP,64,C,0.4652319809492051,-4.942378679287059,9.615788998517928
480,1cri_cofactor.pdb,1cri_cofactor.pdb,A,TRP,64,O,1.547565819210031,-4.885925248014548,10.209766653909986
481,1cri_cofactor.pdb,1cri_cofactor.pdb,A,TRP,64,CB,-0.0273433928674152,-2.578442507623389,9.005952881467994
482,1cri_cofactor.pdb,1cri_cofactor.pdb,A,TRP,64,CG,-1.067878166015865,-1.5321326228482073,8.71679551477606
483,1cri_cofactor.pdb,1cri_cofactor.pdb,A,TRP,64,CD1,-1.0951746558616913,-0.2509432062115142,9.197846202785955
484,1cri_cofactor.pdb,1cri_cofactor.pdb,A,TRP,64,CD2,-2.226403802200958,-1.674358818114227,7.882901579341024
485,1cri_cofactor.pdb,1cri_cofactor.pdb,A,TRP,64,NE1,-2.1939678428300136,0.4154252460846162,8.706720068908291
486,1cri_cofactor.pdb,1cri_cofactor.pdb,A,TRP,64,CE2,-2.909721950157418,-0.4325452431706189,7.900906826154017
487,1cri_cofactor.pdb,1cri_cofactor.pdb,A,TRP,64,CE3,-2.751930434083413,-2.7298199628641875,7.122288422793623
488,1cri_cofactor.pdb,1cri_cofactor.pdb,A,TRP,64,CZ2,-4.092728072372059,-0.2229198383626659,7.1773176056719805
489,1cri_cofactor.pdb,1cri_cofactor.pdb,A,TRP,64,CZ3,-3.936768871681424,-2.515078208229708,6.404654926177116
490,1cri_cofactor.pdb,1cri_cofactor.pdb,A,TRP,64,CH2,-4.590766219350664,-1.2749899454157492,6.439040189277825
491,1cri_cofactor.pdb,1cri_cofactor.pdb,A,ASP,65,N,0.107856145184003,-5.956586150080935,8.824952319893825
492,1cri_cofactor.pdb,1cri_cofactor.pdb,A,ASP,65,CA,1.0029542375034344,-7.059986751578972,8.50734710050939
493,1cri_cofactor.pdb,1cri_cofactor.pdb,A,ASP,65,C,0.7565713800120428,-7.383186017718825,7.0338753289733615
494,1cri_cofactor.pdb,1cri_cofactor.pdb,A,ASP,65,O,-0.1180879544963295,-6.783307384047412,6.4020087876376905
495,1cri_cofactor.pdb,1cri_cofactor.pdb,A,ASP,65,CB,0.783292178488226,-8.288401531870912,9.418784579155826
496,1cri_cofactor.pdb,1cri_cofactor.pdb,A,ASP,65,CG,-0.5955996860036842,-8.91696876528159,9.296645564307749
497,1cri_cofactor.pdb,1cri_cofactor.pdb,A,ASP,65,OD1,-1.2071459127366444,-8.882693703399315,8.216598475279456
498,1cri_cofactor.pdb,1cri_cofactor.pdb,A,ASP,65,OD2,-1.0512313762829522,-9.507692152946737,10.30478511100434
499,1cri_cofactor.pdb,1cri_cofactor.pdb,A,GLU,66,N,1.530054264177822,-8.308982766496717,6.472526054924278
500,1cri_cofactor.pdb,1cri_cofactor.pdb,A,GLU,66,CA,1.4132415405221963,-8.634974418550906,5.056263263535412
501,1cri_cofactor.pdb,1cri_cofactor.pdb,A,GLU,66,C,0.020421241069105,-9.094290351194166,4.636484208427247
502,1cri_cofactor.pdb,1cri_cofactor.pdb,A,GLU,66,O,-0.4534535821349598,-8.742432925863891,3.55279701873828
503,1cri_cofactor.pdb,1cri_cofactor.pdb,A,GLU,66,CB,2.43212531993717,-9.70827853252783,4.669947469424503
504,1cri_cofactor.pdb,1cri_cofactor.pdb,A,GLU,66,CG,3.881196603676046,-9.321715580535631,4.917155496170347
505,1cri_cofactor.pdb,1cri_cofactor.pdb,A,GLU,66,CD,4.388422104206278,-9.759510753230552,6.281407293054302
506,1cri_cofactor.pdb,1cri_cofactor.pdb,A,GLU,66,OE1,3.620567662799634,-9.742374596038404,7.267347922173101
507,1cri_cofactor.pdb,1cri_cofactor.pdb,A,GLU,66,OE2,5.578267768109742,-10.13204859964464,6.361702415049033
508,1cri_cofactor.pdb,1cri_cofactor.pdb,A,ASN,67,N,-0.6245325648107481,-9.887699035831718,5.483782876742941
509,1cri_cofactor.pdb,1cri_cofactor.pdb,A,ASN,67,CA,-1.93260174249668,-10.40764935211958,5.12874022646849
510,1cri_cofactor.pdb,1cri_cofactor.pdb,A,ASN,67,C,-3.069801782858861,-9.389168296785805,5.148436355732579
511,1cri_cofactor.pdb,1cri_cofactor.pdb,A,ASN,67,O,-3.8668164662355777,-9.339427446920322,4.211466914291528
512,1cri_cofactor.pdb,1cri_cofactor.pdb,A,ASN,67,CB,-2.273921991612896,-11.613460911617317,6.007338968549983
513,1cri_cofactor.pdb,1cri_cofactor.pdb,A,ASN,67,CG,-1.3370834893969843,-12.782686454841528,5.767360043648858
514,1cri_cofactor.pdb,1cri_cofactor.pdb,A,ASN,67,OD1,-1.0055919291462234,-13.097792664215442,4.619721285405877
515,1cri_cofactor.pdb,1cri_cofactor.pdb,A,ASN,67,ND2,-0.8842298368002774,-13.420491723526942,6.840056594015477
516,1cri_cofactor.pdb,1cri_cofactor.pdb,A,ASN,68,N,-3.1575775717989543,-8.571526624131357,6.20897481163591
517,1cri_cofactor.pdb,1cri_cofactor.pdb,A,ASN,68,CA,-4.242174591205109,-7.603371600462577,6.205645672620965
518,1cri_cofactor.pdb,1cri_cofactor.pdb,A,ASN,68,C,-3.940523279309696,-6.461541201115431,5.228254608403072
519,1cri_cofactor.pdb,1cri_cofactor.pdb,A,ASN,68,O,-4.86105891847496,-5.800057583255428,4.751839076016709
520,1cri_cofactor.pdb,1cri_cofactor.pdb,A,ASN,68,CB,-4.619815233575174,-7.102636128916132,7.62039123264293
521,1cri_cofactor.pdb,1cri_cofactor.pdb,A,ASN,68,CG,-3.461987872533888,-6.490178222980106,8.388587696032136
522,1cri_cofactor.pdb,1cri_cofactor.pdb,A,ASN,68,OD1,-2.589558859951961,-5.843960895794976,7.816998995053155
523,1cri_cofactor.pdb,1cri_cofactor.pdb,A,ASN,68,ND2,-3.489516455725789,-6.665444339913172,9.710854427871718
524,1cri_cofactor.pdb,1cri_cofactor.pdb,A,MET,69,N,-2.659284454805876,-6.247595745989588,4.904310997330674
525,1cri_cofactor.pdb,1cri_cofactor.pdb,A,MET,69,CA,-2.299891709212603,-5.231594600444665,3.918793741064815
526,1cri_cofactor.pdb,1cri_cofactor.pdb,A,MET,69,C,-2.8081839626869574,-5.720629611457637,2.5596137190919657
527,1cri_cofactor.pdb,1cri_cofactor.pdb,A,MET,69,O,-3.3228925700961827,-4.93823999265256,1.7621236589624474
528,1cri_cofactor.pdb,1cri_cofactor.pdb,A,MET,69,CB,-0.777664748427527,-5.038905878406699,3.862567831155415
529,1cri_cofactor.pdb,1cri_cofactor.pdb,A,MET,69,CG,-0.3128716767391609,-3.94690062658556,2.897913222023545
530,1cri_cofactor.pdb,1cri_cofactor.pdb,A,MET,69,SD,-0.8124636726452603,-2.293463665491813,3.4206129568445003
531,1cri_cofactor.pdb,1cri_cofactor.pdb,A,MET,69,CE,0.3082168066605255,-2.025660874020666,4.7907037338525145
532,1cri_cofactor.pdb,1cri_cofactor.pdb,A,SER,70,N,-2.6707934197205896,-7.0216559591979495,2.3041180032916886
533,1cri_cofactor.pdb,1cri_cofactor.pdb,A,SER,70,CA,-3.137684452936495,-7.594151942189477,1.043656647306396
534,1cri_cofactor.pdb,1cri_cofactor.pdb,A,SER,70,C,-4.65583430229414,-7.44873972507273,0.9226525832617284
535,1cri_cofactor.pdb,1cri_cofactor.pdb,A,SER,70,O,-5.170211630632259,-7.099321748890457,-0.139830397190824
536,1cri_cofactor.pdb,1cri_cofactor.pdb,A,SER,70,CB,-2.7438389514217647,-9.073516847991709,0.9492577216296252
537,1cri_cofactor.pdb,1cri_cofactor.pdb,A,SER,70,OG,-3.087072350749789,-9.604420974276753,-0.3245081248094471
538,1cri_cofactor.pdb,1cri_cofactor.pdb,A,GLU,71,N,-5.364854610125714,-7.708751901338406,2.0188904791444697
539,1cri_cofactor.pdb,1cri_cofactor.pdb,A,GLU,71,CA,-6.82155111791934,-7.588020430303183,1.9982817128219603
540,1cri_cofactor.pdb,1cri_cofactor.pdb,A,GLU,71,C,-7.219909088490749,-6.1277514521538,1.760605715152089
541,1cri_cofactor.pdb,1cri_cofactor.pdb,A,GLU,71,O,-8.11315060902539,-5.837282988581178,0.9604912641484864
542,1cri_cofactor.pdb,1cri_cofactor.pdb,A,GLU,71,CB,-7.421303780468178,-8.092575220836904,3.31339085421389
543,1cri_cofactor.pdb,1cri_cofactor.pdb,A,GLU,71,CG,-8.942888809569128,-8.061321193574493,3.324171303821277
544,1cri_cofactor.pdb,1cri_cofactor.pdb,A,GLU,71,CD,-9.554629032503025,-8.691886289553453,4.5613256555805215
545,1cri_cofactor.pdb,1cri_cofactor.pdb,A,GLU,71,OE1,-8.808507507806073,-9.09578351751623,5.475594769774271
546,1cri_cofactor.pdb,1cri_cofactor.pdb,A,GLU,71,OE2,-10.80065990048308,-8.782202125811837,4.61171809905663
547,1cri_cofactor.pdb,1cri_cofactor.pdb,A,PHE,72,N,-6.552465716603182,-5.213046481449706,2.4555966868694195
548,1cri_cofactor.pdb,1cri_cofactor.pdb,A,PHE,72,CA,-6.819581446216537,-3.781186625954908,2.3146133733901197
549,1cri_cofactor.pdb,1cri_cofactor.pdb,A,PHE,72,C,-6.597995989780928,-3.3144582075835425,0.8770312530561608
550,1cri_cofactor.pdb,1cri_cofactor.pdb,A,PHE,72,O,-7.446310238579864,-2.6292946950063314,0.3003943646332996
551,1cri_cofactor.pdb,1cri_cofactor.pdb,A,PHE,72,CB,-5.895550278377729,-3.009117061739932,3.267686959677336
552,1cri_cofactor.pdb,1cri_cofactor.pdb,A,PHE,72,CG,-5.928864616125073,-1.5063268613153904,3.1126751321020434
553,1cri_cofactor.pdb,1cri_cofactor.pdb,A,PHE,72,CD1,-7.107004230606608,-0.7930926261872797,3.312013720280047
554,1cri_cofactor.pdb,1cri_cofactor.pdb,A,PHE,72,CD2,-4.763555563102324,-0.8058405841355016,2.8136150349401454
555,1cri_cofactor.pdb,1cri_cofactor.pdb,A,PHE,72,CE1,-7.118969350778726,0.6003991007676653,3.213313742908153
556,1cri_cofactor.pdb,1cri_cofactor.pdb,A,PHE,72,CE2,-4.767427759624264,0.5812762135000217,2.7139825243725544
557,1cri_cofactor.pdb,1cri_cofactor.pdb,A,PHE,72,CZ,-5.946104365469665,1.2879448572549177,2.914934232137605
558,1cri_cofactor.pdb,1cri_cofactor.pdb,A,LEU,73,N,-5.457804048211298,-3.700971481300358,0.2951329941636591
559,1cri_cofactor.pdb,1cri_cofactor.pdb,A,LEU,73,CA,-5.142288377732246,-3.276631989550366,-1.0648711895495808
560,1cri_cofactor.pdb,1cri_cofactor.pdb,A,LEU,73,C,-5.999724863125405,-3.922523104856041,-2.1491894596526797
561,1cri_cofactor.pdb,1cri_cofactor.pdb,A,LEU,73,O,-6.004201531162079,-3.4573047621750286,-3.2864390525055005
562,1cri_cofactor.pdb,1cri_cofactor.pdb,A,LEU,73,CB,-3.6521316320186017,-3.498930945451741,-1.355928650518566
563,1cri_cofactor.pdb,1cri_cofactor.pdb,A,LEU,73,CG,-2.7142799196468035,-2.645306275899202,-0.4940289834938903
564,1cri_cofactor.pdb,1cri_cofactor.pdb,A,LEU,73,CD1,-1.262169166670707,-2.9455833699961893,-0.8491871947697682
565,1cri_cofactor.pdb,1cri_cofactor.pdb,A,LEU,73,CD2,-3.0129543385720914,-1.1605431544304163,-0.7010904172771855
566,1cri_cofactor.pdb,1cri_cofactor.pdb,A,THR,74,N,-6.727838810445103,-4.979328336454924,-1.8002295738101304
567,1cri_cofactor.pdb,1cri_cofactor.pdb,A,THR,74,CA,-7.616598059066986,-5.6178765227237815,-2.773376851668451
568,1cri_cofactor.pdb,1cri_cofactor.pdb,A,THR,74,C,-8.792425522325358,-4.677555770020502,-3.03811657500151
569,1cri_cofactor.pdb,1cri_cofactor.pdb,A,THR,74,O,-9.223097739523435,-4.502078663119948,-4.181816759991787
570,1cri_cofactor.pdb,1cri_cofactor.pdb,A,THR,74,CB,-8.158235097078103,-6.958048577454928,-2.233066933427023
571,1cri_cofactor.pdb,1cri_cofactor.pdb,A,THR,74,OG1,-7.071771379090656,-7.875298384509842,-2.055440789992665
572,1cri_cofactor.pdb,1cri_cofactor.pdb,A,THR,74,CG2,-9.157539326181062,-7.570705746139767,-3.217634902383009
573,1cri_cofactor.pdb,1cri_cofactor.pdb,A,ASN,75,N,-9.297407110302126,-4.064832292357839,-1.9829426449390608
574,1cri_cofactor.pdb,1cri_cofactor.pdb,A,ASN,75,CA,-10.430975314310263,-3.14307809262074,-2.073643951709943
575,1cri_cofactor.pdb,1cri_cofactor.pdb,A,ASN,75,C,-10.438739867570044,-2.304448534978362,-0.7925886769669818
576,1cri_cofactor.pdb,1cri_cofactor.pdb,A,ASN,75,O,-11.086758627296703,-2.6722414594202446,0.194034914090806
577,1cri_cofactor.pdb,1cri_cofactor.pdb,A,ASN,75,CB,-11.748348583659451,-3.918299722707718,-2.202485926211967
578,1cri_cofactor.pdb,1cri_cofactor.pdb,A,ASN,75,CG,-12.924543773105288,-3.0179871390420008,-2.546479852271718
579,1cri_cofactor.pdb,1cri_cofactor.pdb,A,ASN,75,OD1,-12.975628873265094,-1.8554305645805855,-2.1439486998651494
580,1cri_cofactor.pdb,1cri_cofactor.pdb,A,ASN,75,ND2,-13.882277487043035,-3.5578062688387613,-3.290838814224919
581,1cri_cofactor.pdb,1cri_cofactor.pdb,A,PRO,76,N,-9.709885674644326,-1.182082542799924,-0.787752926877307
582,1cri_cofactor.pdb,1cri_cofactor.pdb,A,PRO,76,CA,-9.602510689986016,-0.2999527795209072,0.3801888252634352
583,1cri_cofactor.pdb,1cri_cofactor.pdb,A,PRO,76,C,-10.89979521433346,0.111085123155592,1.06967270737421
584,1cri_cofactor.pdb,1cri_cofactor.pdb,A,PRO,76,O,-11.025827550512,-0.012800945811032,2.293643164138094
585,1cri_cofactor.pdb,1cri_cofactor.pdb,A,PRO,76,CB,-8.826228656792255,0.8993087406002531,-0.1663517383597055
586,1cri_cofactor.pdb,1cri_cofactor.pdb,A,PRO,76,CG,-7.946260232258673,0.2726910377454997,-1.2052122640796064
587,1cri_cofactor.pdb,1cri_cofactor.pdb,A,PRO,76,CD,-8.89062432944182,-0.6776728287636045,-1.9020389014390051
588,1cri_cofactor.pdb,1cri_cofactor.pdb,A,LYS,77,N,-11.850168059193113,0.6027249153701951,0.3105347874419579
589,1cri_cofactor.pdb,1cri_cofactor.pdb,A,LYS,77,CA,-13.1031538184554,1.0585965651160916,0.9096386922627252
590,1cri_cofactor.pdb,1cri_cofactor.pdb,A,LYS,77,C,-13.996570179646254,-0.0647108567294619,1.4324621145757062
591,1cri_cofactor.pdb,1cri_cofactor.pdb,A,LYS,77,O,-14.879449965748718,0.1796464367833133,2.2529434937080817
592,1cri_cofactor.pdb,1cri_cofactor.pdb,A,LYS,77,CB,-13.871664866971312,1.943796912544782,-0.0833224571985714
593,1cri_cofactor.pdb,1cri_cofactor.pdb,A,LYS,77,CG,-13.155568071034295,3.259556854355626,-0.3562083759370058
594,1cri_cofactor.pdb,1cri_cofactor.pdb,A,LYS,77,CD,-13.932976003795169,4.166997756074258,-1.288901643238468
595,1cri_cofactor.pdb,1cri_cofactor.pdb,A,LYS,77,CE,-13.172234876715835,5.460960157659158,-1.5593820526640516
596,1cri_cofactor.pdb,1cri_cofactor.pdb,A,LYS,77,NZ,-12.928167744559476,6.25468905357967,-0.3263276209159934
597,1cri_cofactor.pdb,1cri_cofactor.pdb,A,LYS,78,N,-13.755746012557552,-1.2911563353171749,0.9707449807156469
598,1cri_cofactor.pdb,1cri_cofactor.pdb,A,LYS,78,CA,-14.524881570426857,-2.417505615447128,1.4915998435706417
599,1cri_cofactor.pdb,1cri_cofactor.pdb,A,LYS,78,C,-13.917774239539172,-2.8334140497282565,2.828819982168967
600,1cri_cofactor.pdb,1cri_cofactor.pdb,A,LYS,78,O,-14.639220256482549,-3.1546472609633653,3.774679068080752
601,1cri_cofactor.pdb,1cri_cofactor.pdb,A,LYS,78,CB,-14.500026966918716,-3.596606795881147,0.5147090429542664
602,1cri_cofactor.pdb,1cri_cofactor.pdb,A,LYS,78,CG,-15.330683115665828,-4.784126663536367,0.9874142283878738
603,1cri_cofactor.pdb,1cri_cofactor.pdb,A,LYS,78,CD,-15.400781219628056,-5.881468390114792,-0.0608937710843663
604,1cri_cofactor.pdb,1cri_cofactor.pdb,A,LYS,78,CE,-16.285204673928984,-7.0282449208665145,0.4066099163752393
605,1cri_cofactor.pdb,1cri_cofactor.pdb,A,LYS,78,NZ,-16.419059510988276,-8.090850349079078,-0.6281880672634907
606,1cri_cofactor.pdb,1cri_cofactor.pdb,A,TYR,79,N,-12.580521724905005,-2.821041859323782,2.9050307040804517
607,1cri_cofactor.pdb,1cri_cofactor.pdb,A,TYR,79,CA,-11.883328946028367,-3.204135424760869,4.130609911405774
608,1cri_cofactor.pdb,1cri_cofactor.pdb,A,TYR,79,C,-12.0439330998816,-2.154386852189944,5.227583946687556
609,1cri_cofactor.pdb,1cri_cofactor.pdb,A,TYR,79,O,-12.18958774982658,-2.4953803647808543,6.405692717276858
610,1cri_cofactor.pdb,1cri_cofactor.pdb,A,TYR,79,CB,-10.39316161974874,-3.427185812925779,3.838354631793521
611,1cri_cofactor.pdb,1cri_cofactor.pdb,A,TYR,79,CG,-9.631648388410245,-4.027679590517179,4.998979580808857
612,1cri_cofactor.pdb,1cri_cofactor.pdb,A,TYR,79,CD1,-9.913323889378844,-5.317620234596427,5.446647499275284
613,1cri_cofactor.pdb,1cri_cofactor.pdb,A,TYR,79,CD2,-8.634472481950622,-3.306337681730742,5.652240655841457
614,1cri_cofactor.pdb,1cri_cofactor.pdb,A,TYR,79,CE1,-9.223558865762485,-5.874150610407449,6.520557394317367
615,1cri_cofactor.pdb,1cri_cofactor.pdb,A,TYR,79,CE2,-7.935651318225311,-3.85528977831226,6.731493839301183
616,1cri_cofactor.pdb,1cri_cofactor.pdb,A,TYR,79,CZ,-8.235712688853257,-5.137352301729524,7.159851280334247
617,1cri_cofactor.pdb,1cri_cofactor.pdb,A,TYR,79,OH,-7.555355385170651,-5.679861395851905,8.22570511044796
618,1cri_cofactor.pdb,1cri_cofactor.pdb,A,ILE,80,N,-12.02090212553816,-0.8826822543993675,4.843291235815877
619,1cri_cofactor.pdb,1cri_cofactor.pdb,A,ILE,80,CA,-12.17081795565034,0.2153007898447251,5.7998475706044905
620,1cri_cofactor.pdb,1cri_cofactor.pdb,A,ILE,80,C,-13.226183462013983,1.1907191158518593,5.273676698895117
621,1cri_cofactor.pdb,1cri_cofactor.pdb,A,ILE,80,O,-12.901982613188965,2.2254405233310868,4.68357070771125
622,1cri_cofactor.pdb,1cri_cofactor.pdb,A,ILE,80,CB,-10.83033702647093,0.9632736531793946,6.019494474125975
623,1cri_cofactor.pdb,1cri_cofactor.pdb,A,ILE,80,CG1,-9.76354365258772,-0.0208976586761051,6.509514918536625
624,1cri_cofactor.pdb,1cri_cofactor.pdb,A,ILE,80,CG2,-11.01537123914628,2.096319777669945,7.036376431840484
625,1cri_cofactor.pdb,1cri_cofactor.pdb,A,ILE,80,CD1,-8.394488458945265,0.6004512776784546,6.744649649657455
626,1cri_cofactor.pdb,1cri_cofactor.pdb,A,PRO,81,N,-14.505180680900628,0.858706695377,5.473056882835166
627,1cri_cofactor.pdb,1cri_cofactor.pdb,A,PRO,81,CA,-15.58187396526206,1.7416505731737983,5.023974324363789
628,1cri_cofactor.pdb,1cri_cofactor.pdb,A,PRO,81,C,-15.411418739599204,3.1219424138311167,5.652503913356858
629,1cri_cofactor.pdb,1cri_cofactor.pdb,A,PRO,81,O,-15.1747166128299,3.245964675001833,6.855179336268889
630,1cri_cofactor.pdb,1cri_cofactor.pdb,A,PRO,81,CB,-16.838856775549846,1.0263370036787811,5.5327511804297
631,1cri_cofactor.pdb,1cri_cofactor.pdb,A,PRO,81,CG,-16.444758190327743,-0.4213671742660667,5.483602097090481
632,1cri_cofactor.pdb,1cri_cofactor.pdb,A,PRO,81,CD,-15.052093776586387,-0.3870165932880028,6.057544278886429
633,1cri_cofactor.pdb,1cri_cofactor.pdb,A,GLY,82,N,-15.504571227762558,4.161085728677492,4.816172909606541
634,1cri_cofactor.pdb,1cri_cofactor.pdb,A,GLY,82,CA,-15.352506276084204,5.510067324025971,5.329761432568264
635,1cri_cofactor.pdb,1cri_cofactor.pdb,A,GLY,82,C,-13.970866800130436,6.102426086257085,5.116442560272104
636,1cri_cofactor.pdb,1cri_cofactor.pdb,A,GLY,82,O,-13.759145456352217,7.292180795201078,5.356485653239965
637,1cri_cofactor.pdb,1cri_cofactor.pdb,A,THR,83,N,-13.014953765269288,5.272483262373704,4.666897217334573
638,1cri_cofactor.pdb,1cri_cofactor.pdb,A,THR,83,CA,-11.663374555406817,5.778239159574014,4.423357946345004
639,1cri_cofactor.pdb,1cri_cofactor.pdb,A,THR,83,C,-11.698328647676178,6.781254174615157,3.267889088434486
640,1cri_cofactor.pdb,1cri_cofactor.pdb,A,THR,83,O,-12.523572903232912,6.661151526668146,2.358002388078461
641,1cri_cofactor.pdb,1cri_cofactor.pdb,A,THR,83,CB,-10.678644120440277,4.644498100401393,4.060492197174488
642,1cri_cofactor.pdb,1cri_cofactor.pdb,A,THR,83,OG1,-9.36594198164693,5.20347860969038,3.886714155149519
643,1cri_cofactor.pdb,1cri_cofactor.pdb,A,THR,83,CG2,-11.087412544266297,3.954100625958195,2.7635486641820965
644,1cri_cofactor.pdb,1cri_cofactor.pdb,A,LYS,84,N,-10.817139958553208,7.770264585419095,3.3144416182347904
645,1cri_cofactor.pdb,1cri_cofactor.pdb,A,LYS,84,CA,-10.750190699923715,8.761499501531988,2.2466252118525305
646,1cri_cofactor.pdb,1cri_cofactor.pdb,A,LYS,84,C,-9.70444324467382,8.402053483599405,1.1942891001739775
647,1cri_cofactor.pdb,1cri_cofactor.pdb,A,LYS,84,O,-9.416329329096015,9.204476195634006,0.3038467373756544
648,1cri_cofactor.pdb,1cri_cofactor.pdb,A,LYS,84,CB,-10.467433161099796,10.159921481684965,2.8121839592690416
649,1cri_cofactor.pdb,1cri_cofactor.pdb,A,LYS,84,CG,-9.119831361177846,10.32423266731375,3.4878010395000487
650,1cri_cofactor.pdb,1cri_cofactor.pdb,A,LYS,84,CD,-8.938806742016498,11.751260937041812,4.011923119703168
651,1cri_cofactor.pdb,1cri_cofactor.pdb,A,LYS,84,CE,-7.598807736972473,11.930360812291816,4.704903047208398
652,1cri_cofactor.pdb,1cri_cofactor.pdb,A,LYS,84,NZ,-7.422623512441725,13.313610035954548,5.236435749269364
653,1cri_cofactor.pdb,1cri_cofactor.pdb,A,MET,85,N,-9.12988418340998,7.198880660378996,1.2904749385935017
654,1cri_cofactor.pdb,1cri_cofactor.pdb,A,MET,85,CA,-8.150536060929843,6.754670314220755,0.30245942290739
655,1cri_cofactor.pdb,1cri_cofactor.pdb,A,MET,85,C,-8.903665919079828,6.440468193088293,-0.9858803284814852
656,1cri_cofactor.pdb,1cri_cofactor.pdb,A,MET,85,O,-9.62232063064685,5.441132672483345,-1.061210194458774
657,1cri_cofactor.pdb,1cri_cofactor.pdb,A,MET,85,CB,-7.407673960655075,5.505810345901138,0.7912671223028312
658,1cri_cofactor.pdb,1cri_cofactor.pdb,A,MET,85,CG,-6.381372617603815,4.974191462237558,-0.1965368611173436
659,1cri_cofactor.pdb,1cri_cofactor.pdb,A,MET,85,SD,-5.310137866445114,3.745913641901296,0.5411880981027347
660,1cri_cofactor.pdb,1cri_cofactor.pdb,A,MET,85,CE,-5.089881704749304,2.6152115690871707,-0.8250480206841367
661,1cri_cofactor.pdb,1cri_cofactor.pdb,A,ALA,86,N,-8.745673982962336,7.310133555669271,-1.9831987108684728
662,1cri_cofactor.pdb,1cri_cofactor.pdb,A,ALA,86,CA,-9.43788429963369,7.14541212721358,-3.259650738773682
663,1cri_cofactor.pdb,1cri_cofactor.pdb,A,ALA,86,C,-8.636313711580613,6.238658081464855,-4.190926574268091
664,1cri_cofactor.pdb,1cri_cofactor.pdb,A,ALA,86,O,-7.964587119140184,6.704709615931856,-5.113791604536802
665,1cri_cofactor.pdb,1cri_cofactor.pdb,A,ALA,86,CB,-9.657187423559876,8.517937118720981,-3.903190956383655
666,1cri_cofactor.pdb,1cri_cofactor.pdb,A,PHE,87,N,-8.704906656629602,4.940460473135175,-3.926517985994335
667,1cri_cofactor.pdb,1cri_cofactor.pdb,A,PHE,87,CA,-7.989400380950331,3.9506773479436585,-4.722930402466902
668,1cri_cofactor.pdb,1cri_cofactor.pdb,A,PHE,87,C,-8.884911529026303,2.7291988320917757,-4.884141477617541
669,1cri_cofactor.pdb,1cri_cofactor.pdb,A,PHE,87,O,-9.37802590924688,2.188410380449806,-3.896013661106096
670,1cri_cofactor.pdb,1cri_cofactor.pdb,A,PHE,87,CB,-6.681423599049213,3.56294085844552,-4.0199475744234885
671,1cri_cofactor.pdb,1cri_cofactor.pdb,A,PHE,87,CG,-5.848148895051366,2.5655018424359364,-4.777914582934367
672,1cri_cofactor.pdb,1cri_cofactor.pdb,A,PHE,87,CD1,-5.262904626061358,2.9074928158188573,-5.9902251575378
673,1cri_cofactor.pdb,1cri_cofactor.pdb,A,PHE,87,CD2,-5.653922755579552,1.2856916739426871,-4.278002219432764
674,1cri_cofactor.pdb,1cri_cofactor.pdb,A,PHE,87,CE1,-4.496052059723239,1.985659141809483,-6.69941700976984
675,1cri_cofactor.pdb,1cri_cofactor.pdb,A,PHE,87,CE2,-4.887357685156047,0.3577736240932293,-4.979200577393335
676,1cri_cofactor.pdb,1cri_cofactor.pdb,A,PHE,87,CZ,-4.309550631179422,0.709971873212561,-6.18963881430817
677,1cri_cofactor.pdb,1cri_cofactor.pdb,A,GLY,88,N,-9.089644866449596,2.309167923009449,-6.123572449228513
678,1cri_cofactor.pdb,1cri_cofactor.pdb,A,GLY,88,CA,-9.961324629468328,1.1737474310692355,-6.397064724751577
679,1cri_cofactor.pdb,1cri_cofactor.pdb,A,GLY,88,C,-9.452219704705517,-0.1790715436556765,-5.951142132209302
680,1cri_cofactor.pdb,1cri_cofactor.pdb,A,GLY,88,O,-10.247039908319389,-1.090850843393655,-5.717250713690328
681,1cri_cofactor.pdb,1cri_cofactor.pdb,A,GLY,89,N,-8.12846309420006,-0.306228847925627,-5.81999099988965
682,1cri_cofactor.pdb,1cri_cofactor.pdb,A,GLY,89,CA,-7.56523413581276,-1.571136267832569,-5.374510741199636
683,1cri_cofactor.pdb,1cri_cofactor.pdb,A,GLY,89,C,-6.714051226334291,-2.292066156631508,-6.40450342897056
684,1cri_cofactor.pdb,1cri_cofactor.pdb,A,GLY,89,O,-6.744522426984684,-1.9624428626801127,-7.592104156468793
685,1cri_cofactor.pdb,1cri_cofactor.pdb,A,LEU,90,N,-5.944616640909305,-3.2740885326811977,-5.928558393690825
686,1cri_cofactor.pdb,1cri_cofactor.pdb,A,LEU,90,CA,-5.102352059329608,-4.104349471769394,-6.787261306326242
687,1cri_cofactor.pdb,1cri_cofactor.pdb,A,LEU,90,C,-5.816277205382572,-5.452015628820736,-6.854209783746862
688,1cri_cofactor.pdb,1cri_cofactor.pdb,A,LEU,90,O,-5.774611084233116,-6.228275840673935,-5.896200297014523
689,1cri_cofactor.pdb,1cri_cofactor.pdb,A,LEU,90,CB,-3.706777755185513,-4.281342003525459,-6.174919353474764
690,1cri_cofactor.pdb,1cri_cofactor.pdb,A,LEU,90,CG,-2.812475757393605,-3.041505294736317,-6.1346362490261095
691,1cri_cofactor.pdb,1cri_cofactor.pdb,A,LEU,90,CD1,-1.495788853028453,-3.370194821868844,-5.444442030736646
692,1cri_cofactor.pdb,1cri_cofactor.pdb,A,LEU,90,CD2,-2.5527111093037806,-2.5456152988486123,-7.551773938548848
693,1cri_cofactor.pdb,1cri_cofactor.pdb,A,LYS,91,N,-6.488857289447569,-5.705723031205086,-7.964374777553752
694,1cri_cofactor.pdb,1cri_cofactor.pdb,A,LYS,91,CA,-7.266960589517429,-6.93028669581779,-8.122580032375874
695,1cri_cofactor.pdb,1cri_cofactor.pdb,A,LYS,91,C,-6.466662954932514,-8.212138893074382,-8.33147921855048
696,1cri_cofactor.pdb,1cri_cofactor.pdb,A,LYS,91,O,-6.939720716909223,-9.2951529518159,-7.981273748605821
697,1cri_cofactor.pdb,1cri_cofactor.pdb,A,LYS,91,CB,-8.2590170740622,-6.75651698767371,-9.27616123835771
698,1cri_cofactor.pdb,1cri_cofactor.pdb,A,LYS,91,CG,-9.146558547201217,-5.517818884701324,-9.141156196582743
699,1cri_cofactor.pdb,1cri_cofactor.pdb,A,LYS,91,CD,-9.906320220606286,-5.501114876346681,-7.81835921908643
700,1cri_cofactor.pdb,1cri_cofactor.pdb,A,LYS,91,CE,-10.757309803225086,-4.24912859329826,-7.682181224408747
701,1cri_cofactor.pdb,1cri_cofactor.pdb,A,LYS,91,NZ,-11.492256793752556,-4.206501262291551,-6.388798986712746
702,1cri_cofactor.pdb,1cri_cofactor.pdb,A,LYS,92,N,-5.265559481149904,-8.099509395214847,-8.897303841646695
703,1cri_cofactor.pdb,1cri_cofactor.pdb,A,LYS,92,CA,-4.443483773298895,-9.280535054356598,-9.13676099486868
704,1cri_cofactor.pdb,1cri_cofactor.pdb,A,LYS,92,C,-3.6034631542192574,-9.670519107247085,-7.918914663537585
705,1cri_cofactor.pdb,1cri_cofactor.pdb,A,LYS,92,O,-2.86730094113924,-8.8493351370622,-7.375823681461635
706,1cri_cofactor.pdb,1cri_cofactor.pdb,A,LYS,92,CB,-3.5247364630385105,-9.051139557426993,-10.33544436914802
707,1cri_cofactor.pdb,1cri_cofactor.pdb,A,LYS,92,CG,-4.26200730315407,-8.78726018449133,-11.634316855282126
708,1cri_cofactor.pdb,1cri_cofactor.pdb,A,LYS,92,CD,-3.295508960897027,-8.558235909785045,-12.78390069262901
709,1cri_cofactor.pdb,1cri_cofactor.pdb,A,LYS,92,CE,-4.038717426315817,-8.270331050009402,-14.078709988079606
710,1cri_cofactor.pdb,1cri_cofactor.pdb,A,LYS,92,NZ,-3.100805424439768,-8.038544962369633,-15.21108328517222
711,1cri_cofactor.pdb,1cri_cofactor.pdb,A,GLU,93,N,-3.708385382128828,-10.937610226540402,-7.50903953403605
712,1cri_cofactor.pdb,1cri_cofactor.pdb,A,GLU,93,CA,-2.9523383853012,-11.435807012670882,-6.365949318851244
713,1cri_cofactor.pdb,1cri_cofactor.pdb,A,GLU,93,C,-1.4495427941745842,-11.2446348133421,-6.560012543574201
714,1cri_cofactor.pdb,1cri_cofactor.pdb,A,GLU,93,O,-0.7421149533509247,-10.863180739985507,-5.624950947481784
715,1cri_cofactor.pdb,1cri_cofactor.pdb,A,GLU,93,CB,-3.259335506816281,-12.9184519515215,-6.140679816056841
716,1cri_cofactor.pdb,1cri_cofactor.pdb,A,GLU,93,CG,-2.5820997641907053,-13.51064808557297,-4.916726546813432
717,1cri_cofactor.pdb,1cri_cofactor.pdb,A,GLU,93,CD,-2.9243206701072717,-14.975338435424906,-4.723094283250877
718,1cri_cofactor.pdb,1cri_cofactor.pdb,A,GLU,93,OE1,-2.5594733832900944,-15.79016446332001,-5.592494933476531
719,1cri_cofactor.pdb,1cri_cofactor.pdb,A,GLU,93,OE2,-3.568447767532418,-15.304888345946171,-3.707847334369052
720,1cri_cofactor.pdb,1cri_cofactor.pdb,A,LYS,94,N,-0.961911648472298,-11.511529277981609,-7.774920251263664
721,1cri_cofactor.pdb,1cri_cofactor.pdb,A,LYS,94,CA,0.461569323163484,-11.354373311307803,-8.064409094534575
722,1cri_cofactor.pdb,1cri_cofactor.pdb,A,LYS,94,C,0.913410932766329,-9.914202122032073,-7.834156708123208
723,1cri_cofactor.pdb,1cri_cofactor.pdb,A,LYS,94,O,1.9846832504246528,-9.678380079268637,-7.274437378240379
724,1cri_cofactor.pdb,1cri_cofactor.pdb,A,LYS,94,CB,0.7702962770257694,-11.754446136848829,-9.509600457999223
725,1cri_cofactor.pdb,1cri_cofactor.pdb,A,LYS,94,CG,2.2448412501345785,-11.62432503296862,-9.873497825052672
726,1cri_cofactor.pdb,1cri_cofactor.pdb,A,LYS,94,CD,2.502265016124243,-11.99013410546654,-11.328983797641085
727,1cri_cofactor.pdb,1cri_cofactor.pdb,A,LYS,94,CE,3.9832938347867217,-11.889156520740912,-11.663664281672656
728,1cri_cofactor.pdb,1cri_cofactor.pdb,A,LYS,94,NZ,4.524336893148325,-10.51658286953195,-11.471143888707145
729,1cri_cofactor.pdb,1cri_cofactor.pdb,A,ASP,95,N,0.0998055155142511,-8.954257040317994,-8.261567920747419
730,1cri_cofactor.pdb,1cri_cofactor.pdb,A,ASP,95,CA,0.4457232076282841,-7.545525803212142,-8.071820875087544
731,1cri_cofactor.pdb,1cri_cofactor.pdb,A,ASP,95,C,0.5192587256656541,-7.202294861261073,-6.584947440200024
732,1cri_cofactor.pdb,1cri_cofactor.pdb,A,ASP,95,O,1.4282228790582376,-6.493584028572848,-6.155019887697211
733,1cri_cofactor.pdb,1cri_cofactor.pdb,A,ASP,95,CB,-0.577904594684308,-6.62804138859125,-8.750032226572014
734,1cri_cofactor.pdb,1cri_cofactor.pdb,A,ASP,95,CG,-0.4374862074508647,-6.6036514642252495,-10.263762316356058
735,1cri_cofactor.pdb,1cri_cofactor.pdb,A,ASP,95,OD1,0.5266135909566615,-7.188898254889075,-10.797603015992978
736,1cri_cofactor.pdb,1cri_cofactor.pdb,A,ASP,95,OD2,-1.294762894360863,-5.976254722092855,-10.913588660919334
737,1cri_cofactor.pdb,1cri_cofactor.pdb,A,ARG,96,N,-0.4316996428535185,-7.700901777990676,-5.807005340216703
738,1cri_cofactor.pdb,1cri_cofactor.pdb,A,ARG,96,CA,-0.4294060915033196,-7.422799277486186,-4.370893932554351
739,1cri_cofactor.pdb,1cri_cofactor.pdb,A,ARG,96,C,0.8071340719912765,-8.038772481585982,-3.7131009227490033
740,1cri_cofactor.pdb,1cri_cofactor.pdb,A,ARG,96,O,1.452140965180258,-7.397212761640717,-2.880170660342125
741,1cri_cofactor.pdb,1cri_cofactor.pdb,A,ARG,96,CB,-1.7029582963403334,-7.954026884339964,-3.7073343739016393
742,1cri_cofactor.pdb,1cri_cofactor.pdb,A,ARG,96,CG,-2.981244910426821,-7.265683794111053,-4.171309058990874
743,1cri_cofactor.pdb,1cri_cofactor.pdb,A,ARG,96,CD,-4.152899246184102,-7.577396932414979,-3.2480511092402287
744,1cri_cofactor.pdb,1cri_cofactor.pdb,A,ARG,96,NE,-4.462351694002915,-9.003139311813817,-3.159577284801842
745,1cri_cofactor.pdb,1cri_cofactor.pdb,A,ARG,96,CZ,-5.2279488666108325,-9.674245063205632,-4.013459450866545
746,1cri_cofactor.pdb,1cri_cofactor.pdb,A,ARG,96,NH1,-5.7782991187016846,-9.060700309698047,-5.042580674727681
747,1cri_cofactor.pdb,1cri_cofactor.pdb,A,ARG,96,NH2,-5.443531125549511,-10.975369976357968,-3.830381170131291
748,1cri_cofactor.pdb,1cri_cofactor.pdb,A,ASN,97,N,1.138246860816591,-9.270167655839536,-4.0898908992635095
749,1cri_cofactor.pdb,1cri_cofactor.pdb,A,ASN,97,CA,2.306179030111753,-9.932460299059066,-3.518863819364452
750,1cri_cofactor.pdb,1cri_cofactor.pdb,A,ASN,97,C,3.597389964411509,-9.18428883858232,-3.853405814991445
751,1cri_cofactor.pdb,1cri_cofactor.pdb,A,ASN,97,O,4.4452345793554215,-8.98612076045392,-2.9839909300497656
752,1cri_cofactor.pdb,1cri_cofactor.pdb,A,ASN,97,CB,2.404809789996131,-11.376513875307516,-4.019728245508475
753,1cri_cofactor.pdb,1cri_cofactor.pdb,A,ASN,97,CG,1.3431559803816433,-12.276511969523035,-3.409051952184518
754,1cri_cofactor.pdb,1cri_cofactor.pdb,A,ASN,97,OD1,0.8314453621199889,-12.006649643796615,-2.321479951684814
755,1cri_cofactor.pdb,1cri_cofactor.pdb,A,ASN,97,ND2,1.0279121979120172,-13.370071038959615,-4.092888253907451
756,1cri_cofactor.pdb,1cri_cofactor.pdb,A,ASP,98,N,3.74246697081858,-8.774269153104683,-5.104095715298174
757,1cri_cofactor.pdb,1cri_cofactor.pdb,A,ASP,98,CA,4.943148565482325,-8.045552537833796,-5.513250474933837
758,1cri_cofactor.pdb,1cri_cofactor.pdb,A,ASP,98,C,5.024500749140943,-6.688096044798798,-4.8102345403989455
759,1cri_cofactor.pdb,1cri_cofactor.pdb,A,ASP,98,O,6.078779543931851,-6.303981626463528,-4.302886089617257
760,1cri_cofactor.pdb,1cri_cofactor.pdb,A,ASP,98,CB,4.957841616240988,-7.835884061038312,-7.035098620726894
761,1cri_cofactor.pdb,1cri_cofactor.pdb,A,ASP,98,CG,5.17849945861367,-9.1273910403082,-7.813525404400216
762,1cri_cofactor.pdb,1cri_cofactor.pdb,A,ASP,98,OD1,5.653867515459277,-10.12355814163656,-7.227831381501915
763,1cri_cofactor.pdb,1cri_cofactor.pdb,A,ASP,98,OD2,4.892076157379196,-9.131075560227815,-9.02960279013257
764,1cri_cofactor.pdb,1cri_cofactor.pdb,A,LEU,99,N,3.918384467776849,-5.970131948982679,-4.782719699315791
765,1cri_cofactor.pdb,1cri_cofactor.pdb,A,LEU,99,CA,3.879919872301155,-4.6491311508800015,-4.153925361786259
766,1cri_cofactor.pdb,1cri_cofactor.pdb,A,LEU,99,C,4.211491278486188,-4.723449598312103,-2.6638294118609145
767,1cri_cofactor.pdb,1cri_cofactor.pdb,A,LEU,99,O,5.003138373689198,-3.927761391120296,-2.157661948798539
768,1cri_cofactor.pdb,1cri_cofactor.pdb,A,LEU,99,CB,2.497704394801985,-4.014922288233095,-4.362732722265569
769,1cri_cofactor.pdb,1cri_cofactor.pdb,A,LEU,99,CG,2.2252220863784204,-2.552159070248595,-3.9403318186768823
770,1cri_cofactor.pdb,1cri_cofactor.pdb,A,LEU,99,CD1,2.0927313212357057,-2.4701983266231293,-2.423179642197141
771,1cri_cofactor.pdb,1cri_cofactor.pdb,A,LEU,99,CD2,3.340088129541688,-1.6465376590474932,-4.427968265645271
772,1cri_cofactor.pdb,1cri_cofactor.pdb,A,ILE,100,N,3.607302589610069,-5.671941957235128,-1.96175225594862
773,1cri_cofactor.pdb,1cri_cofactor.pdb,A,ILE,100,CA,3.8539200571641343,-5.812571323579562,-0.529316092282395
774,1cri_cofactor.pdb,1cri_cofactor.pdb,A,ILE,100,C,5.289068874400148,-6.2628854597853785,-0.2518147319157349
775,1cri_cofactor.pdb,1cri_cofactor.pdb,A,ILE,100,O,5.894941100857532,-5.842141615098388,0.738643479363312
776,1cri_cofactor.pdb,1cri_cofactor.pdb,A,ILE,100,CB,2.8246926434061863,-6.780310913277527,0.0966437875081168
777,1cri_cofactor.pdb,1cri_cofactor.pdb,A,ILE,100,CG1,1.4424709187764069,-6.114623360533914,0.0617906703523509
778,1cri_cofactor.pdb,1cri_cofactor.pdb,A,ILE,100,CG2,3.2096241766535867,-7.140799553188833,1.5289691403649133
779,1cri_cofactor.pdb,1cri_cofactor.pdb,A,ILE,100,CD1,0.2872351743728133,-7.0300972826381285,0.4091196141862251
780,1cri_cofactor.pdb,1cri_cofactor.pdb,A,THR,101,N,5.842443858337674,-7.107076402400836,-1.1202640889586335
781,1cri_cofactor.pdb,1cri_cofactor.pdb,A,THR,101,CA,7.225174680169959,-7.557879027421778,-0.9489800152923704
782,1cri_cofactor.pdb,1cri_cofactor.pdb,A,THR,101,C,8.143116575847783,-6.330970165153191,-1.0172648862867453
783,1cri_cofactor.pdb,1cri_cofactor.pdb,A,THR,101,O,9.091507837871204,-6.207515967439241,-0.2411299532773044
784,1cri_cofactor.pdb,1cri_cofactor.pdb,A,THR,101,CB,7.610486285125412,-8.57188877587028,-2.0463135530474936
785,1cri_cofactor.pdb,1cri_cofactor.pdb,A,THR,101,OG1,6.789185754867988,-9.740201527456874,-1.897047016841188
786,1cri_cofactor.pdb,1cri_cofactor.pdb,A,THR,101,CG2,9.074397150472905,-8.988895246582812,-1.9205664449351456
787,1cri_cofactor.pdb,1cri_cofactor.pdb,A,TYR,102,N,7.843021770757619,-5.4235829156358415,-1.938065477458464
788,1cri_cofactor.pdb,1cri_cofactor.pdb,A,TYR,102,CA,8.615227325780522,-4.189335752654102,-2.0665612744959043
789,1cri_cofactor.pdb,1cri_cofactor.pdb,A,TYR,102,C,8.420308595979732,-3.2986479438435925,-0.8374388595573456
790,1cri_cofactor.pdb,1cri_cofactor.pdb,A,TYR,102,O,9.390369573334963,-2.8049253443958744,-0.2585765285715802
791,1cri_cofactor.pdb,1cri_cofactor.pdb,A,TYR,102,CB,8.181382532971565,-3.4240214365463,-3.3193664618695764
792,1cri_cofactor.pdb,1cri_cofactor.pdb,A,TYR,102,CG,8.627522434383941,-1.97415593184516,-3.324884315541452
793,1cri_cofactor.pdb,1cri_cofactor.pdb,A,TYR,102,CD1,9.967677547844223,-1.6338234732716197,-3.5072225818550806
794,1cri_cofactor.pdb,1cri_cofactor.pdb,A,TYR,102,CD2,7.709122517631682,-0.9491918829964454,-3.096843831818024
795,1cri_cofactor.pdb,1cri_cofactor.pdb,A,TYR,102,CE1,10.38203540091897,-0.3034385470435018,-3.467217888298116
796,1cri_cofactor.pdb,1cri_cofactor.pdb,A,TYR,102,CE2,8.111470024068257,0.3839200823714658,-3.0553211994947915
797,1cri_cofactor.pdb,1cri_cofactor.pdb,A,TYR,102,CZ,9.449107545582196,0.7002416829819008,-3.240137930718668
798,1cri_cofactor.pdb,1cri_cofactor.pdb,A,TYR,102,OH,9.848939098396444,2.016042729757332,-3.1986213726890926
799,1cri_cofactor.pdb,1cri_cofactor.pdb,A,LEU,103,N,7.164513879365652,-3.092482963464062,-0.4397591237843312
800,1cri_cofactor.pdb,1cri_cofactor.pdb,A,LEU,103,CA,6.8637250486194405,-2.2327647440220133,0.7043075358628585
801,1cri_cofactor.pdb,1cri_cofactor.pdb,A,LEU,103,C,7.55379370106856,-2.665794679807833,1.9895741578094064
802,1cri_cofactor.pdb,1cri_cofactor.pdb,A,LEU,103,O,7.982737159851555,-1.821077754502916,2.778955431976845
803,1cri_cofactor.pdb,1cri_cofactor.pdb,A,LEU,103,CB,5.353956010225435,-2.165363807891832,0.959699513898764
804,1cri_cofactor.pdb,1cri_cofactor.pdb,A,LEU,103,CG,4.522231175125656,-1.2559349046062809,0.0653441844582733
805,1cri_cofactor.pdb,1cri_cofactor.pdb,A,LEU,103,CD1,3.050736197637758,-1.3798097101267333,0.4612521216797242
806,1cri_cofactor.pdb,1cri_cofactor.pdb,A,LEU,103,CD2,4.988178070676867,0.1912831975580765,0.2186522746375919
807,1cri_cofactor.pdb,1cri_cofactor.pdb,A,LYS,104,N,7.653061908284857,-3.969773471845008,2.2157201859994213
808,1cri_cofactor.pdb,1cri_cofactor.pdb,A,LYS,104,CA,8.30299919720592,-4.46083507580955,3.429350152534257
809,1cri_cofactor.pdb,1cri_cofactor.pdb,A,LYS,104,C,9.746036421765917,-3.974672189577608,3.5170894696527477
810,1cri_cofactor.pdb,1cri_cofactor.pdb,A,LYS,104,O,10.241970402894523,-3.6743722803904335,4.60306531628416
811,1cri_cofactor.pdb,1cri_cofactor.pdb,A,LYS,104,CB,8.26777322385883,-5.991287618172552,3.472518229047457
812,1cri_cofactor.pdb,1cri_cofactor.pdb,A,LYS,104,CG,6.893002018845031,-6.565674295838801,3.7823295042139615
813,1cri_cofactor.pdb,1cri_cofactor.pdb,A,LYS,104,CD,6.880386538038426,-8.085552661271018,3.677110093148812
814,1cri_cofactor.pdb,1cri_cofactor.pdb,A,LYS,104,CE,7.848648747090483,-8.737342346337512,4.6513871672782
815,1cri_cofactor.pdb,1cri_cofactor.pdb,A,LYS,104,NZ,7.827833986220801,-10.220154095510738,4.541184372717157
816,1cri_cofactor.pdb,1cri_cofactor.pdb,A,LYS,105,N,10.41280310325209,-3.8885026507737,2.371827701812592
817,1cri_cofactor.pdb,1cri_cofactor.pdb,A,LYS,105,CA,11.799327523820365,-3.4256218277019093,2.3342266895360133
818,1cri_cofactor.pdb,1cri_cofactor.pdb,A,LYS,105,C,11.894138062898373,-1.905174299098346,2.337129944910044
819,1cri_cofactor.pdb,1cri_cofactor.pdb,A,LYS,105,O,12.688013369389148,-1.3234611309929685,3.084582628835316
820,1cri_cofactor.pdb,1cri_cofactor.pdb,A,LYS,105,CB,12.499701143730242,-3.9596274879517264,1.0769153502591022
821,1cri_cofactor.pdb,1cri_cofactor.pdb,A,LYS,105,CG,12.734209092798684,-5.457281313187729,1.0576837268812256
822,1cri_cofactor.pdb,1cri_cofactor.pdb,A,LYS,105,CD,13.34543133409985,-5.887205728902373,-0.2724853486411457
823,1cri_cofactor.pdb,1cri_cofactor.pdb,A,LYS,105,CE,13.723274286532636,-7.363988323339124,-0.2767995091560672
824,1cri_cofactor.pdb,1cri_cofactor.pdb,A,LYS,105,NZ,14.895708777610032,-7.659992164292403,0.5894532404882982
825,1cri_cofactor.pdb,1cri_cofactor.pdb,A,ALA,106,N,11.09069381069341,-1.2609273710163869,1.5085375884120324
826,1cri_cofactor.pdb,1cri_cofactor.pdb,A,ALA,106,CA,11.131049351399628,0.1921565953970518,1.372888055822305
827,1cri_cofactor.pdb,1cri_cofactor.pdb,A,ALA,106,C,10.678698268831267,0.9958319162233278,2.5916880300941383
828,1cri_cofactor.pdb,1cri_cofactor.pdb,A,ALA,106,O,11.11026532136659,2.13678992152479,2.7708559989201578
829,1cri_cofactor.pdb,1cri_cofactor.pdb,A,ALA,106,CB,10.31306569289542,0.6088037760764213,0.1543623993474968
830,1cri_cofactor.pdb,1cri_cofactor.pdb,A,THR,107,N,9.820091351813822,0.4151016372229552,3.414530762514141
831,1cri_cofactor.pdb,1cri_cofactor.pdb,A,THR,107,CA,9.300197004010691,1.1478584714470934,4.569537880328125
832,1cri_cofactor.pdb,1cri_cofactor.pdb,A,THR,107,C,9.968504132335749,0.8387052978682324,5.905400467122943
833,1cri_cofactor.pdb,1cri_cofactor.pdb,A,THR,107,O,9.54527189648574,1.3649202058972767,6.941332304892406
834,1cri_cofactor.pdb,1cri_cofactor.pdb,A,THR,107,CB,7.7818815082006365,0.919325358976462,4.730977442156938
835,1cri_cofactor.pdb,1cri_cofactor.pdb,A,THR,107,OG1,7.523288660647942,-0.4706552928804814,4.974478052263912
836,1cri_cofactor.pdb,1cri_cofactor.pdb,A,THR,107,CG2,7.039106981869298,1.3673404097221749,3.4767358319080284
837,1cri_cofactor.pdb,1cri_cofactor.pdb,A,GLU,108,N,11.004535333962648,0.0176945663035055,5.904388736087651
838,1cri_cofactor.pdb,1cri_cofactor.pdb,A,GLU,108,CA,11.67750200526618,-0.3102440451203166,7.156064823472138
839,1cri_cofactor.pdb,1cri_cofactor.pdb,A,GLU,108,C,12.931351912557687,0.5395788235857139,7.348534146135605
840,1cri_cofactor.pdb,1cri_cofactor.pdb,A,GLU,108,O,13.408148093377934,0.6435756080115868,8.490819186884757
841,1cri_cofactor.pdb,1cri_cofactor.pdb,A,GLU,108,CB,12.024239561691726,-1.806966668448289,7.220771373934084
842,1cri_cofactor.pdb,1cri_cofactor.pdb,A,GLU,108,CG,13.095717823879436,-2.2700039607414557,6.253768397144157
843,1cri_cofactor.pdb,1cri_cofactor.pdb,A,GLU,108,CD,13.372132743440217,-3.767094573016628,6.364827137291964
844,1cri_cofactor.pdb,1cri_cofactor.pdb,A,GLU,108,OE1,14.40977104362103,-4.212146190859189,5.842140049750845
845,1cri_cofactor.pdb,1cri_cofactor.pdb,A,GLU,108,OE2,12.555796458351884,-4.49477952906012,6.961370289338791
846,1cri_cofactor.pdb,1cri_cofactor.pdb,A,GLU,108,OXT,13.43931633795161,1.117718858525322,6.367979174265331
