PDB_Code,Actual,Predicted,Correct,Prob_HEME,Prob_FAD,Prob_Zn2,Prob_Cu1,Prob_Cofactorless
8Z44,FAD,FAD,1,0.007258943,0.96370107,0.020683961,0.0021415872,0.0062144357
7OG7,Cu+,Cu+,1,0.04259532,0.006971806,0.061783746,0.8585837,0.0300655
2FT7,Cu+,Cu+,1,0.0015693572,0.0011338589,0.0030383049,0.9891656,0.005092886
3P6N,HEME,HEME,1,0.94906884,0.0096235685,0.032058585,0.0019752572,0.0072737797
1FT7,Zn2+,Zn2+,1,0.117374204,0.07424473,0.5068747,0.10784298,0.19366339
3WEC,HEME,HEME,1,0.46396208,0.36865386,0.05587546,0.015462478,0.09604613
1A8Z,Cu+,Cu+,1,0.015036502,0.0027927004,0.021154838,0.94586235,0.015153654
4NVN,HEME,HEME,1,0.98634297,0.0019441766,0.004594153,0.00097367214,0.006145053
6UGR,Zn2+,Zn2+,1,0.0039608753,0.0033778974,0.97941786,0.0018413169,0.011402068
7G3B,Zn2+,Zn2+,1,0.0122186765,0.008116074,0.9715161,0.001495864,0.006653295
5MSZ,Cu+,Zn2+,0,0.23371387,0.046738274,0.4889551,0.021579245,0.20901343
8Z45,FAD,FAD,1,0.007258943,0.96370107,0.020683961,0.0021415872,0.0062144357
1YSO,Zn2+,Cu+,0,0.024596749,0.0012997593,0.011350582,0.9571426,0.0056103864
7RKR,HEME,HEME,1,0.7448782,0.17606947,0.04713585,0.00429174,0.02762474
7OR2,FAD,FAD,1,0.046037924,0.9143152,0.0040452816,0.0008951376,0.03470647
4MAI,Cu+,Cofactorless,0,0.0041212114,0.008652343,0.01282944,0.020211607,0.95418537
8EWQ,HEME,HEME,1,0.9287429,0.037484705,0.02131356,0.0029310086,0.009527824
3NT0,Cu+,Cu+,1,0.016708972,0.2425855,0.16221674,0.5512766,0.027212167
1BXA,Cu+,Cu+,1,0.0017253485,0.000789872,0.0059063947,0.9885598,0.003018615
4DPC,Cu+,Cu+,1,0.00076324795,0.00053599995,0.004160412,0.98567295,0.008867372
7UHI,Zn2+,Zn2+,1,0.04301161,0.023351032,0.84734595,0.029996483,0.056294896
3QM8,HEME,HEME,1,0.79941684,0.0017367268,0.0750966,0.0014279354,0.12232188
1H3N,Zn2+,HEME,0,0.4288572,0.21365376,0.30516228,0.009970835,0.04235594
2CAK,Cu+,Cu+,1,0.02332205,0.0041170064,0.020863367,0.927114,0.02458361
1D3S,HEME,HEME,1,0.8774956,0.010208398,0.04041352,0.036013857,0.035868615
2YYM,FAD,FAD,1,0.21808407,0.7029426,0.045266792,0.0051151672,0.028591385
2XV2,Cu+,Cu+,1,0.002356951,0.0011576434,0.005223462,0.98765045,0.0036114983
7PQ1,HEME,HEME,1,0.93075645,0.019479986,0.016629515,0.0018561698,0.031277865
1YZP,HEME,HEME,1,0.94358516,0.0074413368,0.025556134,0.009375743,0.014041676
6KM5,Zn2+,Zn2+,1,0.0034637968,0.003124955,0.9824331,0.0012809304,0.009697214
3P6U,HEME,HEME,1,0.78432775,0.041922305,0.14237946,0.007948168,0.023422277
5NS5,Zn2+,Zn2+,1,0.055397477,0.011123028,0.9172986,0.0053803613,0.010800485
2J18,HEME,HEME,1,0.87567157,0.007154265,0.08293267,0.00412282,0.030118683
1REO,FAD,FAD,1,0.027971398,0.7696998,0.15672189,0.009457529,0.03614937
1E1L,FAD,FAD,1,0.016207052,0.93295264,0.021824274,0.0015218605,0.027494214
1PHA,HEME,HEME,1,0.939736,0.011481253,0.037891272,0.0022813077,0.00861021
2AW1,Zn2+,Zn2+,1,0.0029568707,0.0021049106,0.98405325,0.0012506603,0.009634336
8JDY,FAD,FAD,1,0.010776975,0.84983474,0.07337364,0.040384375,0.025630292
2CAL,Cu+,Cu+,1,0.012701553,0.002948417,0.017744234,0.9542701,0.012335612
3ORJ,Zn2+,FAD,0,0.030070547,0.39470106,0.1832642,0.01613424,0.37582996
8A1H,FAD,FAD,1,0.10211595,0.7779608,0.055813946,0.008082371,0.056026928
8Z3G,FAD,FAD,1,0.008826454,0.9601556,0.021653686,0.0024608138,0.0069033694
4CXO,Zn2+,Zn2+,1,0.024130058,0.03324054,0.88732284,0.0064144046,0.048892125
5GRT,FAD,FAD,1,0.0041165804,0.95345265,0.025531866,0.0048167054,0.012082191
7Y2E,Zn2+,Zn2+,1,0.0034637968,0.003124955,0.9824331,0.0012809304,0.009697214
1DOB,FAD,FAD,1,0.00423073,0.9798392,0.0071554976,0.0020755967,0.0066989707
2AQJ,FAD,FAD,1,0.02496747,0.7424301,0.09742717,0.00827695,0.12689827
2H2I,Zn2+,Zn2+,1,0.2650405,0.12733492,0.38211572,0.027304687,0.19820413
1PXC,FAD,FAD,1,0.00405441,0.9817602,0.0060220705,0.0018949277,0.00626832
1OWP,FAD,FAD,1,0.015637565,0.9573473,0.016898796,0.0013762686,0.008740086
3NLC,FAD,FAD,1,0.011173438,0.94806445,0.022505406,0.003913833,0.014342853
3FG2,FAD,FAD,1,0.031969365,0.8820971,0.03349658,0.008021106,0.044415817
1JZG,Cu+,Cu+,1,0.0053087533,0.0047091856,0.0114799235,0.96574444,0.0127577325
1E1N,FAD,FAD,1,0.016207052,0.93295264,0.021824274,0.0015218605,0.027494214
1OGI,FAD,FAD,1,0.007707074,0.93631405,0.02653355,0.001843607,0.027601687
3DSO,Cu+,Cofactorless,0,0.23712625,0.017446006,0.12676884,0.05835932,0.5602996
3QQX,Cu+,Cu+,1,0.00854458,0.09941279,0.106838144,0.76815367,0.017050844
1DZ0,Cu+,Cu+,1,0.012989683,0.0017274156,0.018092737,0.9564898,0.010700318
5SSZ,Cu+,Cu+,1,0.008456524,0.00650077,0.010876379,0.9425896,0.031576756
1OF0,Cu+,Cu+,1,0.0113106435,0.05897416,0.05004047,0.86390704,0.015767757
3FKG,HEME,HEME,1,0.85575163,0.01764813,0.05683357,0.03864676,0.031119935
6RTM,FAD,FAD,1,0.0031558617,0.9827073,0.0062621664,0.0010214237,0.00685319
3T87,Zn2+,Zn2+,1,0.011606295,0.0046699536,0.8729841,0.0873822,0.023357475
7HUX,Zn2+,Zn2+,1,0.0057451213,0.017773885,0.92084044,0.0064664828,0.04917405
1CRI,HEME,HEME,1,0.88360876,0.0050913068,0.036083266,0.028774709,0.04644195
4D3T,HEME,HEME,1,0.85530996,0.037936594,0.043741643,0.0036716498,0.059340186
1DVE,HEME,HEME,1,0.56763285,0.016473807,0.20242669,0.01608454,0.19738212
1DS4,HEME,HEME,1,0.90680844,0.0039997194,0.007477471,0.0020393364,0.07967511
2E0P,Zn2+,FAD,0,0.09374804,0.4209222,0.26077995,0.020500246,0.20404953
7XJ4,Zn2+,Cofactorless,0,0.014176684,0.005092929,0.08718074,0.005940061,0.88760954
3F7L,Cu+,Zn2+,0,0.018093307,0.14907604,0.40406534,0.076771475,0.3519938
1VXA,HEME,HEME,1,0.98672986,0.0014098777,0.005375891,0.0015059368,0.004978368
5NQM,Cu+,Cu+,1,0.0024064558,0.0037100432,0.006454,0.9785477,0.00888176
3AXB,FAD,FAD,1,0.04409322,0.6921814,0.11454273,0.038327478,0.110855184
2WEG,Zn2+,Zn2+,1,0.0032142762,0.0032187854,0.9790278,0.001389366,0.013149756
3PB9,Zn2+,HEME,0,0.51686865,0.016081288,0.027895259,0.0027211723,0.43643364
4BTE,Cu+,Cu+,1,0.016852839,0.008583942,0.0307918,0.5599804,0.383791
4NVA,HEME,HEME,1,0.98634297,0.0019441766,0.004594153,0.00097367214,0.006145053
1SOG,HEME,HEME,1,0.9617176,0.0041509364,0.010179359,0.0022872332,0.021664819
1HFC,Zn2+,Zn2+,1,0.26577017,0.014997301,0.6084549,0.058533117,0.052244555
4P5S,Cu+,Cu+,1,0.0026684245,0.0012824504,0.010098737,0.98025113,0.0056992495
2WHZ,Zn2+,Zn2+,1,0.012000091,0.0043939133,0.8081074,0.15336218,0.02213643
6PJV,Zn2+,Zn2+,1,0.06104399,0.018080242,0.54669744,0.03667564,0.3375027
3KZZ,Zn2+,HEME,0,0.6664774,0.015556026,0.21223396,0.005695075,0.10003755
5CMV,HEME,HEME,1,0.969871,0.0015721532,0.017881302,0.0018298253,0.00884574
4DPA,Cu+,Cu+,1,0.00076324795,0.00053599995,0.004160412,0.98567295,0.008867372
6HQM,HEME,HEME,1,0.906308,0.06737139,0.010771349,0.0049895234,0.01055982
4N3T,Cu+,Cu+,1,0.007916732,0.0017921263,0.035585947,0.94759196,0.0071132695
3COX,FAD,FAD,1,0.014197221,0.917829,0.047273446,0.0072340593,0.013466345
1PHH,FAD,FAD,1,0.0043211523,0.9787763,0.0071023046,0.003045033,0.006755227
5KOW,FAD,FAD,1,0.013072913,0.9569411,0.021150073,0.0032011522,0.0056346995
1G4J,Zn2+,Zn2+,1,0.0029568707,0.0021049106,0.98405325,0.0012506603,0.009634336
1BES,HEME,HEME,1,0.9699112,0.0036394466,0.011806052,0.0019856477,0.012657665
8Z26,FAD,FAD,1,0.004711312,0.9685962,0.016025733,0.0021725378,0.008494178
9GN5,FAD,HEME,0,0.5495091,0.26445735,0.04148104,0.009644846,0.13490768
4F2F,Cu+,Cu+,1,0.020461438,0.005999137,0.08244651,0.8425972,0.04849573
1OWN,FAD,FAD,1,0.018994864,0.9525923,0.017688887,0.0016267654,0.009097136
6ICI,FAD,FAD,1,0.3238077,0.4620285,0.09355623,0.0035559395,0.11705159
2H6S,Zn2+,Zn2+,1,0.0094893705,0.068688616,0.70467454,0.005976569,0.21117093
6BD7,HEME,HEME,1,0.9454031,0.021626363,0.017611956,0.0020903193,0.013268215
2BLI,HEME,HEME,1,0.96895504,0.0031743052,0.012238516,0.0032350551,0.01239707
2XRY,FAD,FAD,1,0.0049207713,0.92333657,0.03784993,0.0017476763,0.03214499
1E63,FAD,FAD,1,0.0052029793,0.962544,0.014112891,0.001058591,0.017081445
2B5W,Zn2+,HEME,0,0.39882392,0.09694181,0.29834092,0.030800998,0.17509235
7VFR,Zn2+,FAD,0,0.016707027,0.85367364,0.028622981,0.007211164,0.09378521
1A3Z,Cu+,Cu+,1,0.005119392,0.00079704454,0.008043948,0.98019,0.005849633
8FDJ,HEME,HEME,1,0.9812959,0.0017672078,0.008551097,0.0016900826,0.0066956896
1JIN,HEME,HEME,1,0.97803783,0.0071628033,0.0043455954,0.0023040818,0.008149685
2QDW,Cu+,Cu+,1,0.0016749746,0.0007336652,0.0068940166,0.9876293,0.0030681128
2XMW,Cu+,Cu+,1,0.014361149,0.03418867,0.030703241,0.6510148,0.26973212
5KD1,HEME,HEME,1,0.98321044,0.0018467406,0.007182675,0.0018925208,0.0058676056
1RJU,Cu+,Cofactorless,0,0.006189396,0.023467125,0.043410864,0.04551124,0.8814214
1Z1N,Zn2+,Zn2+,1,0.09671481,0.14038253,0.64934677,0.0205403,0.09301557
8X38,FAD,FAD,1,0.019231344,0.8932289,0.015557261,0.0029873173,0.068995155
1MKR,HEME,Cofactorless,0,0.3740683,0.016079176,0.037301637,0.008261987,0.5642889
6YRZ,FAD,FAD,1,0.009579245,0.97594917,0.0067050797,0.003636232,0.0041303127
1QNF,FAD,FAD,1,0.018994864,0.9525923,0.017688887,0.0016267654,0.009097136
2CCW,Cu+,Cu+,1,0.012989683,0.0017274156,0.018092737,0.9564898,0.010700318
3F7K,Cu+,Cu+,1,0.004681526,0.0026065465,0.032975346,0.9417209,0.01801568
9DTK,FAD,FAD,1,0.03392263,0.4780777,0.023373697,0.009082128,0.45554388
3DJJ,FAD,FAD,1,0.0025484974,0.9765663,0.012356933,0.0019674357,0.0065607587
6GEQ,HEME,HEME,1,0.9785917,0.007191822,0.007339059,0.0017538021,0.005123699
5KBM,Cu+,Cu+,1,0.01344146,0.0019170746,0.031527463,0.94667464,0.006439336
2XV0,Cu+,Cu+,1,0.002099704,0.0010785168,0.004987907,0.98816353,0.0036704014
3RTT,Zn2+,Zn2+,1,0.051098704,0.018389298,0.6931013,0.12557998,0.111830726
5SSX,Cu+,Cu+,1,0.01221004,0.013321644,0.03506812,0.84491515,0.09448504
2JCW,Cu+,Zn2+,0,0.12659827,0.0055794306,0.60960275,0.23314577,0.025073752
3EF6,FAD,FAD,1,0.033557568,0.8440534,0.0365269,0.020672424,0.06518964
1UX8,HEME,HEME,1,0.43580785,0.033321507,0.3887439,0.011385156,0.13074161
7G68,Zn2+,Zn2+,1,0.0112340525,0.010056535,0.9686206,0.002842722,0.0072460896
5SSY,Cu+,Cu+,1,0.008456524,0.00650077,0.010876379,0.9425896,0.031576756
3I9Z,Cu+,Cu+,1,0.01111319,0.0029476522,0.015500423,0.9163426,0.054096073
1CCC,HEME,HEME,1,0.9085663,0.015168201,0.02839411,0.0057598082,0.04211158
6L9S,Cu+,Cu+,1,0.004448024,0.0024985515,0.010544907,0.9349196,0.047588993
3OY0,Zn2+,Zn2+,1,0.002903623,0.0022381712,0.9823215,0.0012961191,0.011240545
7HVJ,Zn2+,Zn2+,1,0.0061766054,0.018704772,0.9165977,0.0067949397,0.05172595
4ZDY,HEME,HEME,1,0.8974318,0.025464045,0.063811116,0.0039125956,0.009380433
1HKK,Zn2+,Cofactorless,0,0.20074797,0.10746553,0.09316765,0.012573246,0.5860456
2BZC,Cu+,Cu+,1,0.022495514,0.0068194973,0.019529998,0.71305996,0.23809502
4TM7,Cu+,Cofactorless,0,0.124124415,0.05644814,0.27282327,0.028752118,0.517852
1IRC,HEME,HEME,1,0.9864972,0.0014130615,0.005092232,0.0014814973,0.005516049
3PN5,Zn2+,Zn2+,1,0.21184354,0.029213296,0.36403817,0.033652786,0.36125225
2E88,Zn2+,Cofactorless,0,0.012191784,0.17776817,0.17409252,0.06129052,0.574657
8K41,FAD,FAD,1,0.019476136,0.7466331,0.052249715,0.03892814,0.14271288
7C4N,FAD,Zn2+,0,0.14362672,0.3324067,0.3408768,0.0060398574,0.17704993
3QFS,FAD,Zn2+,0,0.07280536,0.18967648,0.64952505,0.015503344,0.07248976
7O2S,Zn2+,Zn2+,1,0.10872247,0.011240938,0.75096875,0.010543406,0.11852445
1DOE,FAD,FAD,1,0.0043200194,0.975759,0.010316817,0.0029187065,0.0066854693
6YHE,Zn2+,Zn2+,1,0.010939421,0.03477981,0.9305428,0.0053724255,0.018365536
1C53,HEME,HEME,1,0.73457795,0.024295924,0.04611025,0.06791731,0.12709858
1BEK,HEME,HEME,1,0.9559022,0.0059600053,0.014493667,0.003340191,0.020303886
1H71,Zn2+,Zn2+,1,0.18652861,0.22034113,0.37389585,0.034502674,0.1847317
6LD4,Zn2+,Zn2+,1,0.03304776,0.10118786,0.621897,0.007645098,0.23622233
5HLQ,HEME,HEME,1,0.97886866,0.0022375262,0.008768395,0.002209363,0.007916026
6CLD,Zn2+,FAD,0,0.07807757,0.46380335,0.124006,0.0326941,0.30141902
7VJ0,FAD,FAD,1,0.0050513395,0.92305994,0.041600987,0.0018396082,0.028448159
7RT0,FAD,FAD,1,0.023580896,0.8447866,0.018646438,0.007626644,0.10535951
1SF3,Cu+,Cu+,1,0.0016080581,0.00075170194,0.005668922,0.98929065,0.0026807182
3TGE,Zn2+,Zn2+,1,0.028757935,0.010579219,0.92943835,0.0037581364,0.027466312
3M8M,HEME,HEME,1,0.94358516,0.0074413368,0.025556134,0.009375743,0.014041676
8JDG,FAD,FAD,1,0.008668338,0.9205877,0.03559921,0.019317603,0.015827175
9F1Y,FAD,Zn2+,0,0.019096319,0.055085454,0.49657896,0.0023329642,0.42690635
5JCK,FAD,FAD,1,0.012712984,0.9354151,0.006983568,0.00688298,0.038005337
4RM4,HEME,HEME,1,0.85413337,0.032129746,0.018495452,0.0072050462,0.08803632
2CYM,HEME,Zn2+,0,0.25655082,0.03742965,0.39563113,0.27028027,0.04010811
6QVH,Cu+,Cu+,1,0.0033439798,0.011304099,0.007214415,0.9426572,0.03548039
5NYA,Zn2+,Zn2+,1,0.003453609,0.002945291,0.98203444,0.0016248947,0.009941809
8CCL,FAD,FAD,1,0.012075679,0.9134917,0.040783856,0.010156787,0.023491923
4G8U,HEME,HEME,1,0.7362332,0.009318392,0.030943263,0.0016107848,0.2218944
4DEF,Zn2+,Zn2+,1,0.22890212,0.047452774,0.54785216,0.10191179,0.07388116
6LD1,Zn2+,Zn2+,1,0.03304776,0.10118786,0.621897,0.007645098,0.23622233
6V4V,Zn2+,Cofactorless,0,0.11159316,0.16185679,0.24884479,0.023043016,0.45466223
1DOC,FAD,FAD,1,0.0043200194,0.975759,0.010316817,0.0029187065,0.0066854693
5NQO,Cu+,Cu+,1,0.0023972788,0.00394092,0.0055140066,0.97942126,0.00872651
5KBK,Cu+,Cu+,1,0.026381737,0.0052101808,0.23087616,0.718946,0.01858592
1UUY,Cu+,Cu+,1,0.017467491,0.0035562012,0.011152089,0.74863875,0.21918544
4NVG,HEME,HEME,1,0.98634297,0.0019441766,0.004594153,0.00097367214,0.006145053
1TJ1,FAD,Cofactorless,0,0.018595377,0.1748809,0.046125405,0.0055763205,0.754822
6R01,Cu+,Cu+,1,0.0018570548,0.0064751194,0.0060649593,0.9561766,0.029426277
2ACP,HEME,HEME,1,0.9200788,0.004860794,0.024282934,0.0066701537,0.044107296
5XXI,HEME,HEME,1,0.86270386,0.08327487,0.022409808,0.005725495,0.025885928
5ARN,Cu+,Cu+,1,0.0025583834,0.0044570747,0.005920382,0.97774863,0.009315565
1H5H,HEME,HEME,1,0.9451795,0.006165446,0.026592523,0.005443605,0.016618945
7JOB,Zn2+,Zn2+,1,0.0048531853,0.002518723,0.96552247,0.0018357419,0.0252699
2J19,HEME,HEME,1,0.8744915,0.0069268937,0.084720336,0.0040934947,0.029767754
6HQK,HEME,HEME,1,0.8977308,0.07406209,0.013068048,0.0050420747,0.0100969635
1FUA,Zn2+,Zn2+,1,0.055126317,0.047753736,0.6886405,0.05935828,0.14912118
2BAB,FAD,FAD,1,0.04142731,0.6797847,0.20796232,0.007711363,0.06311431
1HAW,Cu+,Zn2+,0,0.17852044,0.081637286,0.6656198,0.0321866,0.042035833
1YYD,HEME,HEME,1,0.94358516,0.0074413368,0.025556134,0.009375743,0.014041676
7G3R,Zn2+,Zn2+,1,0.0112340525,0.010056535,0.9686206,0.002842722,0.0072460896
3GYJ,FAD,FAD,1,0.006132468,0.95264524,0.030164909,0.0035140067,0.0075434134
1E39,FAD,FAD,1,0.019615002,0.928237,0.042311672,0.002592373,0.007243972
2IDU,Cu+,Cu+,1,0.0019277269,0.00078883854,0.0072436025,0.9860591,0.0039806683
5NQN,Cu+,Cu+,1,0.0025583834,0.0044570747,0.005920382,0.97774863,0.009315565
7YHD,Zn2+,Zn2+,1,0.024730468,0.041485295,0.7918053,0.027480416,0.11449846
4DP8,Cu+,Cu+,1,0.00076324795,0.00053599995,0.004160412,0.98567295,0.008867372
7Z0N,Zn2+,Zn2+,1,0.019505316,0.011046425,0.95895976,0.0025581808,0.007930333
5U5U,HEME,HEME,1,0.98634297,0.0019441766,0.004594153,0.00097367214,0.006145053
1GWU,HEME,HEME,1,0.94542503,0.0073800776,0.027262108,0.0056001116,0.014332656
7IE4,Cofactorless,Cofactorless,1,0.0049706385,0.0047327057,0.025135532,0.008744412,0.9564168
3NPO,Cofactorless,Cofactorless,1,0.010501787,0.007154429,0.014167013,0.030731078,0.9374457
1W7B,Cofactorless,Cofactorless,1,0.058890082,0.07230371,0.12746976,0.0070668245,0.7342696
3V75,Cofactorless,HEME,0,0.5697435,0.021195164,0.043207325,0.01746104,0.34839296
4WEI,Cofactorless,Cofactorless,1,0.01946837,0.023568016,0.042853348,0.033242974,0.88086736
3RLE,Cofactorless,Cofactorless,1,0.025171176,0.013043045,0.46162462,0.030520352,0.46964076
5RCS,Cofactorless,Cofactorless,1,0.009712234,0.0124825705,0.026013156,0.002846627,0.9489454
5C10,Cofactorless,Cofactorless,1,0.08521902,0.10270799,0.1679432,0.016301008,0.6278288
1PEN,Cofactorless,Cofactorless,1,0.049386162,0.05391985,0.06740753,0.34196195,0.4873245
6RU3,Cofactorless,Cofactorless,1,0.005112958,0.0061368165,0.02021015,0.07502468,0.89351535
1XAA,Cofactorless,HEME,0,0.57457525,0.028642893,0.014246583,0.0071209576,0.37541437
4G2E,Cofactorless,Cofactorless,1,0.019115934,0.0030217501,0.026506355,0.03837367,0.9129823
4G14,Cofactorless,Cofactorless,1,0.21430913,0.1883742,0.088413194,0.1703976,0.33850586
7Y5J,Cofactorless,Cofactorless,1,0.003889377,0.00446603,0.053853035,0.12519236,0.81259924
3PTW,Cofactorless,Zn2+,0,0.24831699,0.118603945,0.40165296,0.01539856,0.21602757
4WFU,Cofactorless,Cu+,0,0.018640377,0.0030743878,0.21726745,0.59743565,0.16358212
1GVL,Cofactorless,Zn2+,0,0.007028702,0.016097907,0.79961133,0.06291823,0.11434383
9L1R,Cofactorless,Cofactorless,1,0.107427,0.0210188,0.1304741,0.012617839,0.7284623
6K5M,Cofactorless,Cofactorless,1,0.026578834,0.011971173,0.054704655,0.0025667239,0.90417856
5P7D,Cofactorless,Cofactorless,1,0.004927574,0.004638674,0.013045812,0.0025039501,0.97488403
4P9L,Cofactorless,Cofactorless,1,0.01782116,0.04054507,0.15176417,0.275921,0.5139486
1MJZ,Cofactorless,Zn2+,0,0.064130776,0.027506564,0.36192006,0.22693726,0.31950527
2O6X,Cofactorless,Cofactorless,1,0.059804738,0.21658656,0.0726165,0.18622461,0.46476755
132L,Cofactorless,Cofactorless,1,0.003986368,0.0046375343,0.0119021395,0.008325547,0.97114843
4PMD,Cofactorless,Zn2+,0,0.117915526,0.06331562,0.6110005,0.02384429,0.18392408
3OUV,Cofactorless,Cofactorless,1,0.03840248,0.009017194,0.05441189,0.035174053,0.8629944
5NJM,Cofactorless,Cofactorless,1,0.003986368,0.0046375343,0.0119021395,0.008325547,0.97114843
3SYJ,Cofactorless,Cofactorless,1,0.021603338,0.3014982,0.20249577,0.030448716,0.44395393
2YLH,Cofactorless,Cofactorless,1,0.0076157516,0.008789651,0.008983088,0.0118268775,0.96278465
1HE9,Cofactorless,Cofactorless,1,0.06383845,0.02662339,0.068493396,0.011654714,0.82939005
5YDN,Cofactorless,Cofactorless,1,0.057586126,0.04262534,0.058468226,0.020652357,0.820668
8C9L,Cofactorless,Zn2+,0,0.026555596,0.18280195,0.49937892,0.024700558,0.266563
3RFY,Cofactorless,Cofactorless,1,0.05768774,0.03268221,0.028239174,0.005319462,0.8760714
1QTO,Cofactorless,HEME,0,0.5618792,0.021802066,0.064526014,0.2681172,0.08367555
3VSR,Cofactorless,Zn2+,0,0.13275386,0.09672008,0.6064152,0.01939782,0.14471304
4WJ1,Cofactorless,HEME,0,0.55218625,0.21686208,0.019558478,0.011075862,0.20031731
3ASD,Cofactorless,Cofactorless,1,0.04815079,0.013951567,0.18889649,0.0037766497,0.7452245
4QRZ,Cofactorless,Cofactorless,1,0.007823479,0.09606599,0.07966454,0.0043853363,0.8120606
4OEF,Cofactorless,Cofactorless,1,0.087979905,0.005771208,0.05746357,0.0039836606,0.8448016
3ZPJ,Cofactorless,Cofactorless,1,0.03392946,0.14478593,0.25187257,0.011997738,0.5574143
3R63,Cofactorless,Cofactorless,1,0.07826165,0.26511702,0.28693858,0.010649244,0.35903347
2WLW,Cofactorless,Cu+,0,0.0053628506,0.0021342468,0.008405258,0.9645908,0.019506859
1YRV,Cofactorless,Zn2+,0,0.15466772,0.014361643,0.6423439,0.005214545,0.18341216
6CB6,Cofactorless,Cofactorless,1,0.1796764,0.0078813415,0.0547402,0.0062470157,0.751455
3H2G,Cofactorless,FAD,0,0.0329749,0.4521602,0.44912526,0.021447968,0.044291716
6VV4,Cofactorless,Zn2+,0,0.076226726,0.05901957,0.46368638,0.043138653,0.35792866
1YU7,Cofactorless,HEME,0,0.704341,0.040243015,0.056452468,0.017166922,0.18179663
1FQI,Cofactorless,Cofactorless,1,0.032506056,0.0046204343,0.13276418,0.0024206087,0.82768875
7ID0,Cofactorless,Cofactorless,1,0.0049706385,0.0047327057,0.025135532,0.008744412,0.9564168
6K1Y,Cofactorless,Cofactorless,1,0.0036972784,0.031023592,0.077937394,0.0020804622,0.88526124
1UIA,Cofactorless,Cofactorless,1,0.0059465594,0.005677088,0.01805805,0.01256492,0.9577534
7IEG,Cofactorless,Cofactorless,1,0.0052888137,0.0051485207,0.026356125,0.009216917,0.9539896
1BFG,Cofactorless,Cofactorless,1,0.06883195,0.0074011837,0.13639483,0.047846306,0.73952574
3JSN,Cofactorless,Cofactorless,1,0.14983591,0.03672694,0.02506291,0.010366731,0.77800745
2BQQ,Cofactorless,Cofactorless,1,0.0037786413,0.0015437189,0.012923926,0.060956057,0.9207977
2FGT,Cofactorless,Cofactorless,1,0.014756319,0.10685814,0.12552297,0.005641824,0.74722075
5R2I,Cofactorless,Cofactorless,1,0.009712234,0.0124825705,0.026013156,0.002846627,0.9489454
1YHW,Cofactorless,Zn2+,0,0.07382359,0.26360705,0.4601457,0.012582728,0.18984091
6J6E,Cofactorless,Cofactorless,1,0.017027266,0.06571501,0.12260111,0.017669223,0.77698743
3O7K,Cofactorless,Cofactorless,1,0.22731026,0.3040924,0.118426666,0.016949845,0.3332208
5ZO0,Cofactorless,Zn2+,0,0.03417107,0.05249846,0.4985229,0.08103428,0.33377326
5DZ9,Cofactorless,Cofactorless,1,0.06601931,0.06532719,0.011798544,0.006190281,0.8506646
6AO9,Cofactorless,Cofactorless,1,0.028191099,0.011212463,0.14119002,0.27628154,0.5431249
1HEP,Cofactorless,Cofactorless,1,0.0066768266,0.0077993604,0.02073562,0.014342879,0.95044523
5P1Q,Cofactorless,Cofactorless,1,0.004927574,0.004638674,0.013045812,0.0025039501,0.97488403
4TTP,Cofactorless,Cofactorless,1,0.03788073,0.007700265,0.16255137,0.004777826,0.7870898
1FHG,Cofactorless,Cofactorless,1,0.006912272,0.11276147,0.04351007,0.039899893,0.7969163
1KAB,Cofactorless,Cofactorless,1,0.033774145,0.009490837,0.04887823,0.15026703,0.75758976
1KWB,Cofactorless,Zn2+,0,0.30245033,0.09745722,0.5113963,0.017157475,0.0715387
2TMY,Cofactorless,Cofactorless,1,0.032850493,0.012830322,0.104495995,0.3519785,0.49784467
5NPT,Cofactorless,Cofactorless,1,0.037962466,0.011798114,0.10149104,0.01078131,0.83796704
1SNQ,Cofactorless,Cofactorless,1,0.029421689,0.0069914795,0.028748207,0.004867886,0.9299708
6JUI,Cofactorless,Cofactorless,1,0.008437068,0.012371942,0.08817022,0.0025871724,0.88843364
1QG5,Cofactorless,Cofactorless,1,0.0124675585,0.0077740983,0.014538506,0.033810746,0.93140906
1WKA,Cofactorless,HEME,0,0.43366376,0.05139673,0.10285157,0.09152773,0.3205602
7W8U,Cofactorless,Cofactorless,1,0.08624339,0.25405428,0.09474761,0.009292554,0.55566216
6F4M,Cofactorless,HEME,0,0.31494093,0.098706074,0.2957612,0.011760141,0.27883166
1SZT,Cofactorless,Cofactorless,1,0.032632362,0.04264683,0.30314472,0.010618052,0.610958
2Y7N,Cofactorless,Cofactorless,1,0.005875042,0.009422577,0.0098331785,0.011580439,0.9632887
3ZM2,Cofactorless,Cu+,0,0.080944926,0.09706673,0.13225554,0.41410366,0.27562913
2DX1,Cofactorless,Zn2+,0,0.11664722,0.3377,0.46698654,0.004329724,0.07433656
1DST,Cofactorless,Zn2+,0,0.0144385295,0.0831561,0.6450257,0.020427588,0.23695213
7VKP,Cofactorless,Cofactorless,1,0.020677764,0.07934298,0.15359724,0.035216507,0.71116555
2NWD,Cofactorless,Cofactorless,1,0.01611707,0.009956203,0.028280724,0.016111149,0.9295349
3P2J,Cofactorless,Zn2+,0,0.04228762,0.021406623,0.8261852,0.019023504,0.09109703
1T7N,Cofactorless,FAD,0,0.03651287,0.7626825,0.1427224,0.0114431335,0.046639163
7NMO,Cofactorless,Zn2+,0,0.009485614,0.021805687,0.48346028,0.05312159,0.4321268
8HEK,Cofactorless,Zn2+,0,0.13094181,0.013905978,0.49668968,0.19249846,0.16596408
2OBS,Cofactorless,Cofactorless,1,0.023873996,0.06588751,0.037377164,0.0064614285,0.86639994
9DD2,Cofactorless,Cofactorless,1,0.013852346,0.037501242,0.02341384,0.0059267953,0.91930574
7A8B,Cofactorless,Cofactorless,1,0.010892189,0.0048439237,0.041312885,0.0057385187,0.9372124
6HHN,Cofactorless,Cofactorless,1,0.14255923,0.006792086,0.03320465,0.0068485765,0.8105955
6P1F,Cofactorless,Cu+,0,0.010381293,0.0071613463,0.041546885,0.9014161,0.03949436
7IHZ,Cofactorless,Cofactorless,1,0.004927574,0.004638674,0.013045812,0.0025039501,0.97488403
1KF7,Cofactorless,Zn2+,0,0.121265255,0.027083704,0.35454062,0.35229525,0.14481519
1TP0,Cofactorless,Cofactorless,1,0.010714046,0.007514611,0.024661887,0.005060351,0.9520491
4KIA,Cofactorless,Cofactorless,1,0.104122974,0.018925862,0.117282726,0.0054357573,0.7542327
1XEI,Cofactorless,Cofactorless,1,0.0037511706,0.0043977904,0.0125092445,0.009327372,0.9700144
2F9F,Cofactorless,Cofactorless,1,0.01175874,0.00424226,0.04968082,0.009691885,0.9246263
3OKQ,Cofactorless,Cofactorless,1,0.07162484,0.07277835,0.10858004,0.0063944897,0.7406223
5P18,Cofactorless,Cofactorless,1,0.004927574,0.004638674,0.013045812,0.0025039501,0.97488403
2B2H,Cofactorless,FAD,0,0.2146623,0.25705996,0.17686506,0.23303047,0.11838221
3DGJ,Cofactorless,Cofactorless,1,0.21102504,0.010078415,0.21756783,0.02713341,0.5341953
1QMR,Cofactorless,Zn2+,0,0.04651969,0.005926502,0.556565,0.045437485,0.34555134
5R3B,Cofactorless,Cofactorless,1,0.009712234,0.0124825705,0.026013156,0.002846627,0.9489454
5IJM,Cofactorless,Cofactorless,1,0.03412104,0.033523694,0.012262364,0.0015472051,0.9185457
1L18,Cofactorless,Cofactorless,1,0.14229831,0.008725279,0.27552137,0.0059685144,0.5674865
3DQI,Cofactorless,Cofactorless,1,0.011441736,0.008291052,0.4295769,0.0038976697,0.5467926
5YNL,Cofactorless,Zn2+,0,0.12418887,0.020898651,0.74356055,0.054171637,0.057180244
3EMI,Cofactorless,Cofactorless,1,0.03517878,0.04218346,0.06875127,0.095152095,0.7587344
7P25,Cofactorless,Cofactorless,1,0.07699846,0.047241285,0.0996286,0.11382088,0.6623107
5Y5D,Cofactorless,Zn2+,0,0.04128382,0.013388289,0.90479445,0.020403521,0.020129979
3GS9,Cofactorless,Cofactorless,1,0.013457237,0.20461635,0.2982953,0.0070385574,0.47659254
6G9P,Cofactorless,FAD,0,0.19868626,0.42579627,0.18342061,0.013244522,0.17885232
2JDW,Cofactorless,FAD,0,0.11222236,0.27192384,0.23367393,0.18926698,0.19291286
6L2A,Cofactorless,Cofactorless,1,0.049094573,0.054868713,0.07316188,0.012107797,0.81076705
6AR0,Cofactorless,Cofactorless,1,0.06156942,0.014625567,0.2454725,0.2832056,0.3951269
1YG2,Cofactorless,Zn2+,0,0.22890846,0.043019056,0.41222417,0.008344083,0.30750424
1ANF,Cofactorless,Cofactorless,1,0.02354222,0.06718799,0.041290987,0.009072289,0.85890645
5G0Z,Cofactorless,Cofactorless,1,0.04166694,0.025849469,0.08213822,0.003719536,0.84662586
1JI6,Cofactorless,Zn2+,0,0.02970254,0.22752976,0.54767644,0.0053067105,0.18978454
7BAJ,Cofactorless,Zn2+,0,0.015869835,0.1306467,0.5682897,0.0138357505,0.27135807
3AA5,Cofactorless,Cofactorless,1,0.05099219,0.03064153,0.13624366,0.031780988,0.75034165
1TK1,Cofactorless,Zn2+,0,0.050171603,0.33961642,0.55980426,0.0036831934,0.04672451
5P0D,Cofactorless,Cofactorless,1,0.004927574,0.004638674,0.013045812,0.0025039501,0.97488403
1CNU,Cofactorless,Cofactorless,1,0.08911942,0.012289016,0.07928325,0.332646,0.4866623
2BMJ,Cofactorless,Cofactorless,1,0.10626078,0.015673772,0.053315606,0.00862159,0.81612825
2ICC,Cofactorless,Zn2+,0,0.029717738,0.06512874,0.44602674,0.056898054,0.40222868
3VYC,Cofactorless,Cofactorless,1,0.037335724,0.0474856,0.31691813,0.0048760185,0.59338456
1LIB,Cofactorless,Cofactorless,1,0.028111283,0.018465636,0.02753154,0.13088357,0.795008
5RDZ,Cofactorless,Cofactorless,1,0.009693718,0.012458772,0.02787005,0.0028412,0.9471363
6LYT,Cofactorless,Cofactorless,1,0.003986368,0.0046375343,0.0119021395,0.008325547,0.97114843
3UMF,Cofactorless,Cofactorless,1,0.012130881,0.0027846093,0.057639077,0.002013208,0.9254322
1L0B,Cofactorless,Cofactorless,1,0.0074679614,0.016028684,0.07829773,0.0042421953,0.89396346
5I4W,Cofactorless,Cofactorless,1,0.003986368,0.0046375343,0.0119021395,0.008325547,0.97114843
4ACO,Cofactorless,Cofactorless,1,0.019402744,0.048632436,0.038962107,0.004972121,0.8880306
2OBR,Cofactorless,Cofactorless,1,0.023873996,0.06588751,0.037377164,0.0064614285,0.86639994
1F1S,Cofactorless,FAD,0,0.008137173,0.9611146,0.01396531,0.002767008,0.01401595
4X1O,Cofactorless,Cofactorless,1,0.025166849,0.045070034,0.024568789,0.008399584,0.89679474
3GVQ,Cofactorless,Cofactorless,1,0.25912154,0.062145036,0.048690394,0.010075652,0.61996734
4YWF,Cofactorless,FAD,0,0.38658756,0.41060445,0.11626984,0.0045807194,0.08195747
8X8S,Cofactorless,HEME,0,0.4125467,0.010192328,0.31699708,0.014820718,0.24544321
1IIW,Cofactorless,Cofactorless,1,0.056616418,0.011986201,0.33157104,0.0054832455,0.59434307
3GW3,Cofactorless,Cofactorless,1,0.3896457,0.05808388,0.044271734,0.008712881,0.49928576
2PW5,Cofactorless,Cofactorless,1,0.025335625,0.0061718617,0.02487201,0.004220428,0.9394001
5DDV,Cofactorless,Zn2+,0,0.17366484,0.016028186,0.55989224,0.018609216,0.23180553
5P6A,Cofactorless,Cofactorless,1,0.004927574,0.004638674,0.013045812,0.0025039501,0.97488403
2DYI,Cofactorless,Cofactorless,1,0.014921668,0.024289872,0.0331124,0.005559275,0.9221168
4U64,Cofactorless,Cofactorless,1,0.03194295,0.0041291015,0.027960805,0.0014256382,0.9345415
5P07,Cofactorless,Cofactorless,1,0.004927574,0.004638674,0.013045812,0.0025039501,0.97488403
3E0E,Cofactorless,Cofactorless,1,0.026822176,0.013520522,0.3650767,0.047985997,0.5465946
2BTZ,Cofactorless,Cofactorless,1,0.10010415,0.2582591,0.19349499,0.0064812647,0.4416605
7IDX,Cofactorless,Cofactorless,1,0.0049706385,0.0047327057,0.025135532,0.008744412,0.9564168
6EHX,Cofactorless,Cofactorless,1,0.019687958,0.076245114,0.067145154,0.009310506,0.82761127
7Q6B,Cofactorless,Cofactorless,1,0.03602999,0.2184884,0.15881212,0.2503813,0.33628812
5LZ1,Cofactorless,Cofactorless,1,0.008214757,0.004009525,0.02542437,0.08877431,0.873577
1DG3,Cofactorless,Cofactorless,1,0.08989011,0.036680024,0.022859966,0.0024530522,0.8481169
5XCN,Cofactorless,Cofactorless,1,0.02101959,0.44090065,0.089403376,0.007751175,0.44092524
5Y30,Cofactorless,Cofactorless,1,0.0124547165,0.004353421,0.20155053,0.0035784864,0.7780629
1JAM,Cofactorless,Zn2+,0,0.10022955,0.304369,0.48531047,0.0075929584,0.10249803
3FFM,Cofactorless,Cofactorless,1,0.11321831,0.010380844,0.2522065,0.010206594,0.6139878
7L6W,Cofactorless,Cofactorless,1,0.045924984,0.038790368,0.1517288,0.0078434935,0.75571233
5P8C,Cofactorless,Cofactorless,1,0.004927574,0.004638674,0.013045812,0.0025039501,0.97488403
3GYW,Cofactorless,Zn2+,0,0.33866075,0.01318124,0.47508946,0.013586889,0.15948167
2CG7,Cofactorless,Cofactorless,1,0.030733416,0.012423857,0.33395132,0.054323737,0.5685677
2OBT,Cofactorless,Cofactorless,1,0.023873996,0.06588751,0.037377164,0.0064614285,0.86639994
5K2N,Cofactorless,Cofactorless,1,0.003986368,0.0046375343,0.0119021395,0.008325547,0.97114843
2IQT,Cofactorless,HEME,0,0.39587268,0.12000019,0.12061608,0.018836927,0.34467408
5OYR,Cofactorless,Cofactorless,1,0.004927574,0.004638674,0.013045812,0.0025039501,0.97488403
5P39,Cofactorless,Cofactorless,1,0.004927574,0.004638674,0.013045812,0.0025039501,0.97488403
3BVS,Cofactorless,Cofactorless,1,0.08612221,0.05128616,0.26300177,0.006546875,0.59304297
9JLA,Cofactorless,Cofactorless,1,0.08929113,0.00814649,0.08154555,0.031247366,0.7897695
2PII,Cofactorless,Cofactorless,1,0.07002942,0.031013986,0.17071529,0.10150364,0.62673765
1EY0,Cofactorless,Cofactorless,1,0.02377483,0.004886902,0.025404321,0.0049277064,0.9410063
4R1B,Cofactorless,Cofactorless,1,0.08278841,0.009939732,0.23947996,0.09965459,0.5681373
1I9Y,Cofactorless,Zn2+,0,0.051759865,0.013555805,0.58592445,0.0031939724,0.34556586
1MN4,Cofactorless,Cofactorless,1,0.15531644,0.02416552,0.14631167,0.004748489,0.66945785
7ICB,Cofactorless,Cofactorless,1,0.0052888137,0.0051485207,0.026356125,0.009216917,0.9539896
1LMQ,Cofactorless,Cofactorless,1,0.00859371,0.0038667805,0.016160814,0.0030900247,0.96828866
1CUC,Cofactorless,Cofactorless,1,0.037661325,0.01595464,0.33630604,0.007519769,0.60255826
6HYN,Cofactorless,Cofactorless,1,0.091281414,0.019878551,0.22596881,0.019757744,0.64311343
5GLX,Cofactorless,Cofactorless,1,0.00811271,0.046963852,0.054284483,0.12925406,0.7613849
3P7K,Cofactorless,Cofactorless,1,0.06388534,0.10777916,0.15645649,0.021436693,0.65044236
7AHW,Cofactorless,Zn2+,0,0.13740648,0.06438708,0.41570988,0.011872099,0.37062445
1UEK,Cofactorless,Cofactorless,1,0.06701108,0.08040991,0.018788377,0.010953808,0.8228369
8P33,Cofactorless,Cofactorless,1,0.043374818,0.00336652,0.013534716,0.00977809,0.9299458
3B5O,Cofactorless,HEME,0,0.44779184,0.05881741,0.24809293,0.008431991,0.23686583
5P3O,Cofactorless,Cofactorless,1,0.0060327747,0.0060241106,0.016789854,0.0028450266,0.9683082
4U3V,Cofactorless,Cofactorless,1,0.03535085,0.3646504,0.14531696,0.0061960183,0.44848573
1L40,Cofactorless,Cofactorless,1,0.24352555,0.007979209,0.088200435,0.005404791,0.65489
6EFR,Cofactorless,Cofactorless,1,0.019327642,0.07498902,0.30264828,0.013837654,0.5891974
2F8H,Cofactorless,Cofactorless,1,0.15041508,0.104224056,0.037040986,0.082728185,0.62559164
1OEM,Cofactorless,Zn2+,0,0.047651663,0.06514454,0.7108229,0.018109187,0.1582717
7X3H,Cofactorless,Cofactorless,1,0.01374859,0.024157641,0.102629736,0.003702229,0.8557618
2D27,Cofactorless,Cofactorless,1,0.23277692,0.09102898,0.22131138,0.036027938,0.4188547
1LNS,Cofactorless,FAD,0,0.11517849,0.5028185,0.29614943,0.02694181,0.058911797
4QSC,Cofactorless,Cofactorless,1,0.007823479,0.09606599,0.07966454,0.0043853363,0.8120606
3ZDE,Cofactorless,Cofactorless,1,0.021874273,0.12524094,0.17927556,0.012932486,0.6606767
1ZXQ,Cofactorless,Cofactorless,1,0.012098158,0.093047656,0.16378921,0.0053962586,0.72566867
1SLL,Cofactorless,Zn2+,0,0.060688566,0.20015714,0.47505528,0.010712416,0.2533866
1NP4,HEME,HEME,1,0.9062184,0.007329243,0.032352906,0.027274255,0.026825177
3E2N,HEME,HEME,1,0.40193412,0.14533396,0.15353788,0.033235516,0.2659585
1H5L,HEME,HEME,1,0.9451795,0.006165446,0.026592523,0.005443605,0.016618945
2CIW,HEME,HEME,1,0.87567157,0.007154265,0.08293267,0.00412282,0.030118683
2JJO,HEME,HEME,1,0.9234973,0.027536565,0.029364483,0.00086528674,0.01873638
5EAG,HEME,HEME,1,0.91697514,0.01929218,0.05362753,0.0030193473,0.007085791
3E4N,HEME,HEME,1,0.98672986,0.0014098777,0.005375891,0.0015059368,0.004978368
4XV4,HEME,HEME,1,0.98634297,0.0019441766,0.004594153,0.00097367214,0.006145053
2IIZ,HEME,Zn2+,0,0.11135209,0.05232336,0.6964443,0.016141072,0.123739205
2AL0,HEME,HEME,1,0.9200788,0.004860794,0.024282934,0.0066701537,0.044107296
5VCE,HEME,HEME,1,0.92093134,0.02520986,0.016881349,0.002606261,0.034371216
1H57,HEME,HEME,1,0.9451795,0.006165446,0.026592523,0.005443605,0.016618945
1PM1,HEME,HEME,1,0.89852375,0.0062768264,0.02615791,0.009226799,0.0598147
8ZGO,HEME,FAD,0,0.030764341,0.58204347,0.33144575,0.0057530603,0.049993373
1BEM,HEME,HEME,1,0.97216886,0.0034035102,0.009033942,0.0016947383,0.013698891
1YMA,HEME,HEME,1,0.9710607,0.0015972544,0.018264491,0.0018953752,0.0071821255
1CCJ,HEME,HEME,1,0.9501324,0.007332614,0.015318244,0.0035938981,0.023622837
3X34,HEME,Zn2+,0,0.3164908,0.01744809,0.32448995,0.022604562,0.31896654
1CP4,HEME,HEME,1,0.9517561,0.0109960465,0.028459856,0.002236678,0.0065513253
8DJU,HEME,HEME,1,0.7558295,0.019882618,0.19498594,0.007466577,0.021835316
8GDI,HEME,HEME,1,0.9296582,0.027128423,0.03746444,0.0013728434,0.0043760785
2Z3U,HEME,HEME,1,0.83679336,0.022792244,0.02794731,0.007706685,0.10476047
6XAM,HEME,HEME,1,0.9477945,0.0072258804,0.033933233,0.0021823682,0.008864008
7TEF,HEME,HEME,1,0.9701166,0.0070148758,0.018215958,0.0021511065,0.0025014505
8F9H,HEME,HEME,1,0.98232,0.0017596345,0.007535573,0.0016752011,0.0067095878
1A6G,HEME,HEME,1,0.9743828,0.0024023089,0.013516662,0.0023785774,0.0073195715
8GLZ,HEME,HEME,1,0.8806194,0.0777256,0.01117837,0.00927589,0.02120067
8R9N,HEME,HEME,1,0.969871,0.0015721532,0.017881302,0.0018298253,0.00884574
1Z8P,HEME,HEME,1,0.8213651,0.084380336,0.027660217,0.015622189,0.050972067
6KRF,HEME,HEME,1,0.9706726,0.0030288857,0.013125235,0.003035806,0.010137512
3O89,HEME,HEME,1,0.9812795,0.0020824661,0.007822382,0.0021052824,0.006710354
1CCB,HEME,HEME,1,0.8885465,0.017182337,0.038001284,0.0074237045,0.04884618
2HZ2,HEME,HEME,1,0.7520628,0.01488987,0.05994622,0.0042112675,0.16888978
8ING,HEME,Zn2+,0,0.2090281,0.12750366,0.53325236,0.024599634,0.10561626
4UG6,HEME,HEME,1,0.89683104,0.035199843,0.03893899,0.0036827233,0.025347404
3OZU,HEME,HEME,1,0.40823114,0.3438715,0.1770872,0.01561401,0.05519613
4ICT,HEME,HEME,1,0.97738296,0.008876816,0.006696956,0.0019769573,0.005066337
3ABA,HEME,HEME,1,0.94467294,0.037293922,0.014134476,0.0013170263,0.0025815996
1OFK,HEME,HEME,1,0.97585106,0.0021450366,0.011070998,0.0021747865,0.008758098
4UGR,HEME,HEME,1,0.86255866,0.03521596,0.041258734,0.0037351407,0.057231534
1EHG,HEME,HEME,1,0.88409567,0.048633076,0.021520793,0.008847918,0.036902525
5B50,HEME,Cofactorless,0,0.11780682,0.30045906,0.17232257,0.027060248,0.38235128
4NS2,HEME,HEME,1,0.96805066,0.0017556108,0.021741157,0.0017813989,0.006671162
2MGG,HEME,HEME,1,0.98168004,0.00185852,0.007663705,0.001729341,0.0070684394
3HDL,HEME,HEME,1,0.5459097,0.051845685,0.27884358,0.029469922,0.093931146
1IYN,HEME,Cofactorless,0,0.2758333,0.054259844,0.08275576,0.028309269,0.5588418
1H5Z,HEME,HEME,1,0.96098995,0.010434053,0.021340443,0.001909789,0.0053257607
6HQQ,HEME,HEME,1,0.8977308,0.07406209,0.013068048,0.0050420747,0.0100969635
6HQR,HEME,HEME,1,0.88044345,0.073403895,0.031891253,0.0049302066,0.009331219
6VZB,HEME,HEME,1,0.957174,0.006768847,0.02507629,0.0019940848,0.008986738
4RLR,HEME,HEME,1,0.33691505,0.01705667,0.32446015,0.074487835,0.2470803
2Q8Q,HEME,Cofactorless,0,0.023533745,0.08094893,0.063696295,0.003671064,0.8281499
1JPB,HEME,HEME,1,0.98672986,0.0014098777,0.005375891,0.0015059368,0.004978368
9Q4Q,HEME,Zn2+,0,0.37174085,0.19419874,0.37287104,0.009559384,0.051629957
1YRD,HEME,HEME,1,0.9517561,0.0109960465,0.028459856,0.002236678,0.0065513253
2MGA,HEME,HEME,1,0.98307127,0.0031241132,0.0063652,0.0015218164,0.0059176628
1VXF,HEME,HEME,1,0.98672986,0.0014098777,0.005375891,0.0015059368,0.004978368
4APY,HEME,HEME,1,0.91266036,0.048069343,0.009434775,0.0023905542,0.027444983
1ECD,HEME,HEME,1,0.7127702,0.0050231735,0.043143436,0.0130030345,0.22606014
2OHB,HEME,HEME,1,0.9694838,0.0029775281,0.0135866925,0.002724855,0.011227144
5KDZ,HEME,HEME,1,0.9422725,0.04107519,0.0066487794,0.001976075,0.008027449
2VKU,HEME,HEME,1,0.94344485,0.013829459,0.03241424,0.0029157377,0.007395687
2EUU,HEME,HEME,1,0.9672472,0.0045580105,0.011276695,0.0023262708,0.014591784
6ATJ,HEME,HEME,1,0.9451795,0.006165446,0.026592523,0.005443605,0.016618945
2J0P,HEME,HEME,1,0.45577425,0.36540332,0.15329185,0.0047209132,0.02080968
6U87,HEME,Cofactorless,0,0.061901007,0.026695842,0.085650034,0.008683148,0.81706995
2EUQ,HEME,HEME,1,0.9672472,0.0045580105,0.011276695,0.0023262708,0.014591784
2BOQ,HEME,HEME,1,0.8843122,0.013271693,0.0410975,0.03750049,0.02381813
5O1K,HEME,Cofactorless,0,0.23621146,0.04807033,0.08193564,0.010878171,0.6229044
3E55,HEME,HEME,1,0.98672986,0.0014098777,0.005375891,0.0015059368,0.004978368
5ZZG,HEME,HEME,1,0.9821842,0.0020434086,0.0075684404,0.00224844,0.0059555667
5G6B,HEME,HEME,1,0.89683104,0.035199843,0.03893899,0.0036827233,0.025347404
8A8L,HEME,HEME,1,0.9295151,0.016451906,0.019984346,0.001901015,0.032147583
2XKG,HEME,HEME,1,0.88682705,0.005503809,0.069340825,0.017614037,0.02071431
6MA8,HEME,HEME,1,0.9454031,0.021626363,0.017611956,0.0020903193,0.013268215
8EKO,HEME,HEME,1,0.9621752,0.0035494883,0.016345195,0.003480541,0.014449526
5W58,HEME,Zn2+,0,0.37031114,0.061976295,0.43753946,0.012281663,0.11789144
1GEK,HEME,HEME,1,0.95310956,0.010794735,0.025941,0.0021818548,0.007972883
6A7I,HEME,HEME,1,0.91371816,0.018678868,0.055459198,0.0024052393,0.009738573
2ZT4,HEME,HEME,1,0.98672986,0.0014098777,0.005375891,0.0015059368,0.004978368
1IWK,HEME,HEME,1,0.9427661,0.012581001,0.031819236,0.0027069547,0.010126709
2ASN,HEME,HEME,1,0.9320909,0.0070297276,0.02240356,0.006102514,0.03237331
8VWK,HEME,HEME,1,0.8747619,0.058216076,0.022257434,0.008845662,0.035918914
5IQX,HEME,Zn2+,0,0.3623289,0.015406274,0.5103429,0.018974116,0.092947796
7LS3,HEME,HEME,1,0.81690073,0.10375866,0.04979461,0.0038858957,0.025660075
6E8Q,HEME,HEME,1,0.9169282,0.01929119,0.05362478,0.0030191927,0.0071366658
7N14,HEME,HEME,1,0.91890377,0.057745006,0.006891252,0.004233147,0.012226848
1LT0,HEME,HEME,1,0.841736,0.0045061237,0.12677157,0.011999273,0.014987016
5M6K,HEME,Zn2+,0,0.29127717,0.024047954,0.33392343,0.03782423,0.3129272
9H1M,HEME,HEME,1,0.944767,0.007012902,0.027250046,0.0056529487,0.015317133
4GRC,HEME,FAD,0,0.16141224,0.4917076,0.062360317,0.013691245,0.2708286
5UFG,HEME,HEME,1,0.80735594,0.051958635,0.099201635,0.004195723,0.03728808
8S53,HEME,HEME,1,0.9465951,0.0061425115,0.0193204,0.002292126,0.025649864
2HZ3,HEME,HEME,1,0.75851613,0.014136401,0.05848008,0.0041082706,0.16475913
4AVD,HEME,HEME,1,0.7768418,0.0038357705,0.04716965,0.15874074,0.013412078
1DP6,HEME,HEME,1,0.841736,0.0045061237,0.12677157,0.011999273,0.014987016
3CCP,HEME,HEME,1,0.985157,0.0021590625,0.004921331,0.0010892465,0.0066733565
3VOO,HEME,HEME,1,0.7412957,0.09548145,0.08694214,0.017589852,0.058690883
7L3Y,HEME,HEME,1,0.9696339,0.002815763,0.013601468,0.003911765,0.010037083
7RL2,HEME,HEME,1,0.8264587,0.07228192,0.042969882,0.0061844788,0.05210502
1BJE,HEME,HEME,1,0.9736422,0.0016228963,0.016695088,0.0018514518,0.00618835
2C7X,HEME,HEME,1,0.6530328,0.17919555,0.057824977,0.013846537,0.09610022
2VLY,HEME,HEME,1,0.97197604,0.0017124985,0.017012343,0.0018856096,0.0074135596
6LY4,HEME,FAD,0,0.2600877,0.39601016,0.040532134,0.0028593685,0.30051064
1GEI,HEME,HEME,1,0.8637978,0.068322614,0.022956818,0.0062871096,0.038635664
5B85,HEME,HEME,1,0.9750505,0.0025256006,0.010189228,0.0027824256,0.009452239
1MNH,HEME,HEME,1,0.9717282,0.0018689769,0.019324435,0.001380744,0.0056976145
2AMM,HEME,HEME,1,0.8974472,0.0063434155,0.02643541,0.009324684,0.060449257
6T0K,HEME,HEME,1,0.8477035,0.05666596,0.06215055,0.0033143212,0.030165663
8SQP,HEME,Cofactorless,0,0.18246812,0.03908744,0.36696482,0.032031976,0.37944764
7UF9,HEME,HEME,1,0.9454031,0.021626363,0.017611956,0.0020903193,0.013268215
5KDY,HEME,HEME,1,0.94626606,0.03597333,0.0075957645,0.0017222934,0.008442543
8R9Q,HEME,HEME,1,0.969871,0.0015721532,0.017881302,0.0018298253,0.00884574
6BDD,HEME,HEME,1,0.58449465,0.011967458,0.3086928,0.006466687,0.08837839
4O6U,HEME,HEME,1,0.5152972,0.025011886,0.13843498,0.029456623,0.29179934
1CPG,HEME,HEME,1,0.9838188,0.0024320842,0.0056934524,0.0011453684,0.006910269
7NQN,HEME,HEME,1,0.9785917,0.007191822,0.007339059,0.0017538021,0.005123699
2AQD,HEME,HEME,1,0.9672472,0.0045580105,0.011276695,0.0023262708,0.014591784
2WHF,HEME,FAD,0,0.15374494,0.771131,0.031536613,0.007481078,0.036106385
8CCR,HEME,HEME,1,0.559629,0.03444493,0.13955292,0.023745552,0.24262758
3IW1,HEME,HEME,1,0.7045623,0.17754592,0.045139916,0.018443394,0.054308508
1EUP,HEME,HEME,1,0.97803783,0.0071628033,0.0043455954,0.0023040818,0.008149685
5EJX,HEME,HEME,1,0.97957087,0.002799044,0.006441937,0.0016207967,0.009567326
5HIW,HEME,HEME,1,0.66940236,0.0789514,0.027244378,0.007156383,0.21724552
1MLO,HEME,HEME,1,0.979298,0.0016914434,0.0105194375,0.0017518222,0.006739316
3OZZ,HEME,HEME,1,0.42024037,0.017492214,0.32536826,0.063153826,0.17374529
3A4G,HEME,HEME,1,0.9235406,0.055287253,0.005359738,0.0017403526,0.014072029
5L1Q,HEME,HEME,1,0.6149885,0.37216443,0.005095643,0.0018580317,0.005893367
4UGF,HEME,HEME,1,0.89683104,0.035199843,0.03893899,0.0036827233,0.025347404
5OMU,HEME,HEME,1,0.9027014,0.071694605,0.010747897,0.0051787994,0.009677351
4BLN,HEME,HEME,1,0.83453065,0.03732599,0.064427964,0.031858806,0.03185658
1YWC,HEME,HEME,1,0.9062184,0.007329243,0.032352906,0.027274255,0.026825177
6LAA,HEME,Zn2+,0,0.039202586,0.41007861,0.4297415,0.0617935,0.05918377
5ESL,HEME,HEME,1,0.89010984,0.022915965,0.07375899,0.0054168548,0.007798292
4NVF,HEME,HEME,1,0.98634297,0.0019441766,0.004594153,0.00097367214,0.006145053
5M0N,HEME,Zn2+,0,0.23434633,0.21411435,0.40026844,0.036832806,0.114438094
5IKG,HEME,FAD,0,0.30516112,0.5239225,0.07691999,0.013656404,0.08034001
1UBB,HEME,HEME,1,0.7362332,0.009318392,0.030943263,0.0016107848,0.2218944
3AWP,HEME,HEME,1,0.84180224,0.053067148,0.05964823,0.011550792,0.0339316
6EKZ,HEME,HEME,1,0.5565486,0.028520223,0.14339302,0.018024158,0.25351402
1OXA,HEME,HEME,1,0.97803783,0.0071628033,0.0043455954,0.0023040818,0.008149685
5XKV,HEME,HEME,1,0.9670554,0.003387134,0.012761102,0.0036948,0.01310157
7TSA,HEME,HEME,1,0.3985973,0.20239434,0.33515704,0.00981526,0.054036047
7V46,HEME,HEME,1,0.9633366,0.010085326,0.014151625,0.0012988186,0.011127586
1NZ5,HEME,HEME,1,0.97102416,0.0016310712,0.018556217,0.0018406978,0.0069478774
5WK9,HEME,HEME,1,0.92957073,0.015452193,0.039849818,0.0029407402,0.012186542
2XVZ,HEME,Zn2+,0,0.030384975,0.07734682,0.49901608,0.34961623,0.043635838
1HRM,HEME,HEME,1,0.9749144,0.0014225703,0.0152125675,0.0017842937,0.0066661723
4NVL,HEME,HEME,1,0.98634297,0.0019441766,0.004594153,0.00097367214,0.006145053
6RQ6,HEME,HEME,1,0.9785917,0.007191822,0.007339059,0.0017538021,0.005123699
2DJI,FAD,FAD,1,0.009607358,0.92075527,0.03397835,0.008317997,0.02734102
1DOD,FAD,FAD,1,0.0043200194,0.975759,0.010316817,0.0029187065,0.0066854693
6KGQ,FAD,Zn2+,0,0.22301137,0.06306442,0.68434906,0.0049308455,0.024644313
9HNL,FAD,FAD,1,0.020214235,0.90056103,0.04526166,0.0029742187,0.030988822
4H4S,FAD,FAD,1,0.0050622458,0.9605576,0.008617542,0.0033012587,0.022461422
4YNU,FAD,HEME,0,0.42985702,0.2496198,0.19773982,0.01889052,0.10389284
3LVB,FAD,FAD,1,0.007408056,0.95962685,0.009386785,0.0020306234,0.021547675
5BUL,FAD,FAD,1,0.10983527,0.5892369,0.15163939,0.025279386,0.12400903
5WGY,FAD,FAD,1,0.26203167,0.49734238,0.20336637,0.0167604,0.02049918
5HXI,FAD,FAD,1,0.06055207,0.8658141,0.029770188,0.015398622,0.028464979
8JM4,FAD,FAD,1,0.052632485,0.8873414,0.04213174,0.0028397467,0.015054608
8PXL,FAD,FAD,1,0.007859326,0.9543711,0.012044205,0.004104965,0.021620456
7KPT,FAD,FAD,1,0.011176954,0.8844562,0.05566645,0.00877047,0.03992994
3DJG,FAD,FAD,1,0.0032078826,0.9557307,0.019975213,0.0029017269,0.01818452
1NPX,FAD,FAD,1,0.012348749,0.975105,0.006189839,0.0018510118,0.004505345
1V5E,FAD,FAD,1,0.009607358,0.92075527,0.03397835,0.008317997,0.02734102
5VW4,FAD,FAD,1,0.013987163,0.9319468,0.01426877,0.0040057846,0.035791464
2DKH,FAD,FAD,1,0.13477005,0.646171,0.14681304,0.014738438,0.057507467
9KKC,FAD,FAD,1,0.0071184826,0.966009,0.007279562,0.0018470181,0.017745957
6PVI,FAD,FAD,1,0.0075863358,0.9248755,0.037437405,0.0041475524,0.025953207
7VJ5,FAD,FAD,1,0.0050513395,0.92305994,0.041600987,0.0018396082,0.028448159
3NH3,FAD,FAD,1,0.0067787063,0.9075654,0.06430079,0.0020536021,0.019301541
8ER1,FAD,FAD,1,0.09165402,0.56044394,0.2522656,0.011456319,0.08418009
7OSQ,FAD,FAD,1,0.054380868,0.8733117,0.003868283,0.0008594144,0.067579746
4OVI,FAD,FAD,1,0.008513714,0.98099315,0.0038844957,0.00089618436,0.005712437
2AR8,FAD,FAD,1,0.026029525,0.77401125,0.10157148,0.008629031,0.089758664
3DK9,FAD,FAD,1,0.0025484974,0.9765663,0.012356933,0.0019674357,0.0065607587
4K8D,FAD,FAD,1,0.054544393,0.7254116,0.14274457,0.019746251,0.057553202
2YLS,FAD,FAD,1,0.008513714,0.98099315,0.0038844957,0.00089618436,0.005712437
3G5S,FAD,FAD,1,0.08203755,0.7649356,0.03751709,0.010120842,0.10538897
4U63,FAD,FAD,1,0.058037184,0.76968944,0.107388794,0.0063042156,0.05858035
2JKC,FAD,FAD,1,0.019616116,0.84893066,0.05985445,0.00640624,0.06519257
2GR2,FAD,FAD,1,0.007859326,0.9543711,0.012044205,0.004104965,0.021620456
9ORN,FAD,FAD,1,0.04430191,0.75487405,0.13877651,0.0045871916,0.05746033
5UTH,FAD,FAD,1,0.012075679,0.9134917,0.040783856,0.010156787,0.023491923
5Y7A,FAD,FAD,1,0.014929513,0.9340807,0.016441945,0.0036677981,0.030880008
1NHS,FAD,FAD,1,0.017683115,0.9703428,0.006081772,0.0016267449,0.0042655584
1V5G,FAD,FAD,1,0.0102912765,0.9258899,0.028812565,0.008452301,0.02655393
1QGY,FAD,FAD,1,0.0074261366,0.9558967,0.016607825,0.0016893115,0.018380083
8JU4,FAD,FAD,1,0.020111758,0.95412165,0.0073390948,0.0044033877,0.0140241245
8Z6I,FAD,FAD,1,0.0046020932,0.96804774,0.016710754,0.0020754826,0.008563971
8PL6,FAD,FAD,1,0.0034447128,0.98197913,0.005892734,0.0012768256,0.0074065723
1QUF,FAD,FAD,1,0.016605305,0.8974466,0.04312758,0.002884313,0.039936278
5ZW8,FAD,Cofactorless,0,0.11879905,0.15889576,0.32789677,0.049340926,0.3450675
8C6B,FAD,FAD,1,0.020944232,0.9305286,0.0415924,0.0013816069,0.005553219
8Z4M,FAD,FAD,1,0.0046020932,0.96804774,0.016710754,0.0020754826,0.008563971
9GXB,FAD,HEME,0,0.558109,0.12401769,0.0447008,0.012966043,0.26020646
2MBR,FAD,HEME,0,0.6170758,0.08635485,0.09348096,0.004528741,0.19855966
4YKG,FAD,Cofactorless,0,0.009208251,0.026217598,0.0481702,0.003562986,0.912841
2I0K,FAD,FAD,1,0.029541519,0.94806486,0.005740562,0.0068688625,0.009784134
1TDF,FAD,FAD,1,0.010118872,0.8984634,0.071718246,0.008641221,0.011058199
2GQW,FAD,FAD,1,0.007859326,0.9543711,0.012044205,0.004104965,0.021620456
7V8R,FAD,FAD,1,0.06562221,0.72119445,0.13409516,0.016024983,0.063063174
8JDO,FAD,FAD,1,0.008668338,0.9205877,0.03559921,0.019317603,0.015827175
5OGX,FAD,FAD,1,0.025304465,0.50208634,0.2910233,0.013906375,0.1676795
3DJL,FAD,FAD,1,0.025567837,0.93346703,0.022771392,0.0039956532,0.014198043
3O55,FAD,Zn2+,0,0.10413516,0.07765446,0.7258693,0.0077583785,0.08458273
1K0L,FAD,FAD,1,0.0036046163,0.9784418,0.009630083,0.0016125862,0.0067109573
7XPI,FAD,FAD,1,0.04398034,0.8548067,0.031810634,0.021335263,0.04806708
4H4W,FAD,FAD,1,0.020157972,0.85788405,0.035123263,0.014812943,0.07202179
3SXI,FAD,FAD,1,0.044918086,0.91051024,0.015778333,0.0032435777,0.02554981
1Q9I,FAD,FAD,1,0.016035365,0.94670576,0.02908134,0.0022094818,0.005968139
3SX6,FAD,FAD,1,0.016190931,0.94641757,0.013394768,0.0026112169,0.021385493
3RP6,FAD,FAD,1,0.0043492797,0.92953676,0.036600485,0.007851004,0.021662507
4D03,FAD,FAD,1,0.0052046916,0.9842369,0.004390923,0.0009447912,0.005222631
6LR8,FAD,FAD,1,0.06321608,0.8969724,0.019926993,0.0032679026,0.01661661
8B7S,FAD,FAD,1,0.025456673,0.9444561,0.019725557,0.002815723,0.0075459597
8JM2,FAD,FAD,1,0.052632485,0.8873414,0.04213174,0.0028397467,0.015054608
1FNB,FAD,FAD,1,0.031665184,0.84628177,0.058338907,0.0031404146,0.06057378
7VJ6,FAD,FAD,1,0.0050513395,0.92305994,0.041600987,0.0018396082,0.028448159
3T31,FAD,FAD,1,0.0115698725,0.95749456,0.011331715,0.0020686053,0.017535226
2CJC,FAD,Cofactorless,0,0.012040141,0.37991914,0.16468576,0.04999398,0.39336103
1FDR,FAD,Cofactorless,0,0.20698504,0.24263853,0.1889163,0.024060747,0.3373994
1E62,FAD,FAD,1,0.0047947993,0.96271086,0.014910131,0.0010754835,0.016508685
4YWO,FAD,FAD,1,0.0048715468,0.9861963,0.0036905236,0.0012838048,0.003957925
3QVR,FAD,FAD,1,0.05099229,0.6446337,0.24642457,0.009170221,0.048779238
8JM1,FAD,FAD,1,0.052632485,0.8873414,0.04213174,0.0028397467,0.015054608
3RP7,FAD,FAD,1,0.0043622595,0.93231076,0.03670971,0.0048900885,0.021727156
6C7S,FAD,FAD,1,0.013072913,0.9569411,0.021150073,0.0032011522,0.0056346995
7BR0,FAD,FAD,1,0.034342095,0.5802158,0.27827185,0.010764829,0.09640542
5GV7,FAD,FAD,1,0.010672145,0.86652094,0.06315434,0.0054523633,0.054200266
7ORZ,FAD,FAD,1,0.046037924,0.9143152,0.0040452816,0.0008951376,0.03470647
1W35,FAD,FAD,1,0.0053647207,0.96150124,0.011529847,0.0011515758,0.020452654
8JDV,FAD,FAD,1,0.010010759,0.8728309,0.08224415,0.024086231,0.010827938
8QNC,FAD,FAD,1,0.08667307,0.87133,0.010936048,0.0034004145,0.027660396
8Z4K,FAD,FAD,1,0.0046020932,0.96804774,0.016710754,0.0020754826,0.008563971
8YQM,FAD,FAD,1,0.0063183736,0.9313503,0.03360136,0.001644911,0.027085021
7KPQ,FAD,FAD,1,0.011176954,0.8844562,0.05566645,0.00877047,0.03992994
9IQC,FAD,Zn2+,0,0.020614417,0.008309179,0.71133274,0.095211826,0.16453187
1R2J,FAD,Cofactorless,0,0.046017524,0.38470343,0.06305077,0.07247271,0.43375552
4HA6,FAD,Cu+,0,0.028402243,0.17236842,0.31535897,0.45655662,0.027313722
3GWD,FAD,FAD,1,0.07064124,0.82360595,0.03491545,0.0062232274,0.064614125
3U5S,FAD,Zn2+,0,0.20699918,0.072292745,0.500205,0.016736725,0.20376638
9KKG,FAD,FAD,1,0.007408056,0.95962685,0.009386785,0.0020306234,0.021547675
1GSN,FAD,FAD,1,0.0025484974,0.9765663,0.012356933,0.0019674357,0.0065607587
8PLG,FAD,FAD,1,0.0034447128,0.98197913,0.005892734,0.0012768256,0.0074065723
4REK,FAD,FAD,1,0.005334586,0.95352656,0.03016636,0.003566784,0.007405746
9C4P,FAD,FAD,1,0.0048188833,0.97071666,0.009311328,0.0014039741,0.013749189
3SYI,FAD,FAD,1,0.036867045,0.9307001,0.012682563,0.0023857036,0.01736451
7VJB,FAD,FAD,1,0.0050513395,0.92305994,0.041600987,0.0018396082,0.028448159
1U3D,FAD,Zn2+,0,0.042010643,0.33289206,0.5729277,0.016000642,0.036169
1GRG,FAD,FAD,1,0.0025484974,0.9765663,0.012356933,0.0019674357,0.0065607587
3GYI,FAD,FAD,1,0.005853662,0.9493823,0.03176596,0.0044531417,0.008544962
6SW2,FAD,FAD,1,0.0133452825,0.8499006,0.10378799,0.007298625,0.025667503
3NYE,FAD,FAD,1,0.012812982,0.6997686,0.058292557,0.0063005364,0.22282526
8C1U,FAD,FAD,1,0.020944232,0.9305286,0.0415924,0.0013816069,0.005553219
1BJK,FAD,FAD,1,0.0064576822,0.9583767,0.015231653,0.0015741857,0.018359747
2CIE,FAD,FAD,1,0.0127263395,0.41983208,0.11341719,0.12022483,0.33379954
3T0K,FAD,FAD,1,0.0115698725,0.95749456,0.011331715,0.0020686053,0.017535226
8BJY,FAD,FAD,1,0.08879625,0.60567963,0.14758666,0.026349403,0.13158803
3FW1,FAD,HEME,0,0.45803246,0.0103414785,0.1264199,0.005792066,0.3994141
1IQR,FAD,FAD,1,0.14888921,0.5612289,0.21162486,0.008597781,0.06965926
4XXG,FAD,FAD,1,0.01242013,0.9445566,0.029293343,0.0034187802,0.010311179
3E2S,FAD,Cofactorless,0,0.039486926,0.38155606,0.032294232,0.0050103967,0.5416524
8WKC,FAD,FAD,1,0.0079243025,0.9750215,0.0052525247,0.0015878694,0.01021385
6DD6,FAD,FAD,1,0.033385277,0.7654012,0.110240385,0.009427736,0.081545405
3NG7,FAD,FAD,1,0.0067210244,0.91188043,0.060742274,0.00197723,0.018679049
1BX1,FAD,FAD,1,0.031237215,0.7733197,0.07273514,0.004457844,0.1182501
6YS2,FAD,FAD,1,0.011401399,0.9736309,0.0071988488,0.0037503445,0.0040184744
3ZBU,FAD,FAD,1,0.004943566,0.9656168,0.013860251,0.0010790478,0.014500291
3W2H,FAD,FAD,1,0.010637422,0.87246364,0.0617762,0.005315628,0.049807124
2R0C,FAD,FAD,1,0.02706266,0.92983377,0.024668576,0.007874745,0.010560268
1K0I,FAD,FAD,1,0.0037442402,0.97726715,0.01035359,0.0016719722,0.0069631073
8QNB,FAD,FAD,1,0.23561648,0.658721,0.03504351,0.009229307,0.06138968
1M6I,FAD,FAD,1,0.02722215,0.85291964,0.03810982,0.010505612,0.071242735
7B02,FAD,FAD,1,0.0033698943,0.9822251,0.005730148,0.0012445373,0.0074302913
1B8S,FAD,FAD,1,0.0052657593,0.9524562,0.032736927,0.0020997974,0.007441312
4G1V,FAD,HEME,0,0.6403443,0.07058225,0.20387128,0.0056193033,0.07958285
5ZYN,FAD,FAD,1,0.2030892,0.61739904,0.11839649,0.0154093355,0.045705967
9V6B,FAD,Cofactorless,0,0.03807692,0.34456056,0.20912936,0.017900279,0.39033288
9HNK,FAD,FAD,1,0.020214235,0.90056103,0.04526166,0.0029742187,0.030988822
5I39,FAD,FAD,1,0.037570603,0.700694,0.02436626,0.008143384,0.22922571
1GRE,FAD,FAD,1,0.0025484974,0.9765663,0.012356933,0.0019674357,0.0065607587
7QU3,FAD,FAD,1,0.056768905,0.6072121,0.03716014,0.12950818,0.16935062
3GSI,FAD,FAD,1,0.026131557,0.6091934,0.27608386,0.017461328,0.07112984
8Z41,FAD,FAD,1,0.0046020932,0.96804774,0.016710754,0.0020754826,0.008563971
8UIQ,FAD,FAD,1,0.019692257,0.87663555,0.059050627,0.006966057,0.037655506
4D04,FAD,FAD,1,0.0052046916,0.9842369,0.004390923,0.0009447912,0.005222631
4NZH,FAD,FAD,1,0.08039124,0.87693936,0.005274077,0.001567983,0.035827305
7AV4,FAD,FAD,1,0.011360338,0.9554047,0.024387993,0.002306127,0.0065408624
2IJG,FAD,FAD,1,0.010348485,0.47470722,0.35647312,0.008654084,0.14981711
1TDE,FAD,FAD,1,0.006905725,0.9367072,0.04277806,0.006109723,0.0074993083
8Z3D,FAD,FAD,1,0.0046020932,0.96804774,0.016710754,0.0020754826,0.008563971
3D1C,FAD,FAD,1,0.03931269,0.4081947,0.12922314,0.015479742,0.40778974
8Z1J,FAD,FAD,1,0.004711312,0.9685962,0.016025733,0.0021725378,0.008494178
1N1P,FAD,FAD,1,0.005337625,0.9536727,0.029621774,0.0034696832,0.007898273
8Z4P,FAD,FAD,1,0.0046020932,0.96804774,0.016710754,0.0020754826,0.008563971
8CCM,FAD,FAD,1,0.012075679,0.9134917,0.040783856,0.010156787,0.023491923
8Z3X,FAD,FAD,1,0.0046020932,0.96804774,0.016710754,0.0020754826,0.008563971
1WAM,FAD,Zn2+,0,0.02502587,0.19057137,0.66998255,0.0142337065,0.100186475
5JMX,Zn2+,Zn2+,1,0.036074314,0.036860358,0.5513913,0.11224593,0.2634281
4BM9,Zn2+,Zn2+,1,0.04603914,0.038370706,0.8101251,0.0069322158,0.098532826
6LUY,Zn2+,Zn2+,1,0.002903623,0.0022381712,0.9823215,0.0012961191,0.011240545
8OGD,Zn2+,Zn2+,1,0.0029571096,0.002223001,0.9816104,0.0012714168,0.011938077
5QPD,Zn2+,Cofactorless,0,0.08796209,0.080410436,0.16876665,0.013665191,0.6491956
3U47,Zn2+,Zn2+,1,0.0029348664,0.002291979,0.9790131,0.001398731,0.014361289
1Z9Y,Zn2+,Zn2+,1,0.0029568707,0.0021049106,0.98405325,0.0012506603,0.009634336
7PBA,Zn2+,Zn2+,1,0.06886157,0.050558332,0.82282054,0.010001489,0.047758006
8ATJ,Zn2+,HEME,0,0.3923694,0.034778148,0.2746741,0.03536297,0.2628154
3P7P,Zn2+,Cu+,0,0.018427769,0.006318324,0.3535535,0.58981836,0.031882055
6YO7,Zn2+,Zn2+,1,0.0048531853,0.002518723,0.96552247,0.0018357419,0.0252699
3CZS,Zn2+,Zn2+,1,0.019215804,0.122168966,0.80727875,0.012230789,0.039105713
6BCC,Zn2+,Zn2+,1,0.002903623,0.0022381712,0.9823215,0.0012961191,0.011240545
5SG4,Zn2+,Zn2+,1,0.022695072,0.03001771,0.9219717,0.005126047,0.020189477
1W9B,Zn2+,HEME,0,0.47722867,0.14892434,0.20006125,0.009139629,0.16464616
9G38,Zn2+,Zn2+,1,0.0070807803,0.0041932575,0.970333,0.0022555313,0.016137473
4FRV,Zn2+,Cofactorless,0,0.040906176,0.020022152,0.082337484,0.22085202,0.6358822
5FLO,Zn2+,Zn2+,1,0.002903623,0.0022381712,0.9823215,0.0012961191,0.011240545
2CBB,Zn2+,Zn2+,1,0.0035649282,0.0023553052,0.9807514,0.0016496225,0.011678731
4EJM,Zn2+,Zn2+,1,0.028438369,0.16848414,0.6579534,0.047031537,0.09809262
4C4M,Zn2+,Zn2+,1,0.06498585,0.025462046,0.49384835,0.24012534,0.17557836
1C2D,Zn2+,Cofactorless,0,0.028607897,0.03180447,0.3668127,0.061208267,0.51156664
7G6W,Zn2+,Zn2+,1,0.0112340525,0.010056535,0.9686206,0.002842722,0.0072460896
3Q1D,Zn2+,Cofactorless,0,0.09711475,0.03102294,0.3187079,0.15132596,0.40182838
5JT5,Zn2+,Zn2+,1,0.012171159,0.03324197,0.9299383,0.0056236964,0.019024884
2EJC,Zn2+,Cofactorless,0,0.08637556,0.14650746,0.30274552,0.02983428,0.43453717
3S1G,Zn2+,Zn2+,1,0.012171159,0.03324197,0.9299383,0.0056236964,0.019024884
2WHK,Zn2+,HEME,0,0.4739602,0.038564388,0.18425551,0.04641187,0.25680804
6QSQ,Zn2+,FAD,0,0.048249938,0.8630956,0.06066552,0.008691625,0.01929736
1HS6,Zn2+,FAD,0,0.015390925,0.5308586,0.41666543,0.002021448,0.035063654
3L7X,Zn2+,HEME,0,0.551004,0.023951184,0.3749664,0.0060678367,0.0440106
2XEF,Zn2+,Zn2+,1,0.04257661,0.25128207,0.5851972,0.012864363,0.1080797
8C4W,Zn2+,Zn2+,1,0.018831557,0.032541923,0.9364662,0.0023654506,0.009794866
3P58,Zn2+,Zn2+,1,0.002903623,0.0022381712,0.9823215,0.0012961191,0.011240545
3BKQ,Zn2+,FAD,0,0.029487427,0.4609737,0.37932134,0.072746344,0.057471175
2EHT,Zn2+,Cofactorless,0,0.30015615,0.002315795,0.04218891,0.0051406124,0.6501985
4DZ9,Zn2+,Zn2+,1,0.002903623,0.0022381712,0.9823215,0.0012961191,0.011240545
4N5P,Zn2+,Zn2+,1,0.011606295,0.0046699536,0.8729841,0.0873822,0.023357475
6CPA,Zn2+,Zn2+,1,0.020140197,0.012559014,0.8809487,0.0053070122,0.08104502
7FU4,Zn2+,HEME,0,0.4175668,0.11811862,0.14923613,0.029822715,0.2852557
7MHH,Zn2+,Cofactorless,0,0.010973357,0.100695595,0.08613571,0.011632447,0.7905629
7H2Y,Zn2+,Zn2+,1,0.0044398005,0.010960761,0.8810967,0.004486904,0.099015884
4MZI,Zn2+,Cofactorless,0,0.15803404,0.04232772,0.103123896,0.033337884,0.6631764
2DYX,Zn2+,Zn2+,1,0.04757908,0.12238816,0.36174414,0.1623114,0.3059772
5FNL,Zn2+,Zn2+,1,0.002903623,0.0022381712,0.9823215,0.0012961191,0.011240545
6JEB,Zn2+,Zn2+,1,0.0743241,0.2746325,0.4334977,0.124046884,0.09349875
7G3I,Zn2+,Zn2+,1,0.0112340525,0.010056535,0.9686206,0.002842722,0.0072460896
7CI9,Zn2+,Zn2+,1,0.02308923,0.02097615,0.7010593,0.04185609,0.2130193
7HX1,Zn2+,Zn2+,1,0.0057451213,0.017773885,0.92084044,0.0064664828,0.04917405
3ISI,Zn2+,Zn2+,1,0.040585402,0.04759307,0.8645204,0.028043076,0.019258067
1S0U,Zn2+,FAD,0,0.017872386,0.86616355,0.027880594,0.005558316,0.08252515
6I3E,Zn2+,Zn2+,1,0.011409151,0.0057560187,0.9522182,0.0030101552,0.027606443
8CP7,Zn2+,Cofactorless,0,0.16710304,0.057480663,0.06704317,0.03951945,0.6688537
7H4E,Zn2+,Zn2+,1,0.0044398005,0.010960761,0.8810967,0.004486904,0.099015884
1KS7,Zn2+,Zn2+,1,0.011606295,0.0046699536,0.8729841,0.0873822,0.023357475
5AMH,Zn2+,Zn2+,1,0.03061275,0.020690922,0.68899536,0.008316998,0.25138396
1H7P,Zn2+,Cofactorless,0,0.34148255,0.08254166,0.08742137,0.07495601,0.41359842
7Y70,Zn2+,Zn2+,1,0.0065185805,0.010890632,0.48887774,0.40804988,0.085663125
7TSD,Zn2+,HEME,0,0.74848783,0.15325469,0.0581466,0.0056305453,0.034480326
7G7W,Zn2+,Zn2+,1,0.0112340525,0.010056535,0.9686206,0.002842722,0.0072460896
6SP0,Zn2+,Cofactorless,0,0.007394555,0.005736647,0.039272152,0.0016796314,0.94591707
7KZ7,Zn2+,Zn2+,1,0.15293464,0.009592494,0.6581705,0.005831001,0.17347129
1FXU,Zn2+,HEME,0,0.86555725,0.023827875,0.045407612,0.0034134784,0.061793786
3P7S,Zn2+,Zn2+,1,0.015541523,0.0059772264,0.5350111,0.40966997,0.033800207
2PMP,Zn2+,Zn2+,1,0.023414651,0.020631636,0.64627844,0.049222305,0.26045296
3TT4,Zn2+,Zn2+,1,0.0825586,0.009527081,0.85736907,0.02165524,0.028889991
6OIQ,Zn2+,Zn2+,1,0.019599568,0.029132513,0.63516414,0.00634199,0.3097618
1FUK,Zn2+,Cofactorless,0,0.019491412,0.0032047194,0.09586113,0.00552534,0.8759174
8AA6,Zn2+,Zn2+,1,0.002903623,0.0022381712,0.9823215,0.0012961191,0.011240545
7JO3,Zn2+,Zn2+,1,0.0048531853,0.002518723,0.96552247,0.0018357419,0.0252699
3RZV,Zn2+,Zn2+,1,0.07054883,0.11355591,0.5706763,0.016313246,0.22890572
5OJH,Zn2+,HEME,0,0.7721925,0.016315805,0.14978856,0.0073106117,0.054392543
2AXR,Zn2+,Zn2+,1,0.12969266,0.20211725,0.4648532,0.015794192,0.18754265
7OXD,Zn2+,Zn2+,1,0.2888252,0.017531974,0.5332315,0.10069122,0.059720077
4B9P,Zn2+,Cofactorless,0,0.0037407398,0.0049357098,0.041882038,0.062260434,0.8871811
7I2I,Zn2+,Zn2+,1,0.024129324,0.13782887,0.8227252,0.003701857,0.011614805
3N4B,Zn2+,Zn2+,1,0.002903623,0.0022381712,0.9823215,0.0012961191,0.011240545
4ELC,Zn2+,Zn2+,1,0.13302532,0.022893103,0.77502877,0.012801835,0.056251045
5C3K,Zn2+,Zn2+,1,0.122659944,0.014847263,0.49630308,0.08240068,0.28378907
4EL4,Zn2+,Zn2+,1,0.103353634,0.027374402,0.8039882,0.01957299,0.045710713
3TTC,Zn2+,FAD,0,0.020737428,0.7453118,0.20354283,0.004493725,0.025914222
2IMR,Zn2+,FAD,0,0.015706457,0.8966822,0.043651313,0.016609747,0.027350318
5AIJ,Zn2+,Zn2+,1,0.08529717,0.42076752,0.42629367,0.013727306,0.053914282
3RG3,Zn2+,Zn2+,1,0.0032120093,0.0022370403,0.9799416,0.0013125973,0.0132967485
1WKF,Zn2+,Zn2+,1,0.015766995,0.041456677,0.9118743,0.0072361045,0.023665937
4P4E,Zn2+,FAD,0,0.01754247,0.55262566,0.34833497,0.006589439,0.07490743
6DCH,Zn2+,HEME,0,0.48018,0.028808903,0.14092691,0.011105325,0.3389789
5ONY,Zn2+,Cu+,0,0.029882973,0.013410445,0.0290925,0.9193772,0.008236906
4U9B,Zn2+,HEME,0,0.44157824,0.05270183,0.31524378,0.022998117,0.16747801
4R2J,Zn2+,Cofactorless,0,0.21309896,0.0760366,0.34742612,0.012175628,0.35126275
6YYZ,Zn2+,Zn2+,1,0.010939421,0.03477981,0.9305428,0.0053724255,0.018365536
3RC6,Zn2+,Zn2+,1,0.052755784,0.08084339,0.5192033,0.045353394,0.30184412
3PB6,Zn2+,Zn2+,1,0.18931718,0.094625406,0.41493753,0.09362267,0.20749724
5ZGW,Zn2+,Cofactorless,0,0.04462086,0.068637386,0.31124175,0.051187083,0.5243129
8QQA,Zn2+,Zn2+,1,0.002903623,0.0022381712,0.9823215,0.0012961191,0.011240545
8OGF,Zn2+,Zn2+,1,0.002903623,0.0022381712,0.9823215,0.0012961191,0.011240545
7KUS,Zn2+,Zn2+,1,0.07653281,0.36845204,0.38074785,0.011352284,0.16291495
1PE7,Zn2+,Cu+,0,0.018427769,0.006318324,0.3535535,0.58981836,0.031882055
8PG5,Zn2+,Zn2+,1,0.020473111,0.021911707,0.91775995,0.0068726884,0.032982495
6IK4,Zn2+,Cu+,0,0.038055193,0.00945455,0.39671147,0.46235213,0.0934267
5FNM,Zn2+,Zn2+,1,0.002903623,0.0022381712,0.9823215,0.0012961191,0.011240545
9GCD,Zn2+,Zn2+,1,0.18540989,0.065904215,0.43604782,0.027245194,0.28539288
3V3H,Zn2+,Zn2+,1,0.010706625,0.0035647776,0.9647535,0.0019622168,0.019012874
2F94,Zn2+,Cofactorless,0,0.034082133,0.010318034,0.064460754,0.0025752243,0.8885639
5PMX,Zn2+,Zn2+,1,0.045840036,0.06395275,0.74416196,0.018227048,0.12781821
9FTQ,Zn2+,Zn2+,1,0.014187995,0.08657661,0.8591236,0.0062863994,0.03382547
7G59,Zn2+,Zn2+,1,0.0112340525,0.010056535,0.9686206,0.002842722,0.0072460896
6LND,Zn2+,Zn2+,1,0.22820102,0.02190294,0.6219671,0.0037126564,0.12421635
2XB4,Zn2+,Cofactorless,0,0.053801466,0.006703679,0.16685107,0.0072603114,0.7653835
1HUG,Zn2+,Zn2+,1,0.013308125,0.006133357,0.87854695,0.0050197304,0.09699183
5FNH,Zn2+,Zn2+,1,0.002903623,0.0022381712,0.9823215,0.0012961191,0.011240545
3NKM,Zn2+,Zn2+,1,0.02335964,0.015685776,0.946727,0.0033647888,0.010862821
5NXV,Zn2+,Zn2+,1,0.004306076,0.0036747777,0.9754819,0.0015852489,0.014952005
8PRC,Zn2+,Cofactorless,0,0.07107525,0.012811539,0.40007976,0.085916735,0.43011668
9YC2,Zn2+,Cu+,0,0.017737834,0.19770497,0.11553455,0.6390826,0.029940018
6VDN,Zn2+,Zn2+,1,0.048285514,0.06788382,0.59588444,0.036831006,0.25111523
2BHB,Zn2+,FAD,0,0.035759028,0.5448527,0.32034355,0.042375397,0.056669407
7I43,Zn2+,Zn2+,1,0.0057451213,0.017773885,0.92084044,0.0064664828,0.04917405
1G52,Zn2+,Zn2+,1,0.0029568707,0.0021049106,0.98405325,0.0012506603,0.009634336
7TW9,Zn2+,Cofactorless,0,0.05514103,0.120272115,0.3516536,0.006467995,0.46646526
6PDB,Zn2+,Zn2+,1,0.024737677,0.023574317,0.63146126,0.007203001,0.31302372
8GR6,Zn2+,Zn2+,1,0.0646777,0.015949339,0.7122239,0.0102963215,0.19685273
6RQU,Zn2+,Zn2+,1,0.075304314,0.028694041,0.74818194,0.008436371,0.13938332
5SLD,Zn2+,FAD,0,0.020166472,0.48576012,0.43980163,0.011641298,0.042630434
8P95,Zn2+,Zn2+,1,0.020473111,0.021911707,0.91775995,0.0068726884,0.032982495
7G4F,Zn2+,Zn2+,1,0.0112340525,0.010056535,0.9686206,0.002842722,0.0072460896
3CA2,Zn2+,Zn2+,1,0.0029568707,0.0021049106,0.98405325,0.0012506603,0.009634336
2HJN,Zn2+,Zn2+,1,0.08901296,0.084195584,0.48437557,0.012219731,0.3301962
7G4K,Zn2+,Zn2+,1,0.0112340525,0.010056535,0.9686206,0.002842722,0.0072460896
5JC6,Zn2+,Zn2+,1,0.05966595,0.060281046,0.59157944,0.026083348,0.26239026
6QV5,Zn2+,Zn2+,1,0.17248417,0.2361193,0.29869714,0.0104161035,0.28228328
5PI7,Zn2+,Zn2+,1,0.044641867,0.062080108,0.75564957,0.018013205,0.11961522
6U4T,Zn2+,Zn2+,1,0.0047674556,0.0031122111,0.9605797,0.00207035,0.029470306
6TWA,Zn2+,Zn2+,1,0.01365402,0.053184856,0.86471283,0.005081,0.0633673
3EBG,Zn2+,Zn2+,1,0.025154283,0.122556195,0.79051405,0.0033808139,0.058394648
3R4X,Zn2+,HEME,0,0.72318375,0.08689734,0.0987725,0.011898907,0.0792475
4I0G,Zn2+,Cofactorless,0,0.008801611,0.06106551,0.19309713,0.004092495,0.73294324
3D09,Zn2+,Cofactorless,0,0.056742083,0.06996974,0.27547255,0.034946416,0.5628692
4BJB,Zn2+,Cofactorless,0,0.026206415,0.038821828,0.23070219,0.07026643,0.63400316
3OHR,Zn2+,Zn2+,1,0.078723304,0.09610057,0.5737259,0.016857749,0.2345925
1LMH,Zn2+,Zn2+,1,0.11395144,0.0038587423,0.8454831,0.013528412,0.023178237
4RSY,Zn2+,Zn2+,1,0.017642222,0.13473877,0.80331117,0.014401655,0.029906247
1TBF,Zn2+,Zn2+,1,0.026693134,0.03450499,0.87839496,0.0051569645,0.055249885
4ZX4,Zn2+,Zn2+,1,0.018786054,0.09778431,0.81429017,0.0031227777,0.06601672
6W12,Zn2+,Zn2+,1,0.043107457,0.40578267,0.4130693,0.058614466,0.07942613
4CA2,Zn2+,Zn2+,1,0.002903623,0.0022381712,0.9823215,0.0012961191,0.011240545
4H2I,Zn2+,Zn2+,1,0.01365402,0.053184856,0.86471283,0.005081,0.0633673
9GU7,Zn2+,Zn2+,1,0.002903623,0.0022381712,0.9823215,0.0012961191,0.011240545
5SIM,Zn2+,Zn2+,1,0.022695072,0.03001771,0.9219717,0.005126047,0.020189477
2WXT,Zn2+,Zn2+,1,0.06064849,0.030795526,0.5420182,0.025208982,0.34132883
2RAC,Cu+,Cu+,1,0.0017253485,0.000789872,0.0059063947,0.9885598,0.003018615
4DP4,Cu+,Cu+,1,0.00090740976,0.00053874805,0.004180945,0.98708713,0.007285803
5KBL,Cu+,Cu+,1,0.010759434,0.0019670231,0.036991842,0.9425769,0.007704798
2IDS,Cu+,Cu+,1,0.0015738623,0.0006742119,0.005803087,0.9892413,0.0027074828
4L05,Cu+,Cu+,1,0.032038774,0.0037791638,0.055650517,0.8806169,0.027914576
5C92,Cu+,FAD,0,0.0657991,0.50407135,0.1174414,0.017793102,0.29489502
3FSA,Cu+,Cu+,1,0.002099704,0.0010785168,0.004987907,0.98816353,0.0036704014
6RW7,Cu+,Cu+,1,0.025825823,0.0077632894,0.28572842,0.62049335,0.060189106
3ZDW,Cu+,Cu+,1,0.035353772,0.10254906,0.10870612,0.7264827,0.026908292
6EK9,Cu+,Cu+,1,0.0017167466,0.0047683474,0.00455993,0.9662081,0.022746924
4F2E,Cu+,Cu+,1,0.0014881284,0.0012873115,0.007668942,0.942311,0.047244612
1UUX,Cu+,Cu+,1,0.019385476,0.002370023,0.0066766418,0.9200885,0.05147933
2FK2,Cu+,Cu+,1,0.19898602,0.062108915,0.19799037,0.51159614,0.029318567
2FT8,Cu+,Cu+,1,0.0064281323,0.0045179087,0.010931061,0.9653627,0.012760159
3EIM,Cu+,Zn2+,0,0.010938022,0.003451658,0.96172625,0.0068200435,0.017064009
4DP6,Cu+,Cu+,1,0.00090740976,0.00053874805,0.004180945,0.98708713,0.007285803
2GBA,Cu+,Cu+,1,0.0017376082,0.0008095628,0.0058541577,0.9890704,0.0025282255
4DP1,Cu+,Cu+,1,0.00090740976,0.00053874805,0.004180945,0.98708713,0.007285803
