PDB_Code,Actual,Predicted,Correct,Prob_HEME,Prob_FAD,Prob_Zn2,Prob_Cu1,Prob_Cofactorless
8Z44,FAD,FAD,1,0.00041106524,0.99793506,0.0011280064,0.00028540246,0.00024052376
7OG7,Cu+,HEME,0,0.7296551,0.0059117,0.17484285,0.0461245,0.04346591
2FT7,Cu+,Cu+,1,6.846952e-05,4.0769028e-05,0.00025047976,0.99876285,0.0008774824
3P6N,HEME,HEME,1,0.99799466,0.00019442475,0.0011398494,0.00033171603,0.0003393283
1FT7,Zn2+,Zn2+,1,0.013224196,0.041052468,0.90447414,0.0022430473,0.039006136
3WEC,HEME,HEME,1,0.9926844,0.004842899,0.0011557394,0.00053044315,0.0007864906
1A8Z,Cu+,Cu+,1,0.00034771787,0.0009178995,0.0019005991,0.99516875,0.0016649981
4NVN,HEME,HEME,1,0.99963486,0.000102876926,5.726176e-05,2.5817997e-05,0.00017913946
6UGR,Zn2+,Zn2+,1,2.8557244e-05,5.212287e-05,0.9998086,1.5920092e-05,9.481581e-05
7G3B,Zn2+,Zn2+,1,0.00017519941,0.00032298377,0.9990068,0.0002626746,0.00023233648
5MSZ,Cu+,Zn2+,0,0.015945304,0.056990765,0.5667189,0.07553469,0.2848104
8Z45,FAD,FAD,1,0.00041106524,0.99793506,0.0011280064,0.00028540246,0.00024052376
1YSO,Zn2+,Cu+,0,8.158408e-05,0.0001395821,0.00043358104,0.99918324,0.00016197121
7RKR,HEME,HEME,1,0.9959455,0.003589504,0.0003922909,1.9720801e-05,5.2969375e-05
7OR2,FAD,FAD,1,0.0010759847,0.9970407,0.00022427895,7.005998e-05,0.0015889364
4MAI,Cu+,Cofactorless,0,0.006922031,0.002005086,0.012346376,0.009126917,0.96959955
8EWQ,HEME,HEME,1,0.9950157,0.0023795033,0.0023321358,4.407891e-05,0.00022866367
3NT0,Cu+,Cu+,1,0.0018284963,0.027127976,0.01817956,0.9510921,0.0017718034
1BXA,Cu+,Cu+,1,8.695717e-05,5.2547035e-05,8.034043e-05,0.9995937,0.00018654058
4DPC,Cu+,Cu+,1,2.4764564e-05,5.9064955e-06,8.578707e-05,0.99976486,0.00011866489
7UHI,Zn2+,Zn2+,1,0.23268189,0.07245224,0.51550657,0.06811088,0.11124843
3QM8,HEME,HEME,1,0.79245573,0.00034474084,0.0511068,0.0029459717,0.15314677
1H3N,Zn2+,FAD,0,0.047404375,0.47940016,0.42598405,0.004625619,0.042585798
2CAK,Cu+,Cu+,1,0.00036484128,0.00046523364,0.0019526304,0.9949772,0.0022400417
1D3S,HEME,HEME,1,0.99381316,0.00014991524,0.0030514423,0.00027017988,0.002715307
2YYM,FAD,HEME,0,0.59355533,0.40240067,0.0018007195,0.00012057455,0.0021227275
2XV2,Cu+,Cu+,1,4.5224602e-05,3.3969423e-05,9.841628e-05,0.9991866,0.00063585036
7PQ1,HEME,HEME,1,0.99455875,0.0002235027,0.0011039834,4.5326513e-05,0.004068428
1YZP,HEME,HEME,1,0.99232787,0.00084603037,0.004767675,0.0008581855,0.0012002232
6KM5,Zn2+,Zn2+,1,2.6226047e-05,5.2458774e-05,0.99982566,1.1398297e-05,8.4308966e-05
3P6U,HEME,HEME,1,0.9982222,0.00015384138,0.0009068374,0.00031733478,0.0003997819
5NS5,Zn2+,Zn2+,1,0.015652638,0.00064588233,0.9767244,0.0018189261,0.0051581566
2J18,HEME,HEME,1,0.9878036,0.0015608886,0.0025106238,0.006317148,0.0018077593
1REO,FAD,FAD,1,0.004143388,0.9653449,0.029579949,0.00023737055,0.0006944168
1E1L,FAD,FAD,1,0.0007024544,0.9983425,0.00018343494,0.00018200379,0.00058956014
1PHA,HEME,HEME,1,0.9974267,0.00026813734,0.0011418366,0.00080362806,0.00035964506
2AW1,Zn2+,Zn2+,1,1.2194773e-05,6.0134047e-05,0.9998604,9.5918185e-06,5.764187e-05
8JDY,FAD,FAD,1,0.0004538054,0.95753086,0.040876646,0.0008838142,0.00025486614
2CAL,Cu+,Cu+,1,0.00014498521,0.00015002543,0.00091012596,0.9963264,0.002468495
3ORJ,Zn2+,Cofactorless,0,0.08472698,0.06723069,0.03975692,0.012120332,0.7961651
8A1H,FAD,FAD,1,0.0030791075,0.9857533,0.00314203,0.0019786283,0.0060469303
8Z3G,FAD,FAD,1,0.00066547823,0.9966988,0.0018801842,0.00034359703,0.00041187464
4CXO,Zn2+,Cofactorless,0,0.0021342812,0.073938124,0.4200438,0.0037510314,0.5001328
5GRT,FAD,FAD,1,0.0032554388,0.99508,0.00056509196,0.00059231976,0.0005071073
7Y2E,Zn2+,Zn2+,1,2.6226036e-05,5.292437e-05,0.9998252,1.13982915e-05,8.430893e-05
1DOB,FAD,FAD,1,0.00055167667,0.9983504,6.6075896e-05,5.9287304e-05,0.0009726349
2AQJ,FAD,FAD,1,0.014108869,0.985298,0.0003657282,9.942727e-05,0.00012805196
2H2I,Zn2+,Cofactorless,0,0.19369902,0.007440285,0.03582346,0.11225043,0.6507868
1PXC,FAD,FAD,1,0.0013327068,0.9975048,8.220852e-05,5.9628343e-05,0.0010207461
1OWP,FAD,FAD,1,0.00012188673,0.9983071,8.700748e-05,7.589289e-05,0.0014080903
3NLC,FAD,FAD,1,0.0005351952,0.9970902,0.0013981662,0.00013125477,0.00084514637
3FG2,FAD,FAD,1,0.0022583671,0.992645,0.00023946265,0.00032720863,0.00452987
1JZG,Cu+,Cu+,1,0.0001094728,5.431305e-05,0.00037127244,0.99865663,0.0008083238
1E1N,FAD,FAD,1,0.0007024544,0.9983425,0.00018343494,0.00018200379,0.00058956014
1OGI,FAD,FAD,1,0.00031779218,0.9957086,0.0021297836,3.0702013e-05,0.0018131487
3DSO,Cu+,Cofactorless,0,0.0030080224,0.00017814721,0.019993365,0.0010442211,0.97577626
3QQX,Cu+,Cu+,1,0.0006093287,0.005720596,0.00802965,0.98495114,0.0006892611
1DZ0,Cu+,Cu+,1,8.683736e-05,0.000119297925,0.0002984359,0.99775404,0.0017413903
5SSZ,Cu+,Cu+,1,0.00015093684,0.0007889907,0.0023701391,0.99384284,0.00284711
1OF0,Cu+,Cu+,1,0.00037006824,0.00453105,0.010032209,0.98219925,0.0028674132
3FKG,HEME,HEME,1,0.9352653,0.0056518484,0.021131031,0.013626022,0.024325779
6RTM,FAD,FAD,1,0.0008167783,0.9968225,0.0003571624,4.677719e-05,0.0019568282
3T87,Zn2+,Zn2+,1,0.0005035601,0.0001650951,0.99680483,0.0020277794,0.0004987495
7HUX,Zn2+,Zn2+,1,0.00027844362,0.00018014191,0.99829394,0.00025128765,0.0009961796
1CRI,HEME,HEME,1,0.8747181,0.0056539364,0.03130494,0.05523477,0.033088244
4D3T,HEME,HEME,1,0.9884173,0.010405167,0.000720948,0.000100742574,0.00035580475
1DVE,HEME,HEME,1,0.83261716,0.0040773116,0.15786387,0.0006914171,0.0047502685
1DS4,HEME,HEME,1,0.9819381,0.0016047503,0.0003762565,0.00020637151,0.015874496
2E0P,Zn2+,Cofactorless,0,0.019714026,0.016932685,0.4291814,0.0014541514,0.5327177
7XJ4,Zn2+,Cofactorless,0,2.4363047e-05,7.763197e-05,0.0026706513,0.00025902086,0.9969683
3F7L,Cu+,Cofactorless,0,0.00068158924,0.0029630698,0.49257925,0.0007363737,0.5030397
1VXA,HEME,HEME,1,0.9996556,3.8596576e-05,5.745161e-05,3.3170945e-05,0.00021513362
5NQM,Cu+,Cu+,1,0.001378596,0.0004162896,0.00027542945,0.99538606,0.0025436222
3AXB,FAD,FAD,1,0.0005323988,0.56815,0.39540341,0.0040374673,0.031876747
2WEG,Zn2+,Zn2+,1,1.3525632e-05,5.7786987e-05,0.999859,8.626537e-06,6.107924e-05
3PB9,Zn2+,HEME,0,0.91935474,0.0010548186,0.057875495,0.00023285893,0.021482129
4BTE,Cu+,Cofactorless,0,0.016748516,0.08122724,0.11362836,0.20354864,0.5848473
4NVA,HEME,HEME,1,0.99963486,0.000102876926,5.726176e-05,2.5817997e-05,0.00017913946
1SOG,HEME,HEME,1,0.9717371,0.012030575,0.004848322,0.0028108356,0.008573182
1HFC,Zn2+,Zn2+,1,0.36785832,0.016715761,0.5875915,0.00721957,0.02061479
3PN5,Zn2+,Cofactorless,0,0.0043590576,0.0013844611,0.052248307,0.0069490075,0.93505913
1FUA,Zn2+,Cu+,0,0.030780613,0.022989199,0.2608479,0.6773027,0.008079586
3DJJ,FAD,FAD,1,8.7223016e-05,0.99965847,4.646671e-05,8.9110006e-05,0.00011875755
2QDW,Cu+,Cu+,1,5.117475e-05,3.2099346e-05,6.76226e-05,0.9996958,0.00015337183
8JDG,FAD,FAD,1,0.00031297887,0.9966356,0.0018149528,0.0010641937,0.00017228398
3M8M,HEME,HEME,1,0.99243987,0.0008461258,0.0046422896,0.0008582824,0.0012134002
1GWU,HEME,HEME,1,0.99668413,0.0018318604,0.00040331882,0.000388644,0.00069209747
1DOE,FAD,FAD,1,0.00023416667,0.99906737,8.327498e-05,4.9837803e-05,0.0005654075
1BEK,HEME,HEME,1,0.9987263,0.00017786976,5.5538203e-05,3.4338682e-05,0.0010059499
7VFR,Zn2+,FAD,0,0.012661475,0.9677917,0.00064513006,0.0010252865,0.017876409
5XXI,HEME,HEME,1,0.993686,0.005654009,0.00027718797,0.00010010412,0.00028265905
1OWN,FAD,FAD,1,0.00020518286,0.9994524,8.2678795e-05,7.283267e-05,0.00018691753
2WHZ,Zn2+,Zn2+,1,0.00044687802,0.00016931453,0.9969068,0.0019896282,0.00048733898
7O2S,Zn2+,Zn2+,1,0.011458038,0.010703172,0.956551,0.012952351,0.008335408
2JCW,Cu+,Zn2+,0,0.00030123198,0.0008318925,0.98002243,0.018066822,0.00077761547
8K41,FAD,FAD,1,0.0029296188,0.9968207,6.414939e-05,5.7134603e-05,0.00012843325
6GEQ,HEME,HEME,1,0.9996797,0.00026483982,2.6938156e-05,1.92898e-05,9.318637e-06
1BES,HEME,HEME,1,0.9983523,0.0003063684,0.00014628924,6.186212e-05,0.0011332319
1E63,FAD,FAD,1,0.0001490947,0.99842995,0.0006200069,1.24637745e-05,0.0007884398
5NQO,Cu+,Cu+,1,0.00072300277,0.00025861786,0.00015296147,0.9975859,0.0012795782
8FDJ,HEME,HEME,1,0.99962115,3.2841126e-05,0.00010485264,3.314539e-05,0.00020798139
4DP8,Cu+,Cu+,1,2.4764564e-05,5.9064955e-06,8.578707e-05,0.99976486,0.00011866489
2BLI,HEME,HEME,1,0.998444,0.00033555098,0.00064469763,5.909776e-05,0.0005166994
1H5H,HEME,HEME,1,0.9974929,0.001440106,0.00031088866,0.00019760286,0.0005585538
4P5S,Cu+,Cu+,1,0.0010227314,0.0010235184,0.002408969,0.98975545,0.005789275
6YRZ,FAD,FAD,1,0.0031937112,0.98571336,0.0026824954,0.0065302392,0.0018802175
2J19,HEME,HEME,1,0.9769911,0.0025983728,0.004404463,0.013055643,0.0029504222
1HAW,Cu+,Zn2+,0,0.0019158932,0.0031394481,0.9929576,0.0010458517,0.0009412575
1TJ1,FAD,FAD,1,0.042044993,0.7263509,0.0053982986,0.00019362412,0.22601216
5KD1,HEME,HEME,1,0.9993505,6.465682e-05,0.00022816705,3.726551e-05,0.0003194175
9DTK,FAD,FAD,1,0.0018970035,0.9781617,0.0006599591,0.0033754846,0.015905902
1QNF,FAD,FAD,1,0.00020518286,0.9994524,8.2678795e-05,7.283267e-05,0.00018691753
3TGE,Zn2+,Zn2+,1,0.028459271,0.0022804097,0.94909215,0.007629868,0.012538259
3OY0,Zn2+,Zn2+,1,1.0488307e-05,3.5538545e-05,0.99987555,1.1227753e-05,6.7160734e-05
1CCC,HEME,HEME,1,0.9988796,0.00027198077,0.00014765664,3.6434412e-05,0.00066427025
1MKR,HEME,HEME,1,0.97002655,0.0069920043,0.0028697208,0.0011964146,0.018915312
1YYD,HEME,HEME,1,0.98457474,0.001726396,0.0094719175,0.0017511997,0.0024757658
6CLD,Zn2+,Cofactorless,0,0.009329202,0.0064640474,0.01635546,0.059899386,0.90795195
5NYA,Zn2+,Zn2+,1,2.8557235e-05,5.212285e-05,0.99980825,1.6309095e-05,9.4815776e-05
4DEF,Zn2+,Zn2+,1,0.0027662623,0.017792627,0.89631176,0.037754618,0.045374684
6HQM,HEME,HEME,1,0.94412434,0.047584534,0.0031545765,0.0028395616,0.0022970254
7C4N,FAD,Cofactorless,0,0.0051556937,0.35638377,0.08732369,0.0025751207,0.54856175
6QVH,Cu+,Cu+,1,0.0017400262,0.001061485,0.0009663669,0.9948872,0.0013449946
2B5W,Zn2+,FAD,0,0.2755054,0.6157483,0.09592356,0.008527464,0.0042953147
5KOW,FAD,FAD,1,0.003351579,0.993024,0.002221314,0.00027681608,0.0011262447
1HKK,Zn2+,Zn2+,1,0.027583437,0.3655469,0.47529593,0.09031297,0.041260738
1G4J,Zn2+,Zn2+,1,1.1800556e-05,5.1852483e-05,0.9998566,9.730796e-06,6.997159e-05
2ACP,HEME,HEME,1,0.9947161,0.00021545,0.0015375192,0.00023244502,0.0032984698
3GYJ,FAD,FAD,1,0.00039725468,0.9985311,0.00041014486,0.00040660086,0.00025482947
3COX,FAD,FAD,1,5.9398433e-05,0.99701226,0.0016022879,0.0004399905,0.0008861067
3I9Z,Cu+,Cu+,1,0.012056474,0.0022683416,0.13105145,0.8287621,0.025861682
8Z26,FAD,FAD,1,0.0003905952,0.9986181,0.00051519467,0.00015070675,0.00032531706
8CCL,FAD,FAD,1,0.0032354863,0.9961857,0.00032691125,0.000122053,0.0001298155
6L9S,Cu+,Cu+,1,0.06837454,0.0004329005,0.002253101,0.86823124,0.06070824
2IDU,Cu+,Cu+,1,0.0004279085,0.00011769088,0.00019706695,0.9987287,0.0005286399
2E88,Zn2+,Zn2+,1,0.01758619,0.20558949,0.56734324,0.09334758,0.11613354
7G3R,Zn2+,Zn2+,1,4.046048e-05,9.601481e-05,0.9997243,7.9317026e-05,5.986752e-05
3F7K,Cu+,Cu+,1,0.0021203663,0.0007952162,0.36911952,0.62609833,0.0018665639
7VJ0,FAD,FAD,1,0.00023182888,0.9982768,0.0004017084,0.00045872713,0.0006309634
2BAB,FAD,FAD,1,0.0061733765,0.93461645,0.053805698,0.0035113906,0.0018930495
1RJU,Cu+,Cofactorless,0,0.0037274505,0.0024996512,0.045509852,0.035629105,0.91263396
5KBK,Cu+,Cu+,1,0.00033443514,4.4406323e-05,0.0007711741,0.99798065,0.00086935447
4TM7,Cu+,Cofactorless,0,0.039608512,0.05793604,0.33032984,0.010434451,0.56169116
1E39,FAD,FAD,1,0.0008003498,0.9932319,0.0055102087,0.00019240845,0.0002651241
5SSY,Cu+,Cu+,1,0.00015093684,0.0007889907,0.0023701391,0.99384284,0.00284711
5NQN,Cu+,Cu+,1,0.0007255516,0.00026026217,0.00014537155,0.99760085,0.0012679279
5KBM,Cu+,Cu+,1,0.0137926005,0.00022269864,0.011103296,0.9735685,0.0013129519
5U5U,HEME,HEME,1,0.9996511,9.657077e-05,5.8833626e-05,2.5226635e-05,0.00016824486
6R01,Cu+,Cu+,1,0.004904889,0.0011355311,0.0013101288,0.9905003,0.0021492136
3EF6,FAD,FAD,1,0.07260036,0.76982486,0.05705942,0.02158151,0.07893387
2H6S,Zn2+,Zn2+,1,0.057285544,0.008342879,0.73458165,0.0008036466,0.1989863
6V4V,Zn2+,Cofactorless,0,0.0005496784,0.00013322505,0.03574535,0.03912522,0.9244465
1Z1N,Zn2+,Zn2+,1,0.0057950765,0.06278582,0.80196106,0.0364922,0.09296587
5SSX,Cu+,Cu+,1,0.001717969,0.020548915,0.17264968,0.5185703,0.28651315
9GN5,FAD,Cofactorless,0,0.0009786737,0.00053282303,0.002762082,0.00046554074,0.9952609
6ICI,FAD,FAD,1,0.018352063,0.5312888,0.006599132,0.0013253876,0.4424346
3RTT,Zn2+,Zn2+,1,0.0017095994,0.0031865044,0.98489887,0.005734064,0.0044709863
1A3Z,Cu+,Cu+,1,0.00040142768,0.0003338592,0.0035661948,0.9899156,0.005782894
2XMW,Cu+,Cofactorless,0,0.011386426,0.0022709265,0.050907664,0.006124512,0.9293105
6LD1,Zn2+,Zn2+,1,0.003674466,0.011907091,0.9779769,0.0007957639,0.005645688
4N3T,Cu+,Cu+,1,0.0015763467,0.00021561242,0.0023128295,0.9931513,0.002743875
1IRC,HEME,HEME,1,0.9996841,2.6719106e-05,7.859716e-05,2.1734375e-05,0.0001888381
1H71,Zn2+,Zn2+,1,0.005587329,0.0053597093,0.6555243,0.12956469,0.20396395
5CMV,HEME,HEME,1,0.9994412,3.96843e-05,0.00024347608,3.972485e-05,0.0002358654
6HQK,HEME,HEME,1,0.99384004,0.004856218,0.0007517288,0.0004050192,0.0001470799
1UX8,HEME,HEME,1,0.9233276,0.015751092,0.009093127,0.0018769919,0.04995114
6LD4,Zn2+,Zn2+,1,0.003674466,0.011907091,0.9779769,0.0007957639,0.005645688
2XRY,FAD,FAD,1,0.00023182888,0.9982768,0.0004017084,0.00045872713,0.0006309634
7Z0N,Zn2+,Zn2+,1,0.00012601526,0.00020340692,0.9992586,0.00024024014,0.00017170007
7HVJ,Zn2+,Zn2+,1,0.0002875206,0.00018419928,0.9983065,0.00025694622,0.0009648325
3QFS,FAD,FAD,1,0.040168583,0.4089552,0.2887163,0.023085544,0.23907438
7G68,Zn2+,Zn2+,1,4.046048e-05,9.601481e-05,0.9997243,7.9317026e-05,5.986752e-05
6BD7,HEME,HEME,1,0.99719244,0.0015409162,0.00071218156,3.2491815e-05,0.00052194606
4NVG,HEME,HEME,1,0.99963486,0.000102876926,5.726176e-05,2.5817997e-05,0.00017913946
4RM4,HEME,HEME,1,0.94123685,0.0007711067,0.0031322183,0.0026873078,0.05217253
7JOB,Zn2+,Zn2+,1,2.1558773e-05,6.41189e-05,0.9998078,1.4889029e-05,9.170481e-05
1DOC,FAD,FAD,1,0.00023416667,0.99906737,8.327498e-05,4.9837803e-05,0.0005654075
9F1Y,FAD,Cofactorless,0,0.008487209,0.00070645503,0.00082623685,0.0007676666,0.9892124
5HLQ,HEME,HEME,1,0.9993474,5.7365418e-05,0.00014207137,4.0000068e-05,0.00041315472
6YHE,Zn2+,Zn2+,1,0.00013695634,0.00092512515,0.9983876,6.598862e-05,0.0004843513
7YHD,Zn2+,Zn2+,1,0.0017709231,0.0006855569,0.96834654,0.010956528,0.01824047
1C53,HEME,HEME,1,0.76092726,0.017883291,0.092317194,0.015712826,0.11315946
5ARN,Cu+,Cu+,1,0.0007255516,0.00026026217,0.00014537155,0.99760085,0.0012679279
1SF3,Cu+,Cu+,1,8.372861e-05,8.1427606e-05,6.6584886e-05,0.9995596,0.00020869156
2CYM,HEME,Cu+,0,0.051214222,0.006741988,0.11643652,0.81367695,0.01193036
7RT0,FAD,FAD,1,0.0010258753,0.99721175,0.00013541243,8.545423e-05,0.0015415266
4DPA,Cu+,Cu+,1,3.6138445e-05,9.2789605e-06,9.072312e-05,0.9996662,0.000197663
2CCW,Cu+,Cu+,1,8.683736e-05,0.000119297925,0.0002984359,0.99775404,0.0017413903
1PHH,FAD,FAD,1,0.00059706,0.9985424,7.927178e-05,6.3799765e-05,0.00071749976
4G8U,HEME,HEME,1,0.96767867,0.00093419757,0.004336419,0.0001308389,0.026919829
2XV0,Cu+,Cu+,1,5.6774516e-05,4.1402145e-05,0.00011255514,0.99905103,0.00073823036
8X38,FAD,FAD,1,0.03307592,0.9507082,0.009715467,0.00017537753,0.006325045
1UUY,Cu+,Cu+,1,0.025539296,0.07025216,0.057144705,0.70096,0.1461039
4F2F,Cu+,Cofactorless,0,0.4194102,0.055816866,0.0830064,0.011868954,0.42989755
4ZDY,HEME,HEME,1,0.9998616,5.8162936e-05,5.496373e-05,5.7832317e-06,1.9464445e-05
1JIN,HEME,HEME,1,0.9991078,0.00063555926,4.4591758e-05,1.4663854e-05,0.00019738349
2BZC,Cu+,Cu+,1,8.354383e-05,2.0029076e-05,0.00010284115,0.99790925,0.0018842771
5JCK,FAD,FAD,1,0.00060033007,0.99064153,0.00022711718,0.00028563754,0.008245334
6PJV,Zn2+,Zn2+,1,0.0091112545,0.0009074777,0.9649706,0.012941778,0.012068886
3KZZ,Zn2+,Zn2+,1,0.24924032,0.024176471,0.4942686,0.014872854,0.21744174
2O6X,Cofactorless,Cofactorless,1,0.004405285,0.12215272,0.034045257,0.12115289,0.7182439
3VSR,Cofactorless,Zn2+,0,0.016170336,0.09255119,0.8522138,0.026741149,0.012323492
6AO9,Cofactorless,Cofactorless,1,0.015463225,0.0011505575,0.22009107,0.012737121,0.750558
1YU7,Cofactorless,Cofactorless,1,0.004042821,0.00017580643,0.0004683294,0.00020879024,0.9951042
1BFG,Cofactorless,Cofactorless,1,0.028585836,0.000473247,0.0036369292,0.00025738718,0.9670466
1XAA,Cofactorless,Cofactorless,1,0.032798234,0.3880699,0.055219848,0.03395694,0.48995507
7Y5J,Cofactorless,Cofactorless,1,0.0024181288,0.00018652227,0.0040679704,0.0064677927,0.98685956
1YRV,Cofactorless,Cofactorless,1,0.0020157981,0.0015183717,0.030413285,0.0033467265,0.9627058
3PTW,Cofactorless,Zn2+,0,0.0047644516,0.47925842,0.4828401,0.0108073,0.022329753
1HEP,Cofactorless,Cofactorless,1,0.00044626775,0.00011545273,0.00012926308,0.0001888351,0.9991202
2FGT,Cofactorless,Cofactorless,1,0.00047467762,0.008978535,0.012463519,0.012185878,0.9658974
5NJM,Cofactorless,Cofactorless,1,0.00029454264,8.502849e-05,0.00010078104,0.00010864001,0.999411
1SZT,Cofactorless,Zn2+,0,0.020716395,0.026111882,0.5560452,0.01372675,0.3833998
1UIA,Cofactorless,Cofactorless,1,0.00046692157,0.00010002607,0.00012421596,0.00011389831,0.9991949
132L,Cofactorless,Cofactorless,1,0.00029454264,8.502849e-05,0.00010078104,0.00010864001,0.999411
4WFU,Cofactorless,Zn2+,0,0.012116947,0.00019730155,0.8082172,0.002638242,0.17683029
2WLW,Cofactorless,HEME,0,0.6886374,0.033881817,0.09394511,0.1790605,0.0044751894
1QTO,Cofactorless,Cu+,0,0.029573685,0.011131863,0.009242643,0.88753575,0.06251604
4TTP,Cofactorless,Cofactorless,1,0.28189704,0.019522283,0.090155356,0.0012626852,0.60716265
5RCS,Cofactorless,Cofactorless,1,0.0007450494,0.0005853902,0.001564687,0.00056385377,0.99654096
3NPO,Cofactorless,Cofactorless,1,0.0028579198,0.00028614805,0.0041440683,0.001809253,0.9909026
1MJZ,Cofactorless,Cofactorless,1,0.0035374528,0.0013320239,0.088861234,0.026707845,0.8795614
6VV4,Cofactorless,Cofactorless,1,0.018976646,0.15798451,0.0129510155,0.0015615763,0.8085263
6F4M,Cofactorless,Zn2+,0,0.16459814,0.085526384,0.64758617,0.001422623,0.100866675
3ASD,Cofactorless,Cofactorless,1,0.13800292,0.0012639486,0.010602798,0.012390372,0.83774
3O7K,Cofactorless,HEME,0,0.8737772,0.005596639,0.00023721525,0.0004549521,0.11993395
5P1Q,Cofactorless,Cofactorless,1,0.00036364642,0.00044524012,0.0010710979,0.00015195529,0.997968
4WJ1,Cofactorless,FAD,0,0.025211629,0.7077583,0.0048676184,0.0025061837,0.25965622
3RLE,Cofactorless,Zn2+,0,0.00038419996,0.0004038148,0.98811126,0.0019311927,0.0091695655
7W8U,Cofactorless,Cofactorless,1,0.02788508,0.025267791,0.4477677,0.025328116,0.47375134
3V75,Cofactorless,Cofactorless,1,0.0010686925,0.002762295,0.0054017548,0.010706671,0.9800606
3ZPJ,Cofactorless,Cofactorless,1,0.03332191,0.0007931597,0.0066509102,0.0005091251,0.9587249
1FQI,Cofactorless,Cofactorless,1,0.0033166523,0.0065435595,0.014721326,0.0011102678,0.97430813
1W7B,Cofactorless,Cofactorless,1,0.0034893507,0.00078994886,0.00521657,0.00014522651,0.9903589
2TMY,Cofactorless,Cu+,0,0.0038437708,0.005631515,0.016444214,0.9006897,0.07339079
5R2I,Cofactorless,Cofactorless,1,0.0007450494,0.0005853902,0.001564687,0.00056385377,0.99654096
1KAB,Cofactorless,Cofactorless,1,0.03177169,0.00710987,0.014180786,0.13006626,0.81687135
7ID0,Cofactorless,Cofactorless,1,0.00021472981,0.00026481805,0.0031062118,0.00039196023,0.9960223
4WEI,Cofactorless,Cofactorless,1,0.010009765,0.3687657,0.00465883,0.0012419069,0.6153238
5P7D,Cofactorless,Cofactorless,1,0.00036364642,0.00044524012,0.0010710979,0.00015195529,0.997968
1PEN,Cofactorless,Cofactorless,1,0.022406112,0.019663196,0.05129451,0.061695132,0.8449411
4G14,Cofactorless,Cofactorless,1,0.02816245,0.044194087,0.046120234,0.009729569,0.8717937
6CB6,Cofactorless,Cofactorless,1,0.08603096,0.0029328433,0.12524906,0.30330753,0.48247963
1GVL,Cofactorless,Zn2+,0,0.004310791,0.017912157,0.9532429,0.01519204,0.009342173
6RU3,Cofactorless,Cofactorless,1,0.025537902,0.0041576093,0.009377913,0.00088613393,0.96004045
7IEG,Cofactorless,Cofactorless,1,0.00019323122,0.00022999114,0.002660086,0.00043411687,0.9964826
1WKA,Cofactorless,Cofactorless,1,0.021564974,0.009207899,0.052843764,0.08059226,0.8357911
3JSN,Cofactorless,Cofactorless,1,0.031599745,0.0006005741,0.0017308753,0.0020229248,0.96404594
4P9L,Cofactorless,Cofactorless,1,0.006451434,0.0146612385,0.01132553,0.099006526,0.86855525
1SNQ,Cofactorless,Cofactorless,1,0.00040581505,3.4209657e-05,0.00015911084,0.00022146293,0.9991794
2Y7N,Cofactorless,Cofactorless,1,0.00011672366,0.00016942072,0.0001554379,0.0025123383,0.99704605
6J6E,Cofactorless,Cofactorless,1,0.33269665,0.008760024,0.048195917,0.007014377,0.603333
1HE9,Cofactorless,HEME,0,0.65331924,0.009225974,0.0037075318,0.0079338895,0.32581338
6K5M,Cofactorless,Cofactorless,1,0.0071578543,0.0026381062,0.0044799563,0.0017104632,0.9840136
5ZO0,Cofactorless,Zn2+,0,0.025919389,0.046022806,0.87013376,0.005602102,0.05232194
3H2G,Cofactorless,FAD,0,0.07115058,0.7611437,0.1466614,0.014928037,0.0061163316
2BQQ,Cofactorless,Cofactorless,1,0.013780199,0.00023311471,0.005066895,0.0040219747,0.97689784
8C9L,Cofactorless,Cofactorless,1,0.0077034747,0.021530224,0.27908048,0.028187405,0.6634984
6JUI,Cofactorless,Cofactorless,1,0.00064303144,0.0016790465,0.001274535,0.0020041843,0.99439913
4OEF,Cofactorless,Cofactorless,1,0.077726014,0.0032148063,0.004237523,0.0009341234,0.91388756
3OUV,Cofactorless,Cofactorless,1,0.0030128746,0.004694615,0.058815844,0.096337125,0.83713955
4QRZ,Cofactorless,Cofactorless,1,0.00027380176,0.008582421,0.0021357231,0.0006323218,0.9883758
1QG5,Cofactorless,Cofactorless,1,0.0010168095,0.00014424107,0.001115627,0.00076649815,0.9969568
3ZM2,Cofactorless,Cofactorless,1,0.0011813539,0.002701638,0.15982725,0.015571954,0.82071775
1FHG,Cofactorless,Cofactorless,1,0.0013100276,0.011704237,0.008200645,0.046394024,0.9323911
4G2E,Cofactorless,Cofactorless,1,0.0008795195,0.0002352243,0.001267919,0.0018637247,0.99575365
3RFY,Cofactorless,Cofactorless,1,0.01210861,0.006813796,0.02623485,0.002672927,0.9521699
4PMD,Cofactorless,Zn2+,0,0.0005480284,0.001521405,0.9532271,0.0022549503,0.042448584
9L1R,Cofactorless,Zn2+,0,0.00014317987,0.0002962036,0.63752496,0.00021867258,0.36181697
1KWB,Cofactorless,Zn2+,0,0.2541944,0.27874187,0.37635595,0.0133482,0.07735962
5YDN,Cofactorless,Cofactorless,1,0.005018126,0.006114093,0.010787822,0.03937384,0.9387061
5DZ9,Cofactorless,Cofactorless,1,0.0010510363,0.0016235714,0.005273197,0.004670856,0.98738134
5NPT,Cofactorless,Cofactorless,1,0.0029337124,0.0020502608,0.07932093,0.00862495,0.9070701
3R63,Cofactorless,Cofactorless,1,0.0025561464,0.0061480287,0.10474669,0.0020346043,0.8845145
2YLH,Cofactorless,Cofactorless,1,7.798532e-05,0.00010170263,7.182194e-05,0.0015548354,0.9981937
6K1Y,Cofactorless,Cofactorless,1,0.003096088,0.002283317,0.009248864,0.001356207,0.98401546
7IE4,Cofactorless,Cofactorless,1,0.00021472981,0.00026481805,0.0031062118,0.00039196023,0.9960223
3SYJ,Cofactorless,Cofactorless,1,0.0023503988,0.23763,0.19680488,0.0037855145,0.5594292
5C10,Cofactorless,FAD,0,0.06943222,0.7501974,0.04454901,0.0029265305,0.13289478
1YHW,Cofactorless,Cofactorless,1,0.008815681,0.00858157,0.03184464,0.00442375,0.94633436
3GYW,Cofactorless,HEME,0,0.3991981,0.016120343,0.35236067,0.059394695,0.1729262
3P7K,Cofactorless,HEME,0,0.5874117,0.064077236,0.17526624,0.005999052,0.16724576
2JDW,Cofactorless,Zn2+,0,0.005492601,0.0943021,0.8148933,0.01414574,0.071166195
3ZDE,Cofactorless,Cofactorless,1,0.0110455295,0.029000642,0.118752554,0.0012653869,0.8399359
5OYR,Cofactorless,Cofactorless,1,0.00036364642,0.00044524012,0.0010710979,0.00015195529,0.997968
1XEI,Cofactorless,Cofactorless,1,0.00029454264,8.502849e-05,0.00010078104,0.00010864001,0.999411
1LNS,Cofactorless,FAD,0,0.059536535,0.66222847,0.23092385,0.013801715,0.033509493
6EFR,Cofactorless,Zn2+,0,0.0012738712,0.0028009308,0.986459,0.00035489685,0.009111225
8HEK,Cofactorless,HEME,0,0.42506352,0.006097638,0.22778256,0.02496588,0.31609043
2F9F,Cofactorless,Cofactorless,1,0.0074015255,0.0003976542,0.00240178,0.0042640734,0.985535
2BTZ,Cofactorless,Cofactorless,1,0.3330676,0.0955695,0.1716207,0.00052889885,0.39921328
3UMF,Cofactorless,Cofactorless,1,0.0014103263,0.000416621,0.08970169,0.0003191928,0.90815216
8P33,Cofactorless,Cofactorless,1,0.00013645155,6.938994e-05,0.018455882,0.00014879832,0.9811895
4KIA,Cofactorless,Cofactorless,1,0.005893688,0.01400291,0.056969896,0.0002682899,0.9228653
7ICB,Cofactorless,Cofactorless,1,0.00019323122,0.00022999114,0.002660086,0.00043411687,0.9964826
4U64,Cofactorless,Cofactorless,1,0.0003660146,0.0017916238,0.0014138283,0.00060766086,0.9958209
2OBR,Cofactorless,Cofactorless,1,0.0014421617,0.0035886094,0.0018948183,0.00041958454,0.9926548
2OBS,Cofactorless,Cofactorless,1,0.0014421617,0.0035886094,0.0018948183,0.00041958454,0.9926548
1MN4,Cofactorless,Cofactorless,1,0.00540404,0.0059995265,0.0596303,0.0010243953,0.92794174
3E0E,Cofactorless,Cofactorless,1,0.012512682,0.0018712751,0.32108915,0.029217089,0.6353098
5P18,Cofactorless,Cofactorless,1,0.00036364642,0.00044524012,0.0010710979,0.00015195529,0.997968
5Y30,Cofactorless,Cofactorless,1,0.050322585,0.0012014091,0.08720861,0.0052968734,0.85597056
1I9Y,Cofactorless,Zn2+,0,0.0021123877,0.002275409,0.9609165,0.0013345374,0.033361163
7NMO,Cofactorless,Cu+,0,0.015455845,0.0033347823,0.25941813,0.5676672,0.15412405
9DD2,Cofactorless,Cofactorless,1,0.017748093,0.0015279362,0.00220495,0.000927473,0.9775915
2F8H,Cofactorless,Zn2+,0,0.29014832,0.12426204,0.4545261,0.031369418,0.099694155
7BAJ,Cofactorless,Zn2+,0,0.0007032458,0.00143358,0.97288775,0.002555635,0.0224198
3DQI,Cofactorless,Cofactorless,1,0.020397102,0.000566614,0.0123795,0.0015297229,0.965127
6P1F,Cofactorless,HEME,0,0.56796396,0.03217826,0.15860873,0.046249047,0.19500004
3GVQ,Cofactorless,Cofactorless,1,0.0034774202,0.108409576,0.0021051026,0.00060038466,0.88540745
5XCN,Cofactorless,Cofactorless,1,0.0017234905,0.026015185,0.10105359,0.012699149,0.8585085
2IQT,Cofactorless,Cofactorless,1,0.018466113,0.08482883,0.30371597,0.0045439717,0.5884451
1ZXQ,Cofactorless,Cofactorless,1,0.0017963789,0.0032189689,0.003505561,0.0016863239,0.9897928
4X1O,Cofactorless,Cofactorless,1,0.0041141594,0.010338721,0.0032082032,0.0033494052,0.97898954
3DGJ,Cofactorless,Cofactorless,1,0.026680201,0.1883378,0.08124619,0.0029794245,0.70075643
2D27,Cofactorless,HEME,0,0.89307433,0.0017174814,0.006508559,0.006686668,0.09201292
1OEM,Cofactorless,Cofactorless,1,0.013893814,0.022982832,0.20977849,0.017376076,0.73596877
3B5O,Cofactorless,Cofactorless,1,0.16726829,0.00043774262,0.0018036765,0.00021770126,0.8302726
2PII,Cofactorless,Cofactorless,1,0.022118047,0.111380026,0.18373227,0.027472937,0.65529674
1L0B,Cofactorless,Cofactorless,1,0.0001434568,0.00054603047,0.003969111,0.0003249779,0.9950164
5P39,Cofactorless,Cofactorless,1,0.00030035732,0.0004948489,0.00086105696,0.00014382141,0.99819994
3EMI,Cofactorless,Cofactorless,1,0.0008935292,0.0031490407,0.016034007,0.03815854,0.9417649
1LMQ,Cofactorless,Cofactorless,1,0.0016235012,0.00057173544,0.007841995,0.00119272,0.98877
2B2H,Cofactorless,FAD,0,0.021384401,0.9297564,0.0064532496,0.0031727087,0.0392333
7AHW,Cofactorless,Cofactorless,1,0.313231,0.062325135,0.10912741,0.0017006372,0.51361585
5Y5D,Cofactorless,Zn2+,0,0.00019949426,0.0020521155,0.99537945,0.00024379832,0.0021252069
5P3O,Cofactorless,Cofactorless,1,0.0004002385,0.00057673326,0.0011488369,0.00016974015,0.99770445
7L6W,Cofactorless,Cofactorless,1,0.0042479783,0.0003383357,0.0077945483,0.0028585203,0.9847606
6HHN,Cofactorless,Cofactorless,1,0.0010466598,0.0010764757,0.012460274,0.0013099252,0.98410666
4YWF,Cofactorless,Cofactorless,1,0.03726802,0.07595197,0.04149347,0.07713587,0.7681507
1ANF,Cofactorless,Cofactorless,1,0.008899968,0.4698677,0.0038220997,0.011563558,0.5058467
5P0D,Cofactorless,Cofactorless,1,0.00036364642,0.00044524012,0.0010710979,0.00015195529,0.997968
8X8S,Cofactorless,Cofactorless,1,0.07067562,0.06766635,0.10784648,0.043246146,0.7105654
1KF7,Cofactorless,Cu+,0,0.009683089,0.0126448255,0.2135417,0.7225655,0.04156489
5P8C,Cofactorless,Cofactorless,1,0.00030035732,0.0004948489,0.00086105696,0.00014382141,0.99819994
6G9P,Cofactorless,Zn2+,0,0.0067777224,0.0022776497,0.8404964,0.0017440045,0.14870426
1EY0,Cofactorless,Cofactorless,1,0.0050152764,0.0003719894,0.0024644735,0.0032986368,0.9888496
1SLL,Cofactorless,Zn2+,0,0.0014287363,0.018958563,0.9254623,0.0022759456,0.051874433
6AR0,Cofactorless,Zn2+,0,0.0067262496,0.0041975942,0.6715376,0.15550445,0.16203412
2DYI,Cofactorless,Cofactorless,1,0.0008122675,0.00012659174,0.0010089468,0.00024484016,0.9978073
3BVS,Cofactorless,Cofactorless,1,0.0054875244,0.031488515,0.07535595,0.0043237847,0.88334423
2OBT,Cofactorless,Cofactorless,1,0.0014421617,0.0035886094,0.0018948183,0.00041958454,0.9926548
7VKP,Cofactorless,Zn2+,0,0.001251608,0.01991085,0.6866391,0.0387346,0.25346386
2DX1,Cofactorless,Zn2+,0,0.07230187,0.036926165,0.8010812,0.024282172,0.065408655
5YNL,Cofactorless,Zn2+,0,0.0019144923,0.0006079526,0.96392316,0.0026841168,0.030870246
4QSC,Cofactorless,Cofactorless,1,0.00027646832,0.00559447,0.002156523,0.0006528181,0.9913197
1CUC,Cofactorless,Zn2+,0,0.014565739,0.014515589,0.69311863,0.0028982165,0.2749018
5G0Z,Cofactorless,Cofactorless,1,0.0032001007,0.034948498,0.026699547,0.0016770359,0.93347484
7Q6B,Cofactorless,Zn2+,0,0.039389253,0.1585354,0.51810634,0.0038515448,0.28011748
7IHZ,Cofactorless,Cofactorless,1,0.00036364642,0.00044524012,0.0010710979,0.00015195529,0.997968
3AA5,Cofactorless,Cofactorless,1,0.0008123329,0.0006191884,0.0020491234,0.00047423394,0.99604505
1TK1,Cofactorless,Cofactorless,1,0.024725856,0.039324813,0.23540993,0.054799348,0.64574003
5P6A,Cofactorless,Cofactorless,1,0.00036364642,0.00044524012,0.0010710979,0.00015195529,0.997968
1CNU,Cofactorless,Cofactorless,1,0.019444399,0.004068905,0.013654072,0.058766775,0.90406585
1DG3,Cofactorless,Cofactorless,1,0.0526248,0.01388884,0.0021544488,0.0012510599,0.9300809
7A8B,Cofactorless,Cofactorless,1,0.0038370707,0.00032126572,0.002909806,0.0055794558,0.9873524
5IJM,Cofactorless,Cofactorless,1,0.0024074148,0.002500669,0.0006330718,0.00018103648,0.99427783
3OKQ,Cofactorless,Cofactorless,1,0.36162516,0.022988357,0.15708846,0.048086837,0.4102112
9JLA,Cofactorless,Cofactorless,1,0.0029100769,0.0004920454,0.0029449544,0.016257823,0.9773951
4U3V,Cofactorless,Zn2+,0,0.04048222,0.17271338,0.68104845,0.00041850295,0.105337396
1L40,Cofactorless,Cofactorless,1,0.023499839,0.0014894318,0.14042142,0.003609155,0.8309801
3P2J,Cofactorless,Cu+,0,0.037109174,0.02352518,0.28321004,0.5630009,0.0931547
1QMR,Cofactorless,Cofactorless,1,0.0074761533,0.000585256,0.06246563,0.008889174,0.9205838
1YG2,Cofactorless,Zn2+,0,0.013979522,0.003023569,0.94785994,0.002679458,0.032457545
3GS9,Cofactorless,Cofactorless,1,0.0020306583,0.0043499405,0.02833491,0.026699807,0.9385847
1UEK,Cofactorless,Cofactorless,1,0.0070050983,0.18579209,0.0017272992,0.0003595751,0.805116
6HYN,Cofactorless,Cofactorless,1,0.00065427105,0.0008252773,0.060541444,0.007217361,0.9307616
2BMJ,Cofactorless,Cofactorless,1,0.076675124,0.009594967,0.0030406655,0.041989986,0.86869925
1IIW,Cofactorless,Cofactorless,1,0.00046143832,0.0010123969,0.0036139973,0.00016715495,0.994745
5I4W,Cofactorless,Cofactorless,1,0.00029454264,8.502849e-05,0.00010078104,0.00010864001,0.999411
3FFM,Cofactorless,Cofactorless,1,0.44257045,0.002296899,0.009074727,0.03148173,0.5145762
3VYC,Cofactorless,Zn2+,0,0.014888502,0.17685151,0.67459625,0.004421476,0.12924226
1L18,Cofactorless,Cofactorless,1,0.0044786497,0.000273555,0.014812105,0.00076898694,0.9796667
5LZ1,Cofactorless,Cofactorless,1,0.0014817053,0.0050416356,0.016592113,0.0007050935,0.9761795
1T7N,Cofactorless,FAD,0,0.055058844,0.66303295,0.11898489,0.008244722,0.15467861
6L2A,Cofactorless,Cofactorless,1,0.06815412,0.00662101,0.087926015,0.041308876,0.79599
1F1S,Cofactorless,FAD,0,0.0047817803,0.67355376,0.29748064,0.015154955,0.009028875
1JI6,Cofactorless,Cofactorless,1,0.015487359,0.09476784,0.12156735,0.0014059173,0.76677155
7IDX,Cofactorless,Cofactorless,1,0.00021472981,0.00026481805,0.0031062118,0.00039196023,0.9960223
1LIB,Cofactorless,Cofactorless,1,0.004631705,0.0013851355,0.14852327,0.015305318,0.83015454
2NWD,Cofactorless,Cofactorless,1,0.0010231526,0.00035408445,0.0009995085,0.00086322665,0.9967601
4R1B,Cofactorless,Cofactorless,1,0.00594527,0.0066367425,0.09012466,0.007534395,0.88975894
7X3H,Cofactorless,Cofactorless,1,0.0038226512,0.002878005,0.0050620697,0.0015936107,0.9866436
5K2N,Cofactorless,Cofactorless,1,0.00029454264,8.502849e-05,0.00010078104,0.00010864001,0.999411
7P25,Cofactorless,Cofactorless,1,0.022853903,0.0024477774,0.022242162,0.0006222955,0.95183384
5GLX,Cofactorless,Cofactorless,1,0.01611838,0.30656448,0.007102123,0.12535319,0.5448618
3GW3,Cofactorless,Cofactorless,1,0.0042518917,0.07685265,0.0015175674,0.0004972299,0.91688067
1TP0,Cofactorless,Cofactorless,1,0.0048746895,0.0022063034,0.008576832,0.0017432087,0.982599
2ICC,Cofactorless,Cofactorless,1,0.0062675346,0.053967472,0.15976508,0.15182136,0.62817854
6EHX,Cofactorless,Cofactorless,1,0.02061106,0.036062066,0.060672376,0.0010598644,0.8815946
6LYT,Cofactorless,Cofactorless,1,0.00029849095,8.572331e-05,0.000102705446,0.00011009631,0.999403
5RDZ,Cofactorless,Cofactorless,1,0.0007038044,0.0008606821,0.0013683706,0.000612064,0.9964551
1JAM,Cofactorless,FAD,0,0.023197858,0.5747565,0.32123688,0.04211272,0.03869602
5P07,Cofactorless,Cofactorless,1,0.00036364642,0.00044524012,0.0010710979,0.00015195529,0.997968
2PW5,Cofactorless,Cofactorless,1,0.0007909316,7.039872e-05,0.0002441907,0.00031910857,0.9985753
5DDV,Cofactorless,Zn2+,0,0.038345452,0.007563876,0.8578666,0.015430454,0.080793686
4ACO,Cofactorless,Cofactorless,1,4.484328e-05,0.00069245667,0.000997974,0.00027503129,0.99798965
5R3B,Cofactorless,Cofactorless,1,0.0007450494,0.0005853902,0.001564687,0.00056385377,0.99654096
1DST,Cofactorless,Zn2+,0,0.015173319,0.037810754,0.5492971,0.08276591,0.31495294
2CG7,Cofactorless,Cofactorless,1,0.0012191552,0.005184412,0.24130042,0.008451942,0.7438441
8ING,HEME,Zn2+,0,0.00816546,0.045339968,0.9275792,0.00028762902,0.018627789
8EKO,HEME,HEME,1,0.99877423,0.0003300423,0.00019443361,0.00017418814,0.0005270697
4AVD,HEME,HEME,1,0.97867626,0.0013086783,0.012706168,0.001872134,0.005436737
2VKU,HEME,HEME,1,0.9979721,0.001432754,0.0003097787,4.8918937e-05,0.00023647115
4UGR,HEME,HEME,1,0.9962774,0.0029468613,0.0003829366,8.374148e-05,0.0003090445
7LS3,HEME,HEME,1,0.91957915,0.07549238,0.0013462403,0.00024215046,0.0033400785
1DP6,HEME,HEME,1,0.99127483,0.00029553496,0.007499455,0.00024904773,0.0006811476
4XV4,HEME,HEME,1,0.99963486,0.000102876926,5.726176e-05,2.5817997e-05,0.00017913946
7L3Y,HEME,HEME,1,0.9996731,3.209029e-05,5.147353e-05,6.078295e-05,0.00018254433
7V46,HEME,HEME,1,0.8018891,0.10465859,0.062474616,0.013033596,0.017944017
3OZU,HEME,Zn2+,0,0.09042296,0.107475914,0.50970393,0.023017017,0.26938018
3O89,HEME,HEME,1,0.99825054,0.00011342673,0.00042984303,0.00011032988,0.0010958896
1BEM,HEME,HEME,1,0.98544055,0.0020576427,0.0011782076,0.00039730713,0.01092627
2EUU,HEME,HEME,1,0.9995041,0.00019649378,7.8193676e-05,3.0629963e-05,0.00019061929
5UFG,HEME,HEME,1,0.94162357,0.0040034186,0.01596189,0.00018778065,0.03822332
2IIZ,HEME,HEME,1,0.91713357,0.01942086,0.034477983,0.019892797,0.009074805
1YRD,HEME,HEME,1,0.9982597,0.00015589301,0.0010263332,0.00026779398,0.00029023943
3VOO,HEME,HEME,1,0.945522,0.030848263,0.020131856,0.00096376153,0.0025341224
1LT0,HEME,HEME,1,0.99127483,0.00029553496,0.007499455,0.00024904773,0.0006811476
6ATJ,HEME,HEME,1,0.9974929,0.001440106,0.00031088866,0.00019760286,0.0005585538
3ABA,HEME,HEME,1,0.5959497,0.29922813,0.043317765,0.019292094,0.042212334
2MGA,HEME,HEME,1,0.9996613,3.594126e-05,0.000104308296,3.1346583e-05,0.00016709194
5EJX,HEME,HEME,1,0.9993581,0.0002504009,0.00011357304,5.1178886e-05,0.00022671769
2AQD,HEME,HEME,1,0.9995041,0.00019649378,7.8193676e-05,3.0629963e-05,0.00019061929
1VXF,HEME,HEME,1,0.9996556,3.8596576e-05,5.745161e-05,3.3170945e-05,0.00021513362
5M0N,HEME,FAD,0,0.33973676,0.38038713,0.27056208,0.0043996423,0.004914425
7UF9,HEME,HEME,1,0.99719244,0.0015409162,0.00071218156,3.2491815e-05,0.00052194606
5IQX,HEME,HEME,1,0.92280465,0.0043279803,0.06235311,0.0012011222,0.009313101
5WK9,HEME,HEME,1,0.99803215,0.00020571303,0.0011603632,0.00030970993,0.0002921149
4NVF,HEME,HEME,1,0.99963486,0.000102876926,5.726176e-05,2.5817997e-05,0.00017913946
6T0K,HEME,HEME,1,0.7075964,0.005276011,0.11327795,0.05183752,0.12201208
3X34,HEME,HEME,1,0.7602813,0.0016547703,0.17466421,0.0042761583,0.059123505
1OFK,HEME,HEME,1,0.9986816,8.086613e-05,0.00047197437,5.9209207e-05,0.0007063538
5W58,HEME,FAD,0,0.3146717,0.47621986,0.20209198,0.0016491315,0.0053673126
2AL0,HEME,HEME,1,0.9947161,0.00021545,0.0015375192,0.00023244502,0.0032984698
2C7X,HEME,HEME,1,0.92310053,0.005762796,0.06894405,0.0017047623,0.00048781416
7NQN,HEME,HEME,1,0.9996797,0.00026483982,2.6938156e-05,1.92898e-05,9.318637e-06
8CCR,HEME,Cofactorless,0,0.30589765,0.009717831,0.08329002,0.0070683695,0.59402615
1MLO,HEME,HEME,1,0.9993795,9.591133e-05,0.00017358406,4.4291188e-05,0.00030671258
4UG6,HEME,HEME,1,0.9961339,0.003101887,0.0004096428,8.702315e-05,0.00026759552
8DJU,HEME,HEME,1,0.82843775,0.063533545,0.014101018,0.012320035,0.08160763
1JPB,HEME,HEME,1,0.9996556,3.8596576e-05,5.745161e-05,3.3170945e-05,0.00021513362
1OXA,HEME,HEME,1,0.9991078,0.00063555926,4.4591758e-05,1.4663854e-05,0.00019738349
2OHB,HEME,HEME,1,0.9987464,0.00032150853,0.00034015178,7.721217e-05,0.000514754
2JJO,HEME,HEME,1,0.9545744,0.00044583553,0.044093307,0.00031067088,0.0005757679
6KRF,HEME,HEME,1,0.99952424,4.2546264e-05,7.960682e-05,3.684661e-05,0.00031671705
3CCP,HEME,HEME,1,0.99967897,9.38149e-05,5.5736953e-05,1.8007395e-05,0.00015346611
1EHG,HEME,HEME,1,0.9890497,0.009366643,0.0002517688,0.0011894299,0.0001424503
8R9N,HEME,HEME,1,0.9994412,3.96843e-05,0.00024347608,3.972485e-05,0.0002358654
7RL2,HEME,HEME,1,0.99778986,0.0016735136,9.623235e-05,8.1148515e-05,0.00035926563
5M6K,HEME,Zn2+,0,0.08485213,0.008579283,0.5878954,0.011310987,0.3073622
6BDD,HEME,HEME,1,0.8452696,0.0027311174,0.12102642,0.015635934,0.015336861
3A4G,HEME,HEME,1,0.9978618,0.0004263038,0.000101715465,0.00014472532,0.0014655081
1CCJ,HEME,HEME,1,0.99943167,0.00013012513,8.1405e-05,3.1256463e-05,0.00032551753
2MGG,HEME,HEME,1,0.99880934,0.000116135365,0.00026477157,8.433097e-05,0.0007254233
3E2N,HEME,HEME,1,0.9726658,0.0042285966,0.0031765113,0.00086822023,0.019060967
5O1K,HEME,HEME,1,0.8759758,0.0039883074,0.0045958445,0.0052134832,0.1102266
5KDZ,HEME,HEME,1,0.9658734,0.03338512,0.00030064222,0.00031738402,0.00012344557
8ZGO,HEME,Zn2+,0,0.21357012,0.21552113,0.50774413,0.010599265,0.05256533
6E8Q,HEME,HEME,1,0.99958295,0.00026987863,0.00011344638,9.772412e-06,2.3989414e-05
1CCB,HEME,HEME,1,0.99901676,0.00030929048,0.0001091666,3.6311616e-05,0.0005284687
2ASN,HEME,HEME,1,0.99764603,0.00013303703,0.0006838598,0.00013395584,0.0014030802
1IWK,HEME,HEME,1,0.99846727,0.00016280366,0.00092509494,0.00021229712,0.00023254543
5HIW,HEME,HEME,1,0.902252,0.05077051,0.0012920909,0.0016588569,0.044026528
2XVZ,HEME,HEME,1,0.3939074,0.32435864,0.012888041,0.012405853,0.2564401
1IYN,HEME,FAD,0,0.32575837,0.66018593,0.007891488,0.0012400291,0.004924155
6EKZ,HEME,HEME,1,0.6122601,0.047867466,0.07485639,0.19240502,0.072611004
3HDL,HEME,HEME,1,0.9856858,0.0016429435,0.009851345,0.0014400616,0.0013798991
7N14,HEME,HEME,1,0.92736316,0.024229117,0.009974515,0.0067069903,0.031726193
3E4N,HEME,HEME,1,0.9996556,3.8596576e-05,5.745161e-05,3.3170945e-05,0.00021513362
3E55,HEME,HEME,1,0.9996556,3.8596576e-05,5.745161e-05,3.3170945e-05,0.00021513362
1UBB,HEME,HEME,1,0.98575276,0.00046204822,0.0012801918,7.704127e-05,0.0124279875
5B50,HEME,Cofactorless,0,0.10481725,0.4149829,0.010544569,0.00072272646,0.46893257
4O6U,HEME,HEME,1,0.96724665,0.0017103293,0.020502785,0.000598946,0.009941308
6XAM,HEME,HEME,1,0.99980885,3.3054064e-05,2.606277e-05,1.4792577e-05,0.00011732146
1NZ5,HEME,HEME,1,0.99945885,3.3330496e-05,0.00023255203,2.9164736e-05,0.0002460621
5KDY,HEME,HEME,1,0.988458,0.009673691,0.0008441,0.00085839035,0.00016580698
2XKG,HEME,HEME,1,0.9744881,0.0011323588,0.014215124,0.0034680131,0.006696389
1EUP,HEME,HEME,1,0.9991078,0.00063555926,4.4591758e-05,1.4663854e-05,0.00019738349
8A8L,HEME,HEME,1,0.99364203,9.8856995e-05,0.0015348238,3.8876708e-05,0.0046854117
6VZB,HEME,HEME,1,0.99973935,7.5376025e-05,1.9993144e-05,1.5193832e-05,0.0001501379
1PM1,HEME,HEME,1,0.99181706,0.00046734425,0.002430807,0.0007967448,0.0044881054
2Z3U,HEME,HEME,1,0.48352587,0.15245782,0.29768935,0.0037847739,0.06254217
1H5L,HEME,HEME,1,0.9974929,0.001440106,0.00031088866,0.00019760286,0.0005585538
1H5Z,HEME,HEME,1,0.9979248,0.0015074969,0.0002811298,5.6272034e-05,0.00023024341
2BOQ,HEME,HEME,1,0.9877413,0.0007137787,0.0020713345,0.002301846,0.00717173
6HQQ,HEME,HEME,1,0.99384004,0.004856218,0.0007517288,0.0004050192,0.0001470799
1YWC,HEME,HEME,1,0.9936026,0.00015387234,0.0031806256,0.00025347256,0.0028094433
8VWK,HEME,HEME,1,0.9957129,0.0031394141,0.00010240842,0.00013769197,0.0009076133
5XKV,HEME,HEME,1,0.99785644,0.0004790135,0.00049874216,0.000100657686,0.0010651061
1Z8P,HEME,HEME,1,0.9990972,0.00070016435,0.00014682555,1.4848071e-05,4.091934e-05
2J0P,HEME,Zn2+,0,0.05573005,0.2386117,0.5895848,0.064897016,0.05117639
7TSA,HEME,HEME,1,0.49633768,0.012346588,0.48517987,0.0029260209,0.0032097795
5EAG,HEME,HEME,1,0.9995888,0.00027167957,0.000112684706,1.0130139e-05,1.6721619e-05
2ZT4,HEME,HEME,1,0.9996556,3.8596576e-05,5.745161e-05,3.3170945e-05,0.00021513362
6MA8,HEME,HEME,1,0.99719244,0.0015409162,0.00071218156,3.2491815e-05,0.00052194606
6A7I,HEME,HEME,1,0.9997464,5.4023276e-05,0.00013899774,9.938405e-06,5.064907e-05
8S53,HEME,HEME,1,0.9982407,0.00016836372,0.000167356,8.0429345e-05,0.0013430932
3AWP,HEME,HEME,1,0.9816144,0.01108252,0.005531094,0.00018846194,0.0015835293
6RQ6,HEME,HEME,1,0.9996797,0.00026483982,2.6938156e-05,1.92898e-05,9.318637e-06
8R9Q,HEME,HEME,1,0.9994412,3.96843e-05,0.00024347608,3.972485e-05,0.0002358654
8GDI,HEME,HEME,1,0.98417884,0.000688372,0.006234508,0.0008564882,0.0080417665
4UGF,HEME,HEME,1,0.9961339,0.003101887,0.0004096428,8.702315e-05,0.00026759552
4NS2,HEME,HEME,1,0.9989077,4.8943835e-05,0.0007206931,4.7239715e-05,0.00027541505
6LY4,HEME,FAD,0,0.25557268,0.60385793,0.09438229,0.009416986,0.03677008
6LAA,HEME,FAD,0,0.02540314,0.84349346,0.07996701,0.018495997,0.032640416
4GRC,HEME,FAD,0,0.0038916175,0.81628424,0.009262388,0.00045075323,0.17011099
2CIW,HEME,HEME,1,0.9878036,0.0015608886,0.0025106238,0.006317148,0.0018077593
4RLR,HEME,Cofactorless,0,0.018175762,0.004042981,0.051777642,0.0036024544,0.9224012
1H57,HEME,HEME,1,0.9974929,0.001440106,0.00031088866,0.00019760286,0.0005585538
5VCE,HEME,HEME,1,0.99351704,0.0042859027,0.0012650174,4.407746e-05,0.00088800886
4ICT,HEME,HEME,1,0.9995677,0.00039199105,3.2222077e-05,4.715514e-06,3.4223126e-06
5OMU,HEME,HEME,1,0.99315214,0.0051050936,0.00076288474,0.00077462173,0.00020522771
2HZ2,HEME,HEME,1,0.99437755,0.00024379203,0.00059206085,0.00018985548,0.0045966706
8F9H,HEME,HEME,1,0.9993993,4.9836202e-05,0.00025107936,3.87929e-05,0.00026096322
2VLY,HEME,HEME,1,0.99953115,3.6556983e-05,0.00020175875,3.1155138e-05,0.00019945725
5B85,HEME,HEME,1,0.9995839,4.391846e-05,7.344591e-05,3.5468867e-05,0.00026329423
4NVL,HEME,HEME,1,0.99963486,0.000102876926,5.726176e-05,2.5817997e-05,0.00017913946
1CPG,HEME,HEME,1,0.99440753,0.0014733683,0.00091816613,0.0002485479,0.0029524313
1A6G,HEME,HEME,1,0.9993718,4.4759243e-05,0.000248234,4.372115e-05,0.00029144972
8GLZ,HEME,HEME,1,0.9951879,0.0015666233,0.0004123153,0.00030822263,0.002524915
3IW1,HEME,HEME,1,0.98091274,0.0020603347,0.00049518584,0.007221311,0.00931044
2AMM,HEME,HEME,1,0.98990434,0.00057657924,0.0029989746,0.0009829724,0.0055371383
9H1M,HEME,HEME,1,0.9976169,0.0011181332,0.00037216497,0.00038216857,0.0005106726
5L1Q,HEME,HEME,1,0.998309,0.0013747835,0.00028608617,8.647107e-06,2.1408981e-05
2WHF,HEME,FAD,0,0.006950161,0.9806333,0.003701007,0.0047154906,0.0040000794
2Q8Q,HEME,Cofactorless,0,0.0022431253,0.004698469,0.002039806,0.00093141093,0.9900872
1NP4,HEME,HEME,1,0.9936026,0.00015387234,0.0031806256,0.00025347256,0.0028094433
6HQR,HEME,HEME,1,0.9862693,0.004680168,0.0057897586,0.0028601969,0.00040059417
5ZZG,HEME,HEME,1,0.996855,0.00029007878,0.0005855981,0.000275558,0.0019937176
5IKG,HEME,FAD,0,0.17261638,0.5255898,0.28419742,0.0015877949,0.016008548
1ECD,HEME,Cofactorless,0,0.10983611,0.004680622,0.21486382,0.034005713,0.6366138
5G6B,HEME,HEME,1,0.9961339,0.003101887,0.0004096428,8.702315e-05,0.00026759552
1HRM,HEME,HEME,1,0.9994412,4.9622835e-05,0.00024750514,3.846932e-05,0.00022320727
1MNH,HEME,HEME,1,0.9744192,0.00079569826,0.019157017,0.0006446886,0.004983419
4BLN,HEME,HEME,1,0.99320567,0.0005012003,0.001657974,0.0008563065,0.0037788288
2EUQ,HEME,HEME,1,0.9995041,0.00019649378,7.8193676e-05,3.0629963e-05,0.00019061929
7TEF,HEME,HEME,1,0.99195474,0.0051218346,0.0021362368,6.201268e-05,0.00072519574
1GEK,HEME,HEME,1,0.9981664,0.00015294936,0.0011702216,0.00025182817,0.00025867214
1CP4,HEME,HEME,1,0.9982492,0.00016045044,0.0010323866,0.00026779115,0.00029023635
2HZ3,HEME,HEME,1,0.9944207,0.0002004718,0.0005920865,0.00018986371,0.00459687
3OZZ,HEME,Zn2+,0,0.29634005,0.015232109,0.57421744,0.023583038,0.09062734
8SQP,HEME,HEME,1,0.9168095,0.002740079,0.055574436,0.002284266,0.02259173
4APY,HEME,HEME,1,0.9967384,0.0014315759,0.00024611584,0.00010568374,0.001478204
9Q4Q,HEME,Zn2+,0,0.07006473,0.011746652,0.912855,0.0021508897,0.0031827283
6U87,HEME,Cofactorless,0,0.096079566,0.001951206,0.008250561,0.00045236788,0.8932663
1GEI,HEME,HEME,1,0.9735388,0.025939,8.240707e-05,0.00031156445,0.00012827019
5ESL,HEME,HEME,1,0.999584,0.0002909331,8.729949e-05,9.858729e-06,2.7933744e-05
1BJE,HEME,HEME,1,0.9993631,4.185167e-05,0.00024412059,4.228495e-05,0.00030868035
1YMA,HEME,HEME,1,0.99944705,4.4788067e-05,0.0003053522,3.5932462e-05,0.00016691009
7BR0,FAD,FAD,1,0.022681475,0.90298665,0.060633864,0.0034323258,0.010265646
1FNB,FAD,FAD,1,0.0006908193,0.9913879,0.003898167,0.00010456971,0.003918542
1IQR,FAD,FAD,1,0.022946872,0.82004994,0.033685807,0.0016796533,0.1216377
8Z4P,FAD,FAD,1,0.00045976634,0.99862516,0.00041260972,0.00014787025,0.0003545579
2GQW,FAD,FAD,1,0.0004213502,0.99666566,0.0001791114,6.130092e-05,0.002672533
8PXL,FAD,FAD,1,0.0003730372,0.9963948,0.00025132796,5.9115446e-05,0.002921703
3T31,FAD,FAD,1,9.5611504e-05,0.99963784,4.5298217e-05,2.2789129e-05,0.00019840641
2GR2,FAD,FAD,1,0.0003730372,0.9963948,0.00025132796,5.9115446e-05,0.002921703
8JM1,FAD,FAD,1,0.00091605086,0.9929127,0.0027897307,0.0007682654,0.0026132485
4REK,FAD,FAD,1,0.000287259,0.99851745,0.0004409772,0.00044492903,0.00030939424
1V5G,FAD,FAD,1,0.0004649815,0.98901016,0.0015610924,0.0013430136,0.007620774
5BUL,FAD,FAD,1,0.021970626,0.9064972,0.053117983,0.0031001417,0.015314035
8Z41,FAD,FAD,1,0.000526449,0.99840987,0.0005031361,0.00021963917,0.00034082204
4H4W,FAD,FAD,1,0.00040838076,0.9972332,0.0001653197,3.7136302e-05,0.002155906
8YQM,FAD,FAD,1,0.0007462437,0.9987692,0.00026334272,1.0082036e-05,0.00021105222
8Z6I,FAD,FAD,1,0.000526449,0.99840987,0.0005031361,0.00021963917,0.00034082204
4H4S,FAD,FAD,1,0.00037150824,0.9973477,0.00013621093,3.6358484e-05,0.002108213
7XPI,FAD,FAD,1,0.0055002416,0.9935958,0.00019424089,0.00047659763,0.00023322116
6PVI,FAD,FAD,1,0.013545202,0.93386257,0.013978366,0.000356451,0.038257424
1W35,FAD,FAD,1,0.00019839572,0.99804556,0.00050238153,1.9421164e-05,0.0012342801
2R0C,FAD,FAD,1,0.013121778,0.92719597,0.030045733,0.020613983,0.009022522
8Z4K,FAD,FAD,1,0.000526449,0.99840987,0.0005031361,0.00021963917,0.00034082204
5ZYN,FAD,FAD,1,0.0017120994,0.8500314,0.14482105,0.0017536171,0.0016818644
8JDO,FAD,FAD,1,0.00031297887,0.9966356,0.0018149528,0.0010641937,0.00017228398
9KKC,FAD,FAD,1,0.00033887502,0.99476045,0.002435488,0.00032899852,0.0021362333
4D03,FAD,FAD,1,9.169087e-05,0.9997081,3.5664594e-05,5.7813622e-06,0.00015870208
5I39,FAD,FAD,1,0.15112802,0.5591659,0.007904476,0.004313798,0.27748784
8QNB,FAD,FAD,1,0.15101558,0.8346838,0.0047039366,0.0017800855,0.007816624
7ORZ,FAD,FAD,1,0.0012233774,0.99700004,0.00023026139,6.281233e-05,0.001483535
1BX1,FAD,FAD,1,0.00048449935,0.99176323,0.0031649629,8.344079e-05,0.0045039384
4NZH,FAD,FAD,1,0.38543075,0.6135227,0.00064681406,4.562362e-05,0.00035413698
3SX6,FAD,FAD,1,0.000103531434,0.99962914,5.8803562e-05,1.820267e-05,0.00019025337
9GXB,FAD,FAD,1,0.21674827,0.7365048,0.011798397,0.0007172162,0.034231257
7QU3,FAD,FAD,1,0.27350175,0.6023067,0.051206812,0.014382001,0.058602728
7OSQ,FAD,FAD,1,0.0018262565,0.99354607,0.00049614353,0.0001269609,0.0040046033
9C4P,FAD,FAD,1,0.006970628,0.9808296,0.006099796,0.00046879702,0.0056311223
1DOD,FAD,FAD,1,0.00023416667,0.99906737,8.327498e-05,4.9837803e-05,0.0005654075
1U3D,FAD,FAD,1,0.034864508,0.5101705,0.050694212,0.0010955235,0.40317523
3ZBU,FAD,FAD,1,0.00015908212,0.9985838,0.00046916163,1.2326388e-05,0.00077563646
8ER1,FAD,FAD,1,0.052139126,0.90407646,0.02780178,0.0018159118,0.014166748
9HNK,FAD,FAD,1,0.00122986,0.98974496,0.0035547898,0.003293854,0.002176574
3SXI,FAD,FAD,1,0.00018804548,0.99943095,4.0111412e-05,2.117401e-05,0.00031964955
3FW1,FAD,Cofactorless,0,0.004433165,0.0020716588,0.10425986,0.029797161,0.8594382
1QGY,FAD,FAD,1,0.00018144536,0.9941837,0.0029136825,0.000117680705,0.0026035132
1GRG,FAD,FAD,1,8.7223016e-05,0.99965847,4.646671e-05,8.9110006e-05,0.00011875755
1NHS,FAD,FAD,1,0.005460364,0.9933749,0.00032000543,6.2651896e-05,0.000782064
7VJB,FAD,FAD,1,0.00023182888,0.9982768,0.0004017084,0.00045872713,0.0006309634
5GV7,FAD,FAD,1,0.00951824,0.98288983,0.0045859194,0.0013144104,0.0016915835
3GWD,FAD,FAD,1,0.0012981722,0.99458647,0.0011672751,6.6796296e-05,0.002881276
8Z3X,FAD,FAD,1,0.00045976634,0.99862516,0.00041260972,0.00014787025,0.0003545579
3NH3,FAD,FAD,1,0.0011964489,0.99513197,0.0020512298,0.00031580377,0.0013046295
2DKH,FAD,FAD,1,0.08574115,0.8681815,0.024368685,0.016246745,0.005461833
1TDF,FAD,FAD,1,0.0007477707,0.9989312,0.00020799071,4.3248543e-05,6.972299e-05
8Z1J,FAD,FAD,1,0.0003905952,0.9986181,0.00051519467,0.00015070675,0.00032531706
2CJC,FAD,Cofactorless,0,0.022407897,0.18240978,0.04097141,0.016441135,0.7377697
6DD6,FAD,FAD,1,0.011720241,0.57006305,0.38451236,0.006875745,0.026828587
7B02,FAD,FAD,1,0.00043978234,0.9986469,0.00014817754,2.152639e-05,0.00074359815
9ORN,FAD,FAD,1,0.00015431047,0.9972825,0.00033976467,3.8424943e-05,0.002184928
3DJG,FAD,FAD,1,6.50971e-05,0.99928373,0.0002612597,0.00015415529,0.00023581406
7KPQ,FAD,FAD,1,0.00063129165,0.99861515,0.0005160049,5.420658e-05,0.00018336957
8JU4,FAD,FAD,1,0.000946836,0.9977457,0.00059390254,0.00037207073,0.00034142783
3D1C,FAD,FAD,1,0.08074392,0.8286982,0.052802775,0.00590475,0.031850334
8JM2,FAD,FAD,1,0.00091605086,0.9929127,0.0027897307,0.0007682654,0.0026132485
6LR8,FAD,FAD,1,0.038963612,0.88249034,0.065931424,0.0029757358,0.009638944
7KPT,FAD,FAD,1,0.00084373646,0.9985655,0.0003532734,5.4203883e-05,0.00018336045
4YKG,FAD,FAD,1,0.043172263,0.508318,0.007283374,0.014523467,0.4267029
8WKC,FAD,FAD,1,0.11193007,0.8620836,0.0073852413,0.00023962275,0.018361429
8JDV,FAD,FAD,1,0.000545835,0.98055756,0.017334603,0.0012366674,0.00032538606
1GRE,FAD,FAD,1,8.7223016e-05,0.99965847,4.646671e-05,8.9110006e-05,0.00011875755
2DJI,FAD,FAD,1,0.00022205224,0.9954526,0.0010303935,0.0008003401,0.0024946192
9HNL,FAD,FAD,1,0.00122986,0.98974496,0.0035547898,0.003293854,0.002176574
9KKG,FAD,FAD,1,0.00026296594,0.99516934,0.002132916,0.00030038413,0.0021343993
8UIQ,FAD,FAD,1,0.038329333,0.5161128,0.43076062,0.0016174426,0.01317979
1WAM,FAD,Zn2+,0,0.20140986,0.11516417,0.6551491,0.0017011417,0.026575692
1NPX,FAD,FAD,1,0.026198797,0.9721376,0.00041913215,9.951882e-05,0.0011449571
3SYI,FAD,FAD,1,0.00016707901,0.9993656,7.5647506e-05,2.4592924e-05,0.00036711505
1B8S,FAD,FAD,1,0.00023886755,0.9989612,0.00032757953,0.0002682821,0.00020402198
1M6I,FAD,FAD,1,0.049644887,0.9495599,0.00029109116,0.00033750874,0.00016658238
8BJY,FAD,FAD,1,0.0001665542,0.99525696,0.0009060776,0.00058545003,0.0030849797
3GYI,FAD,FAD,1,0.00014117057,0.998696,0.00023418882,0.00070278795,0.00022586354
4OVI,FAD,FAD,1,0.000469817,0.9992613,6.562208e-05,1.3730155e-05,0.00018947064
6SW2,FAD,FAD,1,0.035895262,0.9548265,0.0036503705,0.0014678054,0.0041600256
1FDR,FAD,HEME,0,0.8376675,0.030605968,0.046726756,0.0038059475,0.081193775
9V6B,FAD,FAD,1,0.06134291,0.5751585,0.23506424,0.029051233,0.09938314
3NG7,FAD,FAD,1,0.0009230674,0.99618775,0.0014681288,0.00023118184,0.001189856
3NYE,FAD,FAD,1,0.0069478513,0.96854705,0.0006846863,0.00019288308,0.02362753
8Z3D,FAD,FAD,1,0.000526449,0.99840987,0.0005031361,0.00021963917,0.00034082204
2MBR,FAD,FAD,1,0.15446869,0.3925872,0.1687797,0.015540416,0.26862404
8C6B,FAD,FAD,1,0.00074121513,0.99839103,0.00020753198,4.1482257e-05,0.00061879866
5UTH,FAD,FAD,1,0.0032354863,0.9961857,0.00032691125,0.000122053,0.0001298155
2I0K,FAD,FAD,1,0.007893058,0.9611399,0.0040535,0.0022884635,0.024625067
1TDE,FAD,FAD,1,0.000778615,0.9988747,0.00023055886,5.103543e-05,6.506462e-05
9IQC,FAD,Zn2+,0,0.001584398,0.0018831727,0.9633907,0.001987809,0.03115386
7VJ5,FAD,FAD,1,0.00023182888,0.9982768,0.0004017084,0.00045872713,0.0006309634
4U63,FAD,FAD,1,0.11796262,0.76742804,0.10438233,0.001177429,0.009049586
3O55,FAD,Zn2+,0,0.07265366,0.14887552,0.7581114,0.006068912,0.014290539
8PL6,FAD,FAD,1,0.00030887625,0.9983851,0.00019836178,2.4393785e-05,0.0010832773
3DK9,FAD,FAD,1,8.7223016e-05,0.99965847,4.646671e-05,8.9110006e-05,0.00011875755
1GSN,FAD,FAD,1,6.3432315e-05,0.9997147,4.0778512e-05,9.8701654e-05,8.240747e-05
8JM4,FAD,FAD,1,0.0009103251,0.9918147,0.0037911574,0.0007439908,0.0027397927
8PLG,FAD,FAD,1,0.0003088746,0.9983797,0.00020376345,2.4393654e-05,0.0010832715
3T0K,FAD,FAD,1,9.5611504e-05,0.99963784,4.5298217e-05,2.2789129e-05,0.00019840641
2JKC,FAD,FAD,1,0.0011661224,0.99704605,0.0010607747,0.0003750765,0.00035200332
5ZW8,FAD,Cofactorless,0,0.026259523,0.008979939,0.026596442,0.00641306,0.9317511
5Y7A,FAD,FAD,1,0.006460662,0.9895571,0.0021542504,0.0005418616,0.0012861268
3QVR,FAD,FAD,1,0.0058988193,0.96055144,0.029609414,0.0023627037,0.0015776893
1BJK,FAD,FAD,1,0.0001996636,0.99412113,0.002847591,0.00013422151,0.00269735
6KGQ,FAD,Zn2+,0,0.028170085,0.3446819,0.6197562,0.004506376,0.0028853943
5VW4,FAD,FAD,1,0.009213667,0.7439947,0.09210659,0.015286768,0.13939829
1K0L,FAD,FAD,1,0.0001485674,0.9989261,6.2538624e-05,5.8315145e-05,0.00080447085
4HA6,FAD,FAD,1,0.025594955,0.8731917,0.09061708,0.009805492,0.0007907037
2IJG,FAD,FAD,1,0.0026117493,0.88289994,0.0073544336,0.0024830766,0.10465079
4G1V,FAD,HEME,0,0.8458133,0.102314115,0.0058542197,0.004664932,0.041353386
3U5S,FAD,Zn2+,0,0.120760195,0.003517315,0.86336696,0.0036903215,0.008665221
1N1P,FAD,FAD,1,0.00024033869,0.99874794,0.00027979552,0.0005122543,0.00021964943
8B7S,FAD,FAD,1,0.0002595927,0.998993,0.0005858612,0.00010408181,5.7444744e-05
1V5E,FAD,FAD,1,0.00022205224,0.9954526,0.0010303935,0.0008003401,0.0024946192
5HXI,FAD,FAD,1,0.00067404646,0.9984841,0.00073550915,4.588033e-05,6.0556664e-05
3RP7,FAD,FAD,1,0.0015499856,0.99173635,0.0037811059,0.0018413408,0.0010912496
6YS2,FAD,FAD,1,0.0014350882,0.9963554,0.0006676712,0.001220458,0.0003213294
4K8D,FAD,FAD,1,0.086569436,0.67186517,0.023993358,0.104534775,0.11303728
8Z4M,FAD,FAD,1,0.000526449,0.99840987,0.0005031361,0.00021963917,0.00034082204
4D04,FAD,FAD,1,9.169087e-05,0.9997081,3.5664594e-05,5.7813622e-06,0.00015870208
6C7S,FAD,FAD,1,0.003351579,0.993024,0.002221314,0.00027681608,0.0011262447
3RP6,FAD,FAD,1,0.0013652946,0.9920806,0.0031970877,0.0019988916,0.0013581584
3GSI,FAD,FAD,1,0.037996963,0.9108954,0.007282105,0.011978678,0.031846825
8QNC,FAD,FAD,1,0.004597079,0.9859693,0.003518159,0.00081949565,0.0050959834
8CCM,FAD,FAD,1,0.0032354863,0.9961857,0.00032691125,0.000122053,0.0001298155
1K0I,FAD,FAD,1,0.00014858987,0.9990772,8.4546715e-05,5.8323963e-05,0.00063136633
4YNU,FAD,Cofactorless,0,0.0156625,0.058972366,0.021676628,0.12500857,0.77867997
7VJ6,FAD,FAD,1,0.00023182888,0.9982768,0.0004017084,0.00045872713,0.0006309634
3G5S,FAD,Cofactorless,0,0.066214256,0.09490566,0.0057407017,0.0038457573,0.82929367
7V8R,FAD,FAD,1,0.004047917,0.9905069,0.0021477405,0.00010675811,0.0031907212
3LVB,FAD,FAD,1,0.0002629457,0.99509263,0.0022097905,0.000300361,0.0021342346
8C1U,FAD,FAD,1,0.00081605435,0.99835443,0.00020448868,4.2216656e-05,0.00058289414
7AV4,FAD,FAD,1,0.001429055,0.9914141,0.0019577204,0.0007098434,0.0044892463
4YWO,FAD,FAD,1,0.0016025006,0.9909589,8.3322884e-05,0.00011081829,0.007244391
3W2H,FAD,FAD,1,0.0065822275,0.9866946,0.0042935805,0.0009343711,0.0014952184
3DJL,FAD,Zn2+,0,0.010278384,0.4566303,0.47943592,0.009970335,0.043685038
1E62,FAD,FAD,1,0.00014813505,0.998312,0.0007313902,1.2923977e-05,0.0007955825
2AR8,FAD,FAD,1,0.016936079,0.9825042,0.00035228874,0.00010127104,0.00010615796
5WGY,FAD,FAD,1,0.11646354,0.6156385,0.1739029,0.037316285,0.056678817
1R2J,FAD,FAD,1,0.07087671,0.41122985,0.03835042,0.089105695,0.3904373
2YLS,FAD,FAD,1,0.000469817,0.9992613,6.562208e-05,1.3730155e-05,0.00018947064
3E2S,FAD,FAD,1,0.06068679,0.48487818,0.1367402,0.0012014185,0.31649345
4XXG,FAD,FAD,1,0.00011810663,0.99824274,0.00056980515,0.0008105144,0.00025888765
1Q9I,FAD,FAD,1,0.00074913155,0.97905207,0.019740038,0.00021079765,0.0002479482
1QUF,FAD,FAD,1,0.00012608271,0.9984528,0.0005582013,1.2050387e-05,0.00085084775
5OGX,FAD,Zn2+,0,0.042452607,0.056520004,0.48924765,0.005119822,0.40665993
2CIE,FAD,FAD,1,0.017537208,0.6668964,0.034610678,0.1725278,0.108427875
1WKF,Zn2+,Zn2+,1,0.0018645182,0.002468604,0.9946502,0.000104520936,0.00091218005
4FRV,Zn2+,Cu+,0,0.0010445914,0.001324836,0.3556426,0.4289858,0.21300225
5QPD,Zn2+,Cofactorless,0,0.06419217,0.2988678,0.01992922,0.010869758,0.60614103
7I43,Zn2+,Zn2+,1,0.00027844362,0.00018014191,0.99829394,0.00025128765,0.0009961796
3PB6,Zn2+,Zn2+,1,0.11331953,0.00730874,0.83762884,0.0044894298,0.037253506
7TSD,Zn2+,HEME,0,0.9912982,0.006824599,0.00030368974,0.0005617452,0.0010118339
1HUG,Zn2+,Zn2+,1,0.00018275731,0.0001453108,0.9991667,0.0003098852,0.0001953648
7G7W,Zn2+,Zn2+,1,4.046048e-05,9.601481e-05,0.9997243,7.9317026e-05,5.986752e-05
4H2I,Zn2+,Zn2+,1,0.00062712375,0.0034590864,0.9948047,0.0005118635,0.0005972247
3U47,Zn2+,Zn2+,1,1.4458902e-05,4.726824e-05,0.9998141,1.6374757e-05,0.00010780956
5FNH,Zn2+,Zn2+,1,1.0488307e-05,3.5538545e-05,0.99987555,1.1227753e-05,6.7160734e-05
6SP0,Zn2+,Cofactorless,0,0.00014200385,0.0001217899,0.00052525423,0.0004699565,0.998741
1C2D,Zn2+,Cofactorless,0,0.005890612,0.062438354,0.16589583,0.09479335,0.6709818
5FNL,Zn2+,Zn2+,1,1.0488307e-05,3.5538545e-05,0.99987555,1.1227753e-05,6.7160734e-05
5SG4,Zn2+,Zn2+,1,0.00055022875,0.001319951,0.99310607,0.0024819684,0.0025418361
5ZGW,Zn2+,Zn2+,1,0.00038757664,0.0012898429,0.9178552,0.072023064,0.008444355
6BCC,Zn2+,Zn2+,1,1.0488307e-05,3.5538545e-05,0.99987555,1.1227753e-05,6.7160734e-05
4CA2,Zn2+,Zn2+,1,1.0488307e-05,3.5538545e-05,0.99987555,1.1227753e-05,6.7160734e-05
3CA2,Zn2+,Zn2+,1,1.2372739e-05,6.0134098e-05,0.9998603,9.591827e-06,5.7641864e-05
5AMH,Zn2+,Zn2+,1,0.0022646212,0.009508469,0.68605655,0.0014503655,0.30072
1LMH,Zn2+,Zn2+,1,0.3542013,0.0020006378,0.5635016,0.071916856,0.008379558
5PMX,Zn2+,Zn2+,1,0.0023104022,0.013534487,0.9802878,0.00073695567,0.0031303593
1KS7,Zn2+,Zn2+,1,0.0005035601,0.0001650951,0.99680483,0.0020277794,0.0004987495
6QV5,Zn2+,HEME,0,0.91017085,0.0018593273,0.039470684,0.00034908284,0.048150066
5JMX,Zn2+,Zn2+,1,3.8178656e-05,0.00013066224,0.99389714,0.002395389,0.0035386246
8PG5,Zn2+,Zn2+,1,0.0010312562,0.0002529514,0.9891334,0.0021898022,0.0073925667
7G4K,Zn2+,Zn2+,1,4.046048e-05,9.601481e-05,0.9997243,7.9317026e-05,5.986752e-05
4BJB,Zn2+,Cofactorless,0,0.00057562825,0.001335644,0.0119194165,0.0002553014,0.985914
2PMP,Zn2+,Zn2+,1,0.24784775,0.00910133,0.38611522,0.06986599,0.28706968
1FUK,Zn2+,Cofactorless,0,0.0002500578,8.604103e-05,0.036765434,0.013223744,0.9496747
6IK4,Zn2+,Zn2+,1,0.012396986,0.08459484,0.81706035,0.0185337,0.06741411
7H4E,Zn2+,Zn2+,1,0.00067583873,0.00028091657,0.99426126,0.0007847178,0.0039972276
5C3K,Zn2+,Cofactorless,0,0.039628323,0.020741927,0.4012177,0.075944036,0.46246806
1G52,Zn2+,Zn2+,1,1.2372739e-05,6.0134098e-05,0.9998603,9.591827e-06,5.7641864e-05
3ISI,Zn2+,Zn2+,1,0.010003871,0.019456059,0.8669395,0.09098851,0.012612078
9GU7,Zn2+,Zn2+,1,1.0488307e-05,3.5538545e-05,0.99987555,1.1227753e-05,6.7160734e-05
3N4B,Zn2+,Zn2+,1,1.0488307e-05,3.5538545e-05,0.99987555,1.1227753e-05,6.7160734e-05
3D09,Zn2+,Cofactorless,0,0.06883697,0.015298833,0.3670828,0.028042715,0.52073866
7FU4,Zn2+,HEME,0,0.51531774,0.05086537,0.10935992,0.011163898,0.31329304
7KUS,Zn2+,Zn2+,1,0.24530932,0.0014178032,0.7480656,0.0007198314,0.004487409
2WXT,Zn2+,Zn2+,1,0.0023127291,0.017952414,0.51158404,0.0030389715,0.46511182
7G4F,Zn2+,Zn2+,1,4.046048e-05,9.601481e-05,0.9997243,7.9317026e-05,5.986752e-05
3R4X,Zn2+,HEME,0,0.94050354,0.012986272,0.0390704,0.0002992459,0.0071405014
4EJM,Zn2+,Zn2+,1,0.025394293,0.06586964,0.88488847,0.007970275,0.015877353
6LUY,Zn2+,Zn2+,1,1.0488307e-05,3.5538545e-05,0.99987555,1.1227753e-05,6.7160734e-05
6LND,Zn2+,Cofactorless,0,0.052899078,0.0066566807,0.26789218,0.005839484,0.6667126
1Z9Y,Zn2+,Zn2+,1,1.2372739e-05,6.0134098e-05,0.9998603,9.591827e-06,5.7641864e-05
5JT5,Zn2+,Zn2+,1,0.0003473193,0.0018547976,0.99700826,0.00010110508,0.0006884849
7CI9,Zn2+,Zn2+,1,0.0050893286,0.015426701,0.8713244,0.010818732,0.097340785
3S1G,Zn2+,Zn2+,1,0.0003473193,0.0018547976,0.99700826,0.00010110508,0.0006884849
4DZ9,Zn2+,Zn2+,1,1.0488307e-05,3.5538545e-05,0.99987555,1.1227753e-05,6.7160734e-05
5SIM,Zn2+,Zn2+,1,0.00055022875,0.001319951,0.99310607,0.0024819684,0.0025418361
1H7P,Zn2+,Cofactorless,0,0.16233826,0.055683937,0.372859,0.024383053,0.38473576
9YC2,Zn2+,Zn2+,1,0.19293539,0.050660163,0.52945596,0.0988169,0.12813157
1W9B,Zn2+,Zn2+,1,0.089578114,0.03687724,0.6646832,0.0045949537,0.20426646
8CP7,Zn2+,FAD,0,0.06583447,0.732779,0.016046956,0.008735575,0.17660402
3EBG,Zn2+,Zn2+,1,0.0026283965,0.0023169704,0.9921674,0.0007716885,0.002115553
7I2I,Zn2+,FAD,0,0.020402847,0.83031917,0.14182101,0.0038544256,0.0036025736
7PBA,Zn2+,Zn2+,1,0.00021324737,0.008902055,0.98858774,0.0011726425,0.0011243436
3L7X,Zn2+,Zn2+,1,0.009264115,0.0026868505,0.8553917,0.007961919,0.1246954
7G6W,Zn2+,Zn2+,1,4.046048e-05,9.601481e-05,0.9997243,7.9317026e-05,5.986752e-05
9GCD,Zn2+,Cofactorless,0,0.118107036,0.010743301,0.30608082,0.013257676,0.55181116
2CBB,Zn2+,Zn2+,1,1.2441796e-05,4.332913e-05,0.9998491,1.2796358e-05,8.227938e-05
3P7S,Zn2+,Zn2+,1,0.0021578493,0.00088015856,0.6626603,0.33231017,0.001991514
8C4W,Zn2+,Zn2+,1,0.00024619017,0.0032627129,0.9892173,0.006430412,0.00084335706
6PDB,Zn2+,Zn2+,1,0.0057538617,0.0028773837,0.98387986,0.00035052135,0.0071384087
2EHT,Zn2+,Cofactorless,0,0.0010320583,4.4295488e-05,0.0007175117,0.001201889,0.9970042
6RQU,Zn2+,Zn2+,1,0.4513838,0.0036536788,0.533112,0.0035919843,0.008258559
4U9B,Zn2+,Zn2+,1,0.005375474,0.0013228464,0.9492498,0.0043985806,0.039653283
6U4T,Zn2+,Zn2+,1,3.52304e-05,6.5082146e-05,0.999772,1.4408877e-05,0.00011321545
4ELC,Zn2+,Zn2+,1,0.0016246665,0.0037492677,0.99058914,0.0002642246,0.0037727433
2BHB,Zn2+,Zn2+,1,0.02505668,0.19967514,0.7164124,0.017272966,0.041582733
4B9P,Zn2+,Cofactorless,0,0.0009695997,0.0018588294,0.014529987,0.0010396857,0.9816019
2F94,Zn2+,Cofactorless,0,0.046589646,0.00046862065,0.0025644253,0.00030016387,0.9500771
7HX1,Zn2+,Zn2+,1,0.00027844362,0.00018014191,0.99829394,0.00025128765,0.0009961796
3TT4,Zn2+,Zn2+,1,0.054936185,0.005145137,0.759457,0.0046177134,0.17584395
1PE7,Zn2+,Cu+,0,0.0013559707,0.00096886436,0.26177332,0.7334938,0.0024080502
4P4E,Zn2+,Zn2+,1,0.00026001956,0.028083788,0.96915317,0.0003507495,0.0021522373
7Y70,Zn2+,Zn2+,1,0.002252946,0.003479165,0.9111089,0.022350851,0.060808167
6TWA,Zn2+,Zn2+,1,0.00062712375,0.0034590864,0.9948047,0.0005118635,0.0005972247
1TBF,Zn2+,Zn2+,1,0.0044122534,0.0017423097,0.95767426,0.0074662557,0.02870492
6W12,Zn2+,Cofactorless,0,0.013286663,0.016009392,0.3644642,0.048813384,0.5574264
3V3H,Zn2+,Zn2+,1,1.429236e-05,3.521754e-05,0.99984086,1.0654263e-05,9.897428e-05
5FNM,Zn2+,Zn2+,1,1.0488307e-05,3.5538545e-05,0.99987555,1.1227753e-05,6.7160734e-05
8QQA,Zn2+,Zn2+,1,1.0488307e-05,3.5538545e-05,0.99987555,1.1227753e-05,6.7160734e-05
7TW9,Zn2+,Cofactorless,0,0.030584278,0.023077203,0.3520567,0.049825657,0.5444561
8OGF,Zn2+,Zn2+,1,1.0488307e-05,3.5538545e-05,0.99987555,1.1227753e-05,6.7160734e-05
7H2Y,Zn2+,Zn2+,1,0.00067583873,0.00028091657,0.99426126,0.0007847178,0.0039972276
2XB4,Zn2+,Cofactorless,0,0.004043185,0.109166704,0.010823179,0.00092150236,0.8750454
1S0U,Zn2+,FAD,0,0.017904215,0.81585497,0.14058843,0.0009824242,0.024669955
6JEB,Zn2+,Cofactorless,0,0.022803541,0.33084685,0.09438559,0.01710545,0.5348586
6CPA,Zn2+,Zn2+,1,0.0022357274,0.0043105194,0.65879315,0.0012151318,0.3334455
4R2J,Zn2+,Cofactorless,0,0.01148532,0.0026699712,0.0020493206,0.014345243,0.9694502
9G38,Zn2+,Zn2+,1,2.3818506e-05,0.00010616844,0.99971527,2.8500848e-05,0.00012622059
6OIQ,Zn2+,Zn2+,1,0.0057298695,0.0036258346,0.9809483,0.000457059,0.009238897
2HJN,Zn2+,Zn2+,1,0.0018409879,0.0025349814,0.8701555,0.0019076754,0.12356085
5ONY,Zn2+,Cu+,0,0.0030521674,0.015733944,0.020704163,0.95727485,0.0032348735
3P58,Zn2+,Zn2+,1,1.0488307e-05,3.5538545e-05,0.99987555,1.1227753e-05,6.7160734e-05
2IMR,Zn2+,FAD,0,0.060664453,0.7117852,0.033735137,0.17824526,0.015569927
5NXV,Zn2+,Zn2+,1,2.589065e-05,6.5334556e-05,0.9998185,1.1980583e-05,7.829633e-05
3BKQ,Zn2+,Zn2+,1,0.008093269,0.0045534256,0.73113,0.24206282,0.014160445
5FLO,Zn2+,Zn2+,1,1.0488307e-05,3.5538545e-05,0.99987555,1.1227753e-05,6.7160734e-05
2EJC,Zn2+,Zn2+,1,0.0051118014,0.015377125,0.8188849,0.07637633,0.08424983
6DCH,Zn2+,Cofactorless,0,0.037015334,0.10885052,0.3533372,0.0029054196,0.4978916
5PI7,Zn2+,Zn2+,1,0.0023052401,0.013504254,0.9803318,0.0007353091,0.003123365
7G3I,Zn2+,Zn2+,1,4.046048e-05,9.601481e-05,0.9997243,7.9317026e-05,5.986752e-05
4ZX4,Zn2+,Zn2+,1,0.0019966417,0.0022152383,0.9927053,0.0006916904,0.0023910943
7JO3,Zn2+,Zn2+,1,2.1866452e-05,6.584415e-05,0.99980885,1.5015556e-05,8.849235e-05
6I3E,Zn2+,Zn2+,1,0.00042856915,0.0012900031,0.9964451,0.00017063569,0.0016656754
3TTC,Zn2+,FAD,0,0.08258164,0.8884324,0.02649252,0.0010649131,0.0014285408
8PRC,Zn2+,Cofactorless,0,0.031910673,0.04453851,0.20552826,0.2747623,0.44326025
2DYX,Zn2+,Cu+,0,0.0064236037,0.018162588,0.06114148,0.5898083,0.32446402
2WHK,Zn2+,Zn2+,1,0.044729296,0.010544721,0.60854393,0.12565288,0.21052918
3OHR,Zn2+,FAD,0,0.0014366612,0.86776555,0.07039391,0.0512582,0.009145641
3P7P,Zn2+,Cu+,0,0.0013559707,0.00096886436,0.26177332,0.7334938,0.0024080502
8GR6,Zn2+,Cofactorless,0,0.33352134,0.00052834564,0.12844731,0.0017051992,0.53579783
4C4M,Zn2+,Zn2+,1,0.0045899847,0.00063651,0.9654546,0.01489889,0.014420071
3RG3,Zn2+,Zn2+,1,9.838338e-06,3.526434e-05,0.9998547,1.2003685e-05,8.813022e-05
3CZS,Zn2+,Zn2+,1,0.0006184278,0.010620358,0.9813182,0.0063006617,0.0011424365
6YYZ,Zn2+,Zn2+,1,0.00013695634,0.00092512515,0.9983876,6.598862e-05,0.0004843513
3NKM,Zn2+,Zn2+,1,0.00016761918,0.00013665069,0.9993519,0.00020698541,0.00013685193
3RZV,Zn2+,Zn2+,1,0.0023564233,0.016954603,0.83544856,0.0026119957,0.14262843
5SLD,Zn2+,Zn2+,1,0.0852953,0.052581325,0.53447855,0.31379542,0.01384941
7G59,Zn2+,Zn2+,1,4.046048e-05,9.601481e-05,0.9997243,7.9317026e-05,5.986752e-05
1FXU,Zn2+,HEME,0,0.5764846,0.056067698,0.021397231,0.12985034,0.21620013
8AA6,Zn2+,Zn2+,1,1.0488307e-05,3.5538545e-05,0.99987555,1.1227753e-05,6.7160734e-05
6QSQ,Zn2+,Zn2+,1,0.0073697288,0.42589957,0.55744904,0.0006423892,0.008639289
6VDN,Zn2+,Zn2+,1,0.015442411,0.022414722,0.8827629,0.008640156,0.070739836
5JC6,Zn2+,Zn2+,1,0.0018775646,0.017700577,0.9394702,0.017878868,0.023072876
7KZ7,Zn2+,Cofactorless,0,0.00048439647,0.0001525877,0.27908963,0.003772419,0.71650094
4RSY,Zn2+,Zn2+,1,0.0003953804,0.00034039255,0.9943072,0.0020845507,0.0028724335
1HS6,Zn2+,FAD,0,0.106283866,0.5924592,0.15128782,0.07459533,0.075373776
2AXR,Zn2+,Zn2+,1,0.13684574,0.093354695,0.70797837,0.0049514137,0.05686973
9FTQ,Zn2+,Zn2+,1,0.0003138643,0.008341229,0.9890865,0.0017663618,0.00049201935
7MHH,Zn2+,Cofactorless,0,0.0010337672,0.0027937975,0.0020547842,0.0037805776,0.99033713
3RC6,Zn2+,Zn2+,1,0.0061346,0.008696498,0.91778517,0.004086205,0.063297465
6YO7,Zn2+,Zn2+,1,2.1558773e-05,6.41189e-05,0.9998078,1.4889029e-05,9.170481e-05
8OGD,Zn2+,Zn2+,1,1.1101226e-05,3.5453624e-05,0.9998721,1.4067929e-05,6.728648e-05
4BM9,Zn2+,Cofactorless,0,0.0011246189,0.05678015,0.42939925,0.0010453251,0.5116506
4I0G,Zn2+,Zn2+,1,0.0051449863,0.010347719,0.9236192,0.00083717983,0.06005089
8ATJ,Zn2+,Cofactorless,0,0.17518829,0.027986443,0.10859296,0.23442714,0.45380518
4EL4,Zn2+,Zn2+,1,0.003100272,0.0062955073,0.9718292,0.00042711044,0.018347967
8P95,Zn2+,Zn2+,1,0.0010312562,0.0002529514,0.9891334,0.0021898022,0.0073925667
4N5P,Zn2+,Zn2+,1,0.0005035601,0.0001650951,0.99680483,0.0020277794,0.0004987495
5OJH,Zn2+,Cofactorless,0,0.0050669587,0.025520615,0.044176534,0.05349173,0.8717441
4MZI,Zn2+,Zn2+,1,0.067883454,0.008871049,0.48492843,0.01227334,0.42604372
5AIJ,Zn2+,FAD,0,0.29127136,0.66626126,0.037035428,0.00296695,0.0024649915
7OXD,Zn2+,Zn2+,1,0.35198617,0.15296002,0.3606395,0.00636947,0.12804484
3Q1D,Zn2+,Cofactorless,0,0.15101299,0.022349816,0.09633592,0.15910311,0.57119817
2XEF,Zn2+,Zn2+,1,0.00052662636,0.049403325,0.9450594,0.0011009856,0.003909664
5KBL,Cu+,Cu+,1,0.001685102,0.00024417203,0.0033313069,0.989856,0.0048833876
3FSA,Cu+,Cu+,1,5.6774516e-05,4.1402145e-05,0.00011255514,0.99905103,0.00073823036
2FK2,Cu+,Zn2+,0,0.20193551,0.015222378,0.53244853,0.12964034,0.120753214
2FT8,Cu+,Cu+,1,5.551006e-05,3.8049548e-05,0.00016838805,0.9989411,0.00079689437
1UUX,Cu+,Cu+,1,0.007008901,0.0064553507,0.0052188775,0.9546233,0.026693558
2IDS,Cu+,Cu+,1,5.5316872e-05,3.3074524e-05,4.890485e-05,0.9997029,0.00015981696
4DP6,Cu+,Cu+,1,0.00012066429,1.6630684e-05,0.00015289456,0.9992829,0.00042698177
2GBA,Cu+,Cu+,1,5.9276073e-05,5.686483e-05,5.937248e-05,0.99971217,0.00011233142
4F2E,Cu+,Cu+,1,0.00082268333,0.0014368007,0.015724294,0.9455397,0.036476474
5C92,Cu+,Zn2+,0,0.058939613,0.14760803,0.44094884,0.036264215,0.31623933
3EIM,Cu+,Zn2+,0,0.000174938,4.0911473e-05,0.9992786,0.00010421945,0.00040135617
4L05,Cu+,Zn2+,0,0.006878366,0.00088524166,0.9737395,0.016349796,0.0021470496
6RW7,Cu+,Cofactorless,0,0.0049181515,0.0034922727,0.28430393,0.021342257,0.6859434
4DP1,Cu+,Cu+,1,0.00012066429,1.6630684e-05,0.00015289456,0.9992829,0.00042698177
4DP4,Cu+,Cu+,1,0.00012066429,1.6630684e-05,0.00015289456,0.9992829,0.00042698177
6EK9,Cu+,Cu+,1,0.0019458111,0.0008415947,0.00073178724,0.99566025,0.0008205686
2RAC,Cu+,Cu+,1,8.695717e-05,5.2547035e-05,8.034043e-05,0.9995937,0.00018654058
3ZDW,Cu+,Cu+,1,0.00058520335,0.006095049,0.017466912,0.97168803,0.0041648443
