index,res_id,atom,per_index_rmsd
0,1,N,22.493772676135485
1,1,CA,21.82169928436892
2,1,C,22.21502892333149
3,1,O,21.846530692403253
4,1,CB,20.084549827734705
5,1,CG,21.436667867253092
6,1,CD,20.331261323344567
7,1,OE1,19.35032480691617
8,1,NE2,20.93924982810657
9,2,N,23.311741831800155
10,2,CA,23.753163623081115
11,2,C,22.2748011482028
12,2,O,21.531490042448116
13,2,CB,25.660448740036212
14,2,CG,27.501012470454132
15,2,CD,28.691274590480777
16,2,OE1,30.237211342023695
17,2,OE2,28.187416837437127
18,3,N,22.086754825570676
19,3,CA,20.896527598989326
20,3,C,21.157491107676336
21,3,O,22.40295971268341
22,3,CB,21.18984744285942
23,3,CG,22.08782381258629
24,3,CD,23.15823663036238
25,4,N,20.42669696730388
26,4,CA,21.261508939241317
27,4,C,20.33927142751225
28,4,O,20.012049407649787
29,5,N,20.219764143557402
30,5,CA,20.16404727776751
31,5,C,19.111712500477836
32,5,O,20.036791973985892
33,5,CB,21.083242410271648
34,5,OG,20.403833595430665
35,6,N,17.509344001093538
36,6,CA,16.831341655944605
37,6,C,14.920704290389702
38,6,O,13.884532867804896
39,7,N,14.51255575906326
40,7,CA,12.818153761592352
41,7,C,11.730508051471398
42,7,O,12.436266816391207
43,7,CB,13.04568491032444
44,7,CG1,14.497778794553618
45,7,CG2,11.761706148170756
46,7,CD1,14.958511982086804
47,8,N,10.272970710598765
48,8,CA,9.567111568776587
49,8,C,7.477449471542706
50,8,O,6.010881123881164
51,9,N,7.439914578158911
52,9,CA,5.361321398275696
53,9,C,5.943271933369499
54,9,O,7.6186558321735545
55,9,CB,4.658814908801771
56,9,CG,4.9020566242626975
57,9,CD1,4.048803466785068
58,9,CD2,7.165947915916048
59,9,CE1,6.081224172027512
60,9,CE2,8.379597187520458
61,9,CZ,7.961929578221228
62,9,OH,9.94457141190291
63,10,N,5.335230725647878
64,10,CA,6.904937262986857
65,10,C,7.702247794255489
66,10,O,7.634818803125979
67,10,CB,6.708995355577735
68,10,CG,4.129342144435277
69,10,CD,3.6281287032329517
70,11,N,8.651563303000064
71,11,CA,9.493648651525296
72,11,C,8.216879576119593
73,11,O,9.819703289576628
74,11,CB,11.567171497960334
75,11,CG,11.31328392710062
76,11,CD1,10.374119923697352
77,11,CD2,12.030743795242868
78,11,CE1,10.234959648796208
79,11,CE2,11.869437824472135
80,11,CZ,11.006317287324187
81,11,OH,10.956677642303799
82,12,N,5.622604918823649
83,12,CA,4.771887898147987
84,12,C,3.8081802323268614
85,12,O,3.63521993731104
86,12,CB,4.293935934636182
87,12,CG,3.3920235198242374
88,12,OD1,2.7106571755471314
89,12,OD2,4.131849139470886
90,13,N,3.6846216041570043
91,13,CA,3.152295788601993
92,13,C,1.8821836882968317
93,13,O,1.9391848854680132
94,13,CB,3.425279955127405
95,13,CG,4.9233559941689595
96,13,OD1,5.496656565933287
97,13,ND2,5.685314671042176
98,14,N,1.2801366293709957
99,14,CA,0.38856229682984444
100,14,C,0.558396825898941
101,14,O,0.7786073542281678
102,14,CB,1.755374457444107
103,14,CG,1.7908020888215632
104,14,OD1,0.9744080069883304
105,14,ND2,4.017204349754841
106,15,N,0.4848730156109062
107,15,CA,0.5783307876322661
108,15,C,0.5563633233000573
109,15,O,0.9137996719981195
110,15,CB,0.5989257599671102
111,15,OG1,2.1843522162615217
112,15,CG2,2.029605711825806
113,16,N,0.4186875157119994
114,16,CA,0.44303337562302225
115,16,C,0.5430968681329645
116,16,O,0.5607023385136637
117,16,CB,0.5500086398791812
118,16,CG,0.4355264150292775
119,16,CD1,0.5023415216520724
120,16,CD2,0.35306392002411774
121,17,N,0.6365574001701493
122,17,CA,0.7268835219343723
123,17,C,0.6762398026636891
124,17,O,0.5429239750632167
125,17,CB,0.8234303879329306
126,17,CG,0.7612984833234051
127,17,CD,0.6329540449109438
128,18,N,0.7304996329587639
129,18,CA,0.5577426949149864
130,18,C,0.5281463539395713
131,18,O,0.5456872900516382
132,18,CB,0.5014243007785284
133,18,CG,0.48049929371257627
134,18,CD1,2.0799157808225486
135,18,CD2,2.7880885754498324
136,18,CE1,2.004424270143072
137,18,CE2,2.8685599734106955
138,18,CZ,0.5371077458040233
139,18,OH,0.5933959666328358
140,19,N,0.4970345650071442
141,19,CA,0.4912914337948666
142,19,C,0.5063396894121903
143,19,O,0.5601049970578809
144,19,CB,0.4887867578643268
145,19,CG1,0.4908858406829916
146,19,CG2,0.5094749013611412
147,20,N,0.47134900131989976
148,20,CA,0.4648393657476043
149,20,C,0.4471473600087093
150,20,O,0.43287690772681453
151,20,CB,0.5490249818541323
152,21,N,0.44128610423531484
153,21,CA,0.4501542475279487
154,21,C,0.4826853631521389
155,21,O,0.4569460584952344
156,21,CB,0.4153880588294435
157,21,CG,0.5252715787453057
158,21,CD,0.4572913566524825
159,22,N,0.5179699989126308
160,22,CA,0.4197844319480103
161,22,C,0.44854176075028857
162,22,O,0.419079750962108
163,23,N,0.46070635912635405
164,23,CA,0.5947234199808578
165,23,C,0.5733428495657604
166,23,O,0.629107428801345
167,23,CB,0.6925490517491554
168,23,CG,0.6327240365476244
169,23,CD,0.4400156882894503
170,24,N,0.5439673320028264
171,24,CA,0.5115467300575827
172,24,C,0.4707807392067306
173,24,O,0.46977504513349794
174,24,CB,0.5930718683193219
175,24,OG1,0.6947197965185457
176,24,CG2,0.5666480334595193
177,25,N,0.42646742823833284
178,25,CA,0.42566444342194254
179,25,C,0.38018032689261194
180,25,O,0.3411933467846165
181,25,CB,0.3934231161349274
182,25,CG,0.416324396929001
183,25,OD1,0.5621448721665386
184,25,OD2,0.4700052471453265
185,26,N,0.38565223848241725
186,26,CA,0.34958522206975634
187,26,C,0.39011859273936406
188,26,O,0.4523434345033055
189,26,CB,0.3453631381090086
190,26,OG,0.3123749340484392
191,27,N,0.37042752889006036
192,27,CA,0.3624457107687392
193,27,C,0.26386688589906826
194,27,O,0.21368290575442345
195,27,CB,0.4266053721320253
196,27,CG,0.482933436691513
197,27,CD,0.360669962210205
198,27,NE,0.35015507713063304
199,27,CZ,0.3781261523739537
200,27,NH1,0.377028828210188
201,27,NH2,0.4152426149065126
202,28,N,0.22140544578479163
203,28,CA,0.2126864312504047
204,28,C,0.2199834178665314
205,28,O,0.1869132551007105
206,28,CB,0.2591028589879921
207,29,N,0.3310007527920613
208,29,CA,0.24206393475689592
209,29,C,0.15748404620771786
210,29,O,0.4380748990254931
211,29,CB,0.35607240160096026
212,29,CG,0.24647818475693448
213,29,CD,0.3566021893272645
214,30,N,0.2194478008559674
215,30,CA,0.1712731961929049
216,30,C,0.14086837817823591
217,30,O,0.24705791931510496
218,30,CB,0.2435668109238449
219,30,SG,0.3205669198734288
220,31,N,0.042661005588165574
221,31,CA,0.04372546627973454
222,31,C,0.10257611480272409
223,31,O,0.18622780153339008
224,31,CB,0.09325599969730108
225,31,CG,0.18109709129099408
226,31,CD,0.051234320849135574
227,32,N,0.128705939396557
228,32,CA,0.20447418690286306
229,32,C,0.18270688033400853
230,32,O,0.19841592519204843
231,32,CB,0.2876829544331185
232,33,N,0.10390978378161045
233,33,CA,0.07434781708203174
234,33,C,0.07430821067105725
235,33,O,0.08278707507710728
236,33,CB,0.08251011737233913
237,33,CG,0.06705025330240452
238,33,CD1,0.108518502744027
239,33,CD2,0.11174811748071496
240,34,N,0.0806323321404538
241,34,CA,0.16908947187051507
242,34,C,0.20009727315184833
243,34,O,0.22380280564814933
244,34,CB,0.22053416130352815
245,34,CG,0.16928554404302998
246,34,OD1,0.18401908277130952
247,34,ND2,0.10110843997690043
248,35,N,0.2096524174973249
249,35,CA,0.2789090102667597
250,35,C,0.2879314638403944
251,35,O,0.2384392144776324
252,35,CB,0.3047318375882946
253,36,N,0.2815020783064507
254,36,CA,0.26704064882554296
255,36,C,0.2473227356111515
256,36,O,0.2992919202556694
257,36,CB,0.27119063918922903
258,36,CG,0.2645197249379484
259,36,CD1,0.3363583124666156
260,36,CD2,0.4069430868915532
261,37,N,0.16125823874110617
262,37,CA,0.17600694531767602
263,37,C,0.24747876183450115
264,37,O,0.3138969937696227
265,37,CB,0.17901571715485917
266,38,N,0.2524746267814981
267,38,CA,0.3549667894971223
268,38,C,0.4529683438139251
269,38,O,0.41996185186278706
270,38,CB,0.3521121635950179
271,38,CG,0.29067102513779774
272,38,OD1,0.29743389931891606
273,38,ND2,0.23831755491158804
274,39,N,0.5171681560772432
275,39,CA,0.5173892555027578
276,39,C,0.4387038388688407
277,39,O,0.43295312293033056
278,39,CB,0.5178093598503065
279,39,CG,0.5694743733730168
280,39,ND1,0.6988141360398589
281,39,CD2,0.5784467221862883
282,39,CE1,0.792173016316641
283,39,NE2,0.7350231079468721
284,40,N,0.3954161666281613
285,40,CA,0.3589225124306641
286,40,C,0.3574148430472069
287,40,O,0.37892409359669055
288,41,N,0.325530523888029
289,41,CA,0.26576719287588385
290,41,C,0.2294979449824935
291,41,O,0.16233726179646737
292,41,CB,0.2562045120439009
293,41,CG,0.3753611217896993
294,41,CD1,0.4691904629089037
295,41,CD2,0.44978059316174507
296,41,CE1,0.622464295323362
297,41,CE2,0.6041341279226402
298,41,CZ,0.6890065349858939
299,41,OH,0.8488163500485885
300,42,N,0.25904481387604483
301,42,CA,0.1818576911290493
302,42,C,0.1963447071353623
303,42,O,0.2871199826274696
304,42,CB,0.11595074986808228
305,42,CG1,0.058825916566566674
306,42,CG2,0.048525505297662905
307,42,CD1,0.05250446238432894
308,43,N,0.16414190634946157
309,43,CA,0.13809744263689794
310,43,C,0.12178164637298013
311,43,O,0.060784774043791505
312,43,CB,0.15324038637626947
313,43,CG,0.09597608769518892
314,43,CD,0.20122247648586467
315,44,N,0.1984179841034963
316,44,CA,0.29517675907861385
317,44,C,0.3835228188410765
318,44,O,0.4365710165159715
319,44,CB,0.32041840534181903
320,44,CG,0.20045654276124758
321,44,ND1,0.19270163710305968
322,44,CD2,0.2131522004695644
323,44,CE1,0.15933349684616888
324,44,NE2,0.19686130386778283
325,45,N,0.44137788082878077
326,45,CA,0.44160409646044185
327,45,C,0.4718675415022847
328,45,O,0.5752880071055743
329,45,CB,0.44304807884559244
330,45,CG,0.4039992141391271
331,45,OD1,0.4273302329720745
332,45,OD2,0.46848126382451927
333,46,N,0.3944153093155237
334,46,CA,0.3892930209385345
335,46,C,0.3793919249590228
336,46,O,0.4427131094793948
337,47,N,0.35697579309834016
338,47,CA,0.37192068740177436
339,47,C,0.38839481466130016
340,47,O,0.4124093708912364
341,47,CB,0.479775922798228
342,47,CG,0.5664320916525719
343,47,CD,0.8477072816759759
344,47,NE,1.2163808654664081
345,47,CZ,0.9933189398885747
346,47,NH1,3.3722447192986564
347,47,NH2,0.7233431890347624
348,48,N,0.43089227797731183
349,48,CA,0.48926500389057026
350,48,C,0.3352616207084794
351,48,O,0.15927744330167584
352,48,CB,0.6100794999810301
353,49,N,0.5780676152903258
354,49,CA,0.583804537901449
355,49,C,0.5767776070631428
356,49,O,0.5675308127436273
357,49,CB,0.5543508326812793
358,49,CG1,0.6006388714584882
359,49,CG2,0.538028783978369
360,49,CD1,0.5354354697424657
361,50,N,0.6125541663182866
362,50,CA,0.6290709603991288
363,50,C,0.5979705410666295
364,50,O,0.41203073851121375
365,50,CB,0.6353374622850371
366,50,OG,0.4783614079849597
367,51,N,0.7605991358632246
368,51,CA,0.7370953402930918
369,51,C,0.662565873512874
370,51,O,0.6675599542698556
371,51,CB,1.0015553471672696
372,51,CG,1.2667138070977366
373,51,CD,0.8670108374658048
374,51,NE,0.8278742055097681
375,51,CZ,2.668478552365796
376,51,NH1,5.063227995056127
377,51,NH2,2.402392999834482
378,52,N,0.624389528153216
379,52,CA,0.6029309302782546
380,52,C,0.46765971458386246
381,52,O,0.5092042491784189
382,52,CB,0.7061345816656316
383,52,CG,0.6998767527178819
384,52,CD,0.763387182796555
385,52,OE1,1.3857231895142315
386,52,OE2,2.9853471722564002
387,53,N,0.3446404224159484
388,53,CA,0.26315235995873193
389,53,C,0.3226177873165187
390,53,O,0.32362814298050624
391,53,CB,0.1963198402131181
392,53,OG1,0.21401485232333972
393,53,CG2,0.13703708393887898
394,54,N,0.3773709899007855
395,54,CA,0.42304817634022546
396,54,C,0.49786331673991513
397,54,O,0.4286957551272406
398,54,CB,0.47883593357183074
399,54,CG,0.41136014774073615
400,54,CD1,0.5100407896117066
401,54,CD2,0.42785335855179046
402,55,N,0.5822402682251748
403,55,CA,0.6663128190177715
404,55,C,0.6622939054816853
405,55,O,0.7240718526823848
406,55,CB,0.7768487840817316
407,55,CG,0.7510145491542046
408,55,CD,0.9341050767250653
409,55,OE1,0.8825194974853118
410,55,NE2,1.190874346122306
411,56,N,0.584234483297728
412,56,CA,0.5899127515516781
413,56,C,0.5607517631914959
414,56,O,0.5960335236497978
415,56,CB,0.6062828613034508
416,56,CG,0.6453816638156552
417,56,OD1,2.3395811794709336
418,56,ND2,2.2317586032427252
419,57,N,0.4972548364282737
420,57,CA,0.49057537007039803
421,57,C,0.5669800395621021
422,57,O,0.5901303699542826
423,57,CB,0.38291295563554134
424,58,N,0.5826058609476495
425,58,CA,0.6496526646259311
426,58,C,0.6736693973070268
427,58,O,0.6104012800010247
428,58,CB,0.6612763517453445
429,58,CG,0.6326003415784991
430,58,CD1,1.0417787131776002
431,58,CD2,0.4030520782697396
432,58,CE1,1.0702508960318609
433,58,CE2,0.4201650940274167
434,58,CZ,0.6846816132685801
435,59,N,0.7085736671360662
436,59,CA,0.7479661828764892
437,59,C,0.7484960358931033
438,59,O,0.8110936840746042
439,59,CB,0.7847125631122808
440,59,CG,0.8981523367288289
441,59,CD1,0.974827565712595
442,59,CD2,0.9621193588823983
443,60,N,0.6761439447986064
444,60,CA,0.6899241758836218
445,60,C,0.6685581252953838
446,60,O,0.6990530410141295
447,60,CB,0.7038275241156159
448,60,CG,0.7923216560750753
449,60,OD1,2.373395934136881
450,60,ND2,2.342955491598866
451,61,N,0.612841393167914
452,61,CA,0.5806283544764042
453,61,C,0.5973963975838856
454,61,O,0.5979882850785819
455,61,CB,0.6147828292289103
456,61,CG,0.6851918224678755
457,61,ND1,0.7230908717348224
458,61,CD2,0.8226857133721297
459,61,CE1,0.8737251632454064
460,61,NE2,0.9254632629478873
461,62,N,0.6495258393535027
462,62,CA,0.6716954598763908
463,62,C,0.5505329900343153
464,62,O,0.4432100477556298
465,62,CB,0.77417469361145
466,62,CG,0.8848773588116104
467,62,SD,0.9423369007594214
468,62,CE,0.4286212158005721
469,63,N,0.620970531250834
470,63,CA,0.6353787870308726
471,63,C,0.6208248776736907
472,63,O,0.5944700697386507
473,64,N,0.6514580095052916
474,64,CA,0.6593235765365282
475,64,C,0.702722974083705
476,64,O,0.6892673546521233
477,64,CB,0.6344264489187261
478,64,CG1,0.6373574421764265
479,64,CG2,0.6593013067721084
480,64,CD1,0.6156344881951764
481,65,N,0.7609010923911268
482,65,CA,0.8004613394974042
483,65,C,0.775031289567241
484,65,O,0.778365603725844
485,65,CB,0.8635524817837078
486,66,N,0.7978046977853556
487,66,CA,0.7888473204328528
488,66,C,0.7998283315792518
489,66,O,0.794387717320331
490,66,CB,0.7544691460733163
491,66,CG,0.9719020003526553
492,66,OD1,1.227623078685289
493,66,ND2,0.9617760694378767
494,67,N,0.8215652470656089
495,67,CA,0.7903416273142501
496,67,C,0.7806044291470637
497,67,O,0.7943934230212533
498,67,CB,0.7249335589162507
499,67,OG,0.6685316397416398
500,68,N,0.8050372786417545
501,68,CA,0.7928516703991552
502,68,C,0.7419121997565029
503,68,O,0.7704024464998495
504,68,CB,0.7828214910009708
505,68,CG1,0.7211075522656385
506,68,CG2,0.7573319619019748
507,69,N,0.6580033079634852
508,69,CA,0.5118411212451591
509,69,C,0.557304200620006
510,69,O,0.6363504912483144
511,69,CB,0.35608759536591694
512,69,CG1,0.3022712512505075
513,69,CG2,0.5377173110138022
514,69,CD1,0.2921095704919585
515,70,N,0.6098271695756211
516,70,CA,0.6621149655759406
517,70,C,0.5930907793248593
518,70,O,0.6237749819020656
519,70,CB,0.7709899662447676
520,70,CG,1.0285465304002634
521,70,CD,3.5160097183741135
522,70,OE1,5.464219287726946
523,70,OE2,4.422373951738281
524,71,N,0.5262520397877867
525,71,CA,0.46652713619500547
526,71,C,0.4726365194282649
527,71,O,0.464325613465396
528,71,CB,0.37997625417365216
529,71,CG,0.2999904828231752
530,71,CD1,0.4290027895780756
531,71,CD2,0.33777195170808305
532,72,N,0.4903933271918434
533,72,CA,0.4897744548047254
534,72,C,0.461719467920476
535,72,O,0.4937549294227493
536,72,CB,0.5798483605700274
537,73,N,0.47314329277097517
538,73,CA,0.46366643292538395
539,73,C,0.4015218673442226
540,73,O,0.4411688492044045
541,73,CB,0.47915935127640724
542,73,CG,0.6201089950373047
543,73,CD1,0.6672862439325498
544,73,CD2,0.6919946958505653
545,74,N,0.37672084092898867
546,74,CA,0.3790013867546897
547,74,C,0.3714521429208677
548,74,O,0.36606491598970653
549,74,CB,0.38869859902042897
550,74,OG1,0.4574629836124959
551,74,CG2,0.45806734173598673
552,75,N,0.39200058955624933
553,75,CA,0.36976126573695756
554,75,C,0.34532484523301743
555,75,O,0.36056076969093237
556,75,CB,0.28403959900176157
557,75,CG,0.2926420773870485
558,75,OD1,0.16704445671504628
559,75,ND2,0.5169251422560012
560,76,N,0.37428897162095826
561,76,CA,0.3302431023598056
562,76,C,0.291071390653224
563,76,O,0.3131599343428285
564,76,CB,0.3640839543625002
565,77,N,0.294126883893324
566,77,CA,0.24835937272481365
567,77,C,0.35253200924206185
568,77,O,0.5676076456562008
569,77,CB,0.18044577654038005
570,77,CG,0.08878041495984602
571,77,CD1,2.420021270423242
572,77,CD2,2.3959977127884855
573,77,CE1,2.3970097364930183
574,77,CE2,2.4344076412072413
575,77,CZ,0.19487629678415244
576,78,N,0.3557492163249952
577,78,CA,0.445108490531256
578,78,C,0.40266882028573403
579,78,O,0.4507843650746128
580,78,CB,0.4538461195271042
581,78,CG1,0.41201110134374075
582,78,CG2,0.6124252102316967
583,79,N,0.365792751308755
584,79,CA,0.3965080608744785
585,79,C,0.41411195437280196
586,79,O,0.3956069826776952
587,79,CB,0.30013512810218274
588,79,CG1,0.354053265350302
589,79,CG2,0.34480055503414486
590,80,N,0.44419511502849657
591,80,CA,0.41431527539432944
592,80,C,0.4253751717914088
593,80,O,0.42156543832071247
594,80,CB,0.4001965600677171
595,80,SG,0.3253822042694601
596,81,N,0.46260811233650145
597,81,CA,0.42063313789153917
598,81,C,0.4074793165685813
599,81,O,0.46246096451620644
600,81,CB,0.41494720939532986
601,81,CG,2.4843417638625946
602,81,CD,2.5839807999778057
603,81,OE1,2.549277783636822
604,81,OE2,3.0081404064056048
605,82,N,0.3998051495581784
606,82,CA,0.4069915491378856
607,82,C,0.386114284509817
608,82,O,0.4504426578023322
609,82,CB,0.3363976109565692
610,82,CG,0.31682221576089115
611,82,CD1,2.2987192969404666
612,82,CD2,2.567796227178389
613,82,CE1,2.2534223626636463
614,82,CE2,2.631933343767705
615,82,CZ,0.37461695287463714
616,82,OH,0.4140007807817294
617,83,N,0.36792865698041166
618,83,CA,0.39504406878784143
619,83,C,0.43716119227719624
620,83,O,0.5011816695341268
621,83,CB,0.34650115567502804
622,83,CG1,0.4270154066443774
623,83,CG2,0.3471457808059309
624,84,N,0.4075072227518552
625,84,CA,0.42701515338371016
626,84,C,0.5228584115780415
627,84,O,0.5396362033578918
628,84,CB,0.38249882323473033
629,84,OG1,0.41550745995069577
630,84,CG2,0.3950368878173828
631,85,N,0.6277990736337594
632,85,CA,0.5803625050165815
633,85,C,0.7234096843378665
634,85,O,1.0116036056372304
635,86,N,0.6134947500497604
636,86,CA,0.8469730405379632
637,86,C,0.769840706692847
638,86,O,0.5814713440902313
639,86,CB,1.042065543070195
640,86,OG,1.1781220765258826
641,87,N,0.9978311795555701
642,87,CA,1.0648459011790183
643,87,C,0.953276600861936
644,87,O,1.1293914320518692
645,87,CB,1.3447900015732146
646,87,CG,1.628348804778747
647,87,OD1,1.2469518652760843
648,87,OD2,2.3425964257012
649,88,N,0.7310203458191882
650,88,CA,0.5265659096297971
651,88,C,0.46743776189426434
652,88,O,0.4220906674520261
653,88,CB,0.36668796579217666
654,88,SG,0.4964731662265702
655,89,N,0.5138721404954518
656,89,CA,0.3875203159928824
657,89,C,0.26080719234804667
658,89,O,0.4044219508415664
659,90,N,0.19401311781206354
660,90,CA,0.3012062821629855
661,90,C,0.5396157581402256
662,90,O,0.8394795802683289
663,90,CB,0.3123872854392939
664,90,CG,2.3038475482840695
665,90,OD1,2.87321386514711
666,90,OD2,3.427839613723756
667,91,N,0.4368729468156524
668,91,CA,0.6290594908508488
669,91,C,0.37610234728709174
670,91,O,0.24255440249473037
671,91,CB,0.9562468694372344
672,91,OG,1.301235867717438
673,92,N,0.43540475369222753
674,92,CA,0.49476511513633814
675,92,C,0.39845164729896504
676,92,O,0.40777186595029946
677,92,CB,0.7988600346540295
678,92,CG,1.166804085076649
679,92,CD1,2.410789921141246
680,92,CD2,2.7693784039153053
681,93,N,0.4823156401468582
682,93,CA,0.4600063259347332
683,93,C,0.4272328316106652
684,93,O,0.4407305744061097
685,93,CB,0.47360793546020835
686,93,CG1,0.477352360131983
687,93,CG2,0.5295817737998245
688,94,N,0.3978788011361741
689,94,CA,0.3034559793049729
690,94,C,0.23047616468363283
691,94,O,0.2658660725717535
692,94,CB,0.37219400164004224
693,94,CG,0.40709908739751194
694,94,OD1,0.6912365330213949
695,94,ND2,0.1560695151370272
696,95,N,0.19364601300722728
697,95,CA,0.18020969462054148
698,95,C,0.14791100215215414
699,95,O,0.17768407534750974
700,95,CB,0.19603952198130445
701,95,CG,0.17135190743831
702,95,CD1,0.2079708361058738
703,95,CD2,0.1675393319148407
704,96,N,0.12360527738239582
705,96,CA,0.14221208094849855
706,96,C,0.08282281557582298
707,96,O,0.09904808036747037
708,96,CB,0.15816659656682572
709,96,OG1,0.24806037542998796
710,96,CG2,0.20333463622576167
711,97,N,0.07162227836154206
712,97,CA,0.16442728949266638
713,97,C,0.1743154718742263
714,97,O,0.17902829612892168
715,97,CB,0.23375387762054237
716,97,CG,0.3715949767370053
717,97,CD1,0.38031864552548245
718,97,CD2,0.556199999879951
719,98,N,0.18162935675891856
720,98,CA,0.245806540454552
721,98,C,0.24475220113462107
722,98,O,0.2940848654816253
723,98,CB,0.24071439520584065
724,98,CG,0.2559996391715803
725,98,CD1,0.23226958303489265
726,98,CD2,0.26072827156628214
727,99,N,0.19022876936358007
728,99,CA,0.13553791358437428
729,99,C,0.11063934478611274
730,99,O,0.26542215805478475
731,99,CB,0.12940756056814037
732,100,N,0.3058109568203043
733,100,CA,0.48486714009715065
734,100,C,0.4992371459738088
735,100,O,0.4915079924387634
736,100,CB,0.5470188177717958
737,100,CG,0.7198806071950574
738,100,CD,0.8306968188218498
739,100,OE1,2.8249772767275165
740,100,OE2,1.8020868792609326
741,101,N,0.5592624091899046
742,101,CA,0.5741585006540287
743,101,C,0.5780998466492453
744,101,O,0.5726612533407757
745,101,CB,0.7027916672259997
746,101,CG,0.5577216652408983
747,101,CD,0.6391315207635493
748,102,N,0.5803493279462343
749,102,CA,0.6058293024304005
750,102,C,0.6530513189666626
751,102,O,0.8004277162339176
752,102,CB,0.6473741896362615
753,102,CG,0.41516011784162576
754,102,ND1,0.19818403111452343
755,102,CD2,0.4461209891932312
756,102,CE1,0.11158189126973328
757,102,NE2,0.25797958566443946
758,103,N,0.5240605801471695
759,103,CA,0.5987115877820454
760,103,C,0.49198703197634147
761,103,O,0.6406904446220782
762,103,CB,0.5792653620137985
763,104,N,0.29309958809371195
764,104,CA,0.34703123811859815
765,104,C,0.5498269539815663
766,104,O,0.8932371951928041
767,104,CB,0.20209855817859443
768,104,CG,0.4523282910038727
769,104,CD1,2.03792338334478
770,104,CD2,1.0213986305763452
771,104,CE1,2.2497534365164387
772,104,CE2,0.9257347709321162
773,104,CZ,0.9470803949090008
774,105,N,0.38232150270822196
775,105,CA,0.32245465185236755
776,105,C,0.30423098079320454
777,105,O,0.4015349684581507
778,105,CB,0.4261768493230855
779,105,CG,0.5095305894820893
780,105,CD,0.5070315942343312
781,105,OE1,2.6354555803719166
782,105,OE2,1.8019369239118594
783,106,N,0.2678514917907685
784,106,CA,0.32229502295497786
785,106,C,0.27055226718425524
786,106,O,0.32682926150143554
787,106,CB,0.45547770171284824
788,106,CG,0.5268952606056813
789,106,ND1,0.47934520752642
790,106,CD2,0.6249052962186356
791,106,CE1,0.5174224489089635
792,106,NE2,0.6263858411569714
793,107,N,0.2837421682697412
794,107,CA,0.17075076747665463
795,107,C,0.15336423074850616
796,107,O,0.09613874282659919
797,107,CB,0.0756745459529205
798,107,CG,0.07947012724903282
799,107,OD1,0.1654118861474706
800,107,OD2,0.2046222975012951
801,108,N,0.23308165974991873
802,108,CA,0.1791314314085825
803,108,C,0.26755521674304406
804,108,O,0.5587522099610557
805,108,CB,0.1238977141640545
806,108,CG,0.17459529943753962
807,108,ND1,2.091516744675114
808,108,CD2,2.2806426291052992
809,108,CE1,1.3274705131152258
810,108,NE2,1.3465529680731934
811,109,N,0.19233024202539523
812,109,CA,0.2422770750768681
813,109,C,0.22889023750485438
814,109,O,0.3449386133204246
815,109,CB,0.26995163128493266
816,109,OG,0.3893460162349225
817,110,N,0.26284984219082674
818,110,CA,0.26252390608985166
819,110,C,0.2642396157300786
820,110,O,0.2935046183906903
821,110,CB,0.2820251463995614
822,110,CG,0.21453196534314226
823,110,CD1,0.36892100161730995
824,110,CD2,0.32181944277083974
825,110,CE1,0.4960182491927975
826,110,CE2,0.22811562877577418
827,110,CZ,0.32329966434746116
828,111,N,0.268332908531581
829,111,CA,0.2739756348366451
830,111,C,0.2856021279481852
831,111,O,0.3916372647984476
832,111,CB,0.31214058041476894
833,111,OG,0.3959332867578625
834,112,N,0.27362670163801994
835,112,CA,0.2388086752345124
836,112,C,0.2990122101858953
837,112,O,0.42650212692781136
838,112,CB,0.24542765243816697
839,112,CG,0.46792138850709375
840,112,CD,0.5501131464139773
841,112,NE,0.7280226885947652
842,112,CZ,0.8260039668121486
843,112,NH1,0.8314198354322433
844,112,NH2,0.9519837120812256
845,113,N,0.2625218731528587
846,113,CA,0.23244912427857678
847,113,C,0.2526931057679286
848,113,O,0.23853561938697943
849,113,CB,0.31372928152930396
850,113,CG,0.18844417223541535
851,113,CD,0.43360647969167815
852,113,CE,0.19753194060459411
853,113,NZ,1.2143350832199569
854,114,N,0.29694020676089977
855,114,CA,0.3058742456135757
856,114,C,0.27885570907717067
857,114,O,0.24498557656562703
858,114,CB,0.4796396926045112
859,114,CG,0.6433857925786014
860,114,OD1,0.742296665918462
861,114,OD2,0.8123339369024162
862,115,N,0.2961700950654969
863,115,CA,0.3005501203627416
864,115,C,0.29432693356546785
865,115,O,0.338421995539671
866,115,CB,0.40890460591271405
867,115,CG,0.3909904048072853
868,115,CD1,2.3585722564419833
869,115,CD2,2.521073008913347
870,115,CE1,2.4177455733415543
871,115,CE2,2.4697934206025662
872,115,CZ,0.35422189985838226
873,115,OH,0.37861645259901433
874,116,N,0.36516496461599507
875,116,CA,0.44817778215760123
876,116,C,0.24404176391548194
877,116,O,0.5443467301135144
878,116,CB,0.9349326188959614
879,116,CG,1.2570863916814632
880,116,CD,1.0641898727070862
881,116,CE,0.7538590921324182
882,116,NZ,1.7980594765026108
883,117,N,0.4015952674851861
884,117,CA,0.29483470590158434
885,117,C,0.1300042030320076
886,117,O,0.07899471819947294
887,117,CB,0.29695526712879505
888,117,CG,0.3805983025616165
889,117,CD,0.495163394858032
890,117,OE1,0.8296778601815125
891,117,NE2,0.455545408571143
892,118,N,0.1409337737738348
893,118,CA,0.1748374159508107
894,118,C,0.2889285306264552
895,118,O,0.4691164595589728
896,119,N,0.2990877753117093
897,119,CA,0.41738554451996296
898,119,C,0.45880684062456584
899,119,O,0.5284920089984935
900,119,CB,0.42327692713370396
901,119,CG1,0.4067975989739801
902,119,CG2,0.4685987442814514
903,120,N,0.43170209774695617
904,120,CA,0.4355897071308378
905,120,C,0.47265545797653646
906,120,O,0.43963055144797036
907,120,CB,0.43282668757343856
908,121,N,0.5306373642546025
909,121,CA,0.5329431531035198
910,121,C,0.5193245199322759
911,121,O,0.4820729327863801
912,121,CB,0.470704015372634
913,121,CG,0.49148069455542653
914,121,OD1,0.5768120303631555
915,121,ND2,0.5314821155138606
916,122,N,0.6175049923120706
917,122,CA,0.6580839809746187
918,122,C,0.5861259715126147
919,122,O,0.6181206794998201
920,122,CB,0.7387340679684388
921,122,OG,0.6377644204136187
922,123,N,0.523181391942392
923,123,CA,0.4422864933380512
924,123,C,0.4071622755817375
925,123,O,0.4666456829687127
926,123,CB,0.33183733682286165
927,123,CG,2.518855646651969
928,123,OD1,4.260620994631788
929,123,ND2,3.106138426842949
930,124,N,0.31796865057666024
931,124,CA,0.25338701619985027
932,124,C,0.22948093954969057
933,124,O,0.17436593038465814
934,124,CB,0.17474387350500564
935,124,CG,0.2197164272776416
936,124,OD1,0.3180787962213229
937,124,OD2,0.27103787554269526
938,125,N,0.30364085436142235
939,125,CA,0.28951984574539874
940,125,C,0.28423086983662976
941,125,O,0.2863318325236224
942,125,CB,0.41140099252639606
943,125,CG,0.6328793148121071
944,125,CD1,1.8198646660821676
945,125,CD2,3.056784175193874
946,125,CE1,1.6476007433622935
947,125,CE2,3.280108978734593
948,125,CZ,1.0833030328247903
949,126,N,0.29527629530308525
950,126,CA,0.37683429338343866
951,126,C,0.33169211759595635
952,126,O,0.27063810040480263
953,126,CB,0.343530078048328
954,126,CG1,0.37018028037451356
955,126,CG2,0.26866705065301777
956,126,CD1,0.3187721318127486
957,127,N,0.3373927546936141
958,127,CA,0.348817789571159
959,127,C,0.34710375497196516
960,127,O,0.45492606807374025
961,127,CB,0.3807220276001131
962,127,CG,0.521520353332631
963,127,OD1,0.4376125051695923
964,127,OD2,0.8182690670622509
965,128,N,0.4036166844034238
966,128,CA,0.39450808874527665
967,128,C,0.3603331665265857
968,128,O,0.4374103732128628
969,128,CB,0.4296030276356563
970,128,CG,0.3137358584507485
971,128,OD1,0.28884640609912465
972,128,ND2,0.2544387681337104
973,129,N,0.31171205519626466
974,129,CA,0.27389547552647436
975,129,C,0.19126526311250022
976,129,O,0.20831325769496248
977,129,CB,0.26481919792636033
978,129,CG,0.43051420255837647
979,129,CD,0.3508338494806747
980,129,NE,1.0800011542814811
981,129,CZ,0.13205494904243145
982,129,NH1,2.0431699283587004
983,129,NH2,0.7340212851327886
984,130,N,0.16027868269451256
985,130,CA,0.10761329240475652
986,130,C,0.08982972857682317
987,130,O,0.11679616412374778
988,130,CB,0.1872338197571531
989,130,CG,0.1577957828793198
990,130,OD1,0.18587393722306056
991,130,ND2,0.09876348207211862
992,131,N,0.11986311554579267
993,131,CA,0.20835242785067762
994,131,C,0.18111656487439654
995,131,O,0.20885170303849654
996,131,CB,0.22881075486011523
997,131,CG,0.2635990223234052
998,131,CD1,2.669329321003576
999,131,CD2,2.164536231350354
1000,131,CE1,2.7026201008685304
1001,131,CE2,2.1456539773949856
1002,131,CZ,0.34093074329691697
1003,132,N,0.15203872792539636
1004,132,CA,0.17537206318802412
1005,132,C,0.18071333100409392
1006,132,O,0.14146026568222517
1007,132,CB,0.10088717284374958
1008,132,CG,0.15656601348741947
1009,132,OD1,2.3379837733403317
1010,132,OD2,2.0359007740906936
1011,133,N,0.24878421063272932
1012,133,CA,0.19951541236586035
1013,133,C,0.2365447272992593
1014,133,O,0.31290742300364943
1015,133,CB,0.1004037930018086
1016,134,N,0.201346806456846
1017,134,CA,0.20968730250374704
1018,134,C,0.22820689271491867
1019,134,O,0.1788407621884783
1020,134,CB,0.2056524193691275
1021,134,CG,2.2118893012956526
1022,134,CD,4.035025071481904
1023,134,OE1,5.668497617125503
1024,134,OE2,4.629722381239732
1025,135,N,0.24947362379779342
1026,135,CA,0.15337248709347304
1027,135,C,0.15274398028649583
1028,135,O,0.1721115491484296
1029,135,CB,0.13699669795393207
1030,135,OG1,0.1725149634619202
1031,135,CG2,0.08287734150735447
1032,136,N,0.19374560282008116
1033,136,CA,0.22820859319007047
1034,136,C,0.23014715626615626
1035,136,O,0.23851328502106656
1036,136,CB,0.18145515573447935
1037,136,CG,0.17854166347774506
1038,136,CD1,2.416918682948175
1039,136,CD2,2.4138286257882733
1040,136,CE1,2.416893410025449
1041,136,CE2,2.4206752973993875
1042,136,CZ,0.15582544680321228
1043,137,N,0.24830620707186543
1044,137,CA,0.27608270917484456
1045,137,C,0.24061685899790047
1046,137,O,0.12300792023604987
1047,137,CB,0.24993273605682242
1048,137,CG,0.33527301157871964
1049,137,CD,0.44223795689163603
1050,137,OE1,0.4778055059306291
1051,137,NE2,0.49857535047210877
1052,138,N,0.27010565330916275
1053,138,CA,0.19553808155283822
1054,138,C,0.20969776112405847
1055,138,O,0.25243933281801667
1056,138,CB,0.16440940232252446
1057,138,OG1,0.21833947519058414
1058,138,CG2,0.20280786216501936
1059,139,N,0.22584799509030976
1060,139,CA,0.23458961788649382
1061,139,C,0.21224538770241974
1062,139,O,0.1899704481497503
1063,139,CB,0.2267649510635428
1064,139,OG,0.25975866549575316
1065,140,N,0.3041375124631537
1066,140,CA,0.3308594952607191
1067,140,C,0.3359518434336403
1068,140,O,0.361042534139767
1069,140,CB,0.332483629958606
1070,140,CG,0.29916259839550274
1071,140,CD1,0.2993283671055653
1072,140,CD2,0.32094608983669676
1073,141,N,0.32406758350442577
1074,141,CA,0.3257696446056969
1075,141,C,0.2935619951001918
1076,141,O,0.2711832827022815
1077,141,CB,0.2837768592873801
1078,141,CG,0.3090899034301515
1079,141,OD1,0.35422896701139545
1080,141,OD2,0.3157582846525668
1081,142,N,0.2928573112897907
1082,142,CA,0.2650447116318057
1083,142,C,0.24038834475873513
1084,142,O,0.31896392851133726
1085,142,CB,0.2431876459503922
1086,142,CG1,0.22953435298705774
1087,142,CG2,0.2974657961015442
1088,143,N,0.2042871336028144
1089,143,CA,0.28693824209646523
1090,143,C,0.2521222114454243
1091,143,O,0.32440254983683564
1092,143,CB,0.3626902139730328
1093,143,CG1,0.40120291686102766
1094,143,CG2,0.3776212394298947
1095,144,N,0.2056935955331305
1096,144,CA,0.23542358347420164
1097,144,C,0.2719734060110693
1098,144,O,0.3818124499968289
1099,144,CB,0.21423471019973428
1100,145,N,0.2590559089628796
1101,145,CA,0.3964665444946034
1102,145,C,0.3007143722908329
1103,145,O,0.43432995728513774
1104,146,N,0.15870230469537064
1105,146,CA,0.144943901169846
1106,146,C,0.2495718520223406
1107,146,O,0.32942590123959764
1108,146,CB,0.17191272631351975
1109,146,CG,0.18494286494512122
1110,146,CD,0.1697856361815882
1111,146,CE,0.18461138098386087
1112,146,NZ,0.15366239171130802
1113,147,N,0.22921689261251882
1114,147,CA,0.15619577392689238
1115,147,C,0.1521897551967858
1116,147,O,0.17997355723226743
1117,147,CB,0.12305729393479177
1118,147,OG1,0.21063644495142295
1119,147,CG2,0.2058057310507344
1120,148,N,0.14211537124219248
1121,148,CA,0.1484508387930016
1122,148,C,0.26935089810610047
1123,148,O,0.32210232247319315
1124,148,CB,0.15764088021865347
1125,148,CG,0.17981811705832912
1126,148,ND1,0.23981326915887477
1127,148,CD2,0.19341168572982836
1128,148,CE1,0.20527713452905208
1129,148,NE2,0.10275495421207814
1130,149,N,0.30054833236790435
1131,149,CA,0.2976664775600973
1132,149,C,0.212659048598501
1133,149,O,0.18795953368732446
1134,149,CB,0.3738127432224354
1135,149,CG,0.3988609097019182
1136,149,CD1,2.619959584618828
1137,149,CD2,2.279052363444955
1138,149,CE1,2.63848518414725
1139,149,CE2,2.3198209398009277
1140,149,CZ,0.6429740996753042
1141,150,N,0.26826662013044245
1142,150,CA,0.30787684765779816
1143,150,C,0.2742927676101644
1144,150,O,0.19083338314997844
1145,150,CB,0.5162680934207922
1146,150,CG,0.4713094177152446
1147,150,OD1,0.3076696493997577
1148,150,OD2,0.5632176066274399
1149,151,N,0.38399729352460615
1150,151,CA,0.3841969920954783
1151,151,C,0.37945626634257923
1152,151,O,0.32983887108092713
1153,151,CB,0.3832724586388107
1154,151,CG,0.42519738871001045
1155,151,CD1,0.4041019614578117
1156,151,CD2,0.49954925015895063
1157,151,CE1,0.42968241232314486
1158,151,CE2,0.5222849061647654
1159,151,CZ,0.48055175731348254
1160,151,OH,0.5153036359227292
1161,152,N,0.5165187228601442
1162,152,CA,0.5446453231465216
1163,152,C,0.5080682116213249
1164,152,O,0.41011551904377974
1165,152,CB,0.5559633802602564
1166,153,N,0.53512822608778
1167,153,CA,0.4478488806861187
1168,153,C,0.36192145721593905
1169,153,O,0.3024549643468497
1170,153,CB,0.3575240326664915
1171,153,CG,0.4652089996494321
1172,153,OD1,0.5168276525694839
1173,153,OD2,0.6526665996347244
1174,154,N,0.3488076710179072
1175,154,CA,0.235137746686029
1176,154,C,0.1799988475700506
1177,154,O,0.15767529310871034
1178,154,CB,0.3073794168951091
1179,154,CG,0.24978544331597033
1180,154,SD,0.07551486790489635
1181,154,CE,0.2881700890058972
1182,155,N,0.1809115640055684
1183,155,CA,0.19709876007177593
1184,155,C,0.1687334831523988
1185,155,O,0.13173392999701497
1186,155,CB,0.15719691292683208
1187,155,CG,0.16503990114147274
1188,155,OD1,0.2922341216835522
1189,155,ND2,0.4973108782848532
1190,156,N,0.2035455671426517
1191,156,CA,0.23508637192867704
1192,156,C,0.22658120139701837
1193,156,O,0.15854877472158488
1194,156,CB,0.24664187062283785
1195,156,CG,0.47970699282116747
1196,156,CD,1.985572116104487
1197,156,OE1,3.2175983507977723
1198,156,OE2,3.7120200380169
1199,157,N,0.28977742851622207
1200,157,CA,0.22421057693147067
1201,157,C,0.08752573591318158
1202,157,O,0.13702123704496807
1203,157,CB,0.2075586891032468
1204,157,CG1,0.35487269749703765
1205,157,CG2,0.18927223895428535
1206,157,CD1,0.11526478326058935
1207,158,N,0.07739052892744677
1208,158,CA,0.3183758011088259
1209,158,C,0.17166556605179653
1210,158,O,0.28664484301909765
1211,158,CB,0.8204227272379141
1212,158,CG,1.4661081484412395
1213,158,CD,1.2447763777856122
1214,158,NE,0.7637135004557082
1215,158,CZ,0.47875231982611677
1216,158,NH1,0.3967296331086447
1217,158,NH2,0.6809947748476598
1218,159,N,0.20555139724413685
1219,159,CA,0.18615713332734327
1220,159,C,0.16547507671722644
1221,159,O,0.1820697927480127
1222,159,CB,0.1783189593466547
1223,159,CG,0.14132153510447837
1224,159,CD1,0.15673147155896236
1225,159,CD2,0.22018796128011833
1226,160,N,0.10200776133347891
1227,160,CA,0.07282661141834465
1228,160,C,0.06442240473961204
1229,160,O,0.05653576722527396
1230,160,CB,0.09084163981740813
1231,160,CG,0.11920405185049028
1232,160,CD,0.09308277755501745
1233,160,OE1,0.40768570373615476
1234,160,NE2,0.37432806250471773
1235,161,N,0.05678515342815636
1236,161,CA,0.037821523515835676
1237,161,C,0.029587232405132398
1238,161,O,0.22788528655144658
1239,161,CB,0.04020527472804067
1240,161,CG,0.09248155884908116
1241,161,CD,0.062257312395844346
1242,161,NE,0.1878551609401537
1243,161,CZ,0.3084467064458945
1244,161,NH1,0.5079180820903673
1245,161,NH2,0.3030077985683896
1246,162,N,0.10600213198370988
1247,162,CA,0.08981182752531684
1248,162,C,0.15820235115749975
1249,162,O,0.20301981232650163
1250,162,CB,0.12548355710438264
1251,162,CG,0.20335667136262622
1252,162,CD,1.0382961331799196
1253,162,OE1,2.9157896686698366
1254,162,OE2,2.1159715979394425
1255,163,N,0.1471839065757085
1256,163,CA,0.16742931769846423
1257,163,C,0.17649523694206093
1258,163,O,0.21007408347352352
1259,163,CB,0.18634012565960867
1260,163,OG,0.47283726675061477
1261,164,N,0.16572920627151694
1262,164,CA,0.1656240402662175
1263,164,C,0.2155489667598156
1264,164,O,0.28384019126119453
1265,164,CB,0.19062594089013504
1266,164,CG,0.1444400766653163
1267,164,CD1,0.2116316191134464
1268,164,CD2,0.11257860696920609
1269,165,N,0.23238489357729886
1270,165,CA,0.3327783037521529
1271,165,C,0.3572789811020358
1272,165,O,0.39059214533016723
1273,165,CB,0.3417205284969041
1274,165,OG,0.37887974101223765
1275,166,N,0.34957748049033516
1276,166,CA,0.38975161968852856
1277,166,C,0.42970976853821247
1278,166,O,0.6874054511941485
1279,166,CB,0.33809126244497206
1280,166,CG,0.5086541281884891
1281,166,OD1,0.7572306002235155
1282,166,ND2,0.4871658105192749
1283,167,N,0.2192249612271248
1284,167,CA,0.1548135468241689
1285,167,C,0.13512997053699144
1286,167,O,0.07405462693399492
1287,167,CB,0.11136291449843283
1288,167,CG,0.2096833458803815
1289,167,CD,2.2074041371412236
1290,167,OE1,3.4416232998573935
1291,167,OE2,4.077763562709001
1292,168,N,0.185150834550479
1293,168,CA,0.12441459766557263
1294,168,C,0.11302502842816506
1295,168,O,0.11932510986973967
1296,168,CB,0.28932654047900824
1297,168,CG,0.25555822440120085
1298,168,CD1,0.4000442807765961
1299,168,CD2,0.2311673890633805
1300,169,N,0.12785738384699055
1301,169,CA,0.1487706013105457
1302,169,C,0.13627517993809068
1303,169,O,0.13913885086831596
1304,169,CB,0.11207603632796205
1305,169,CG,0.31461128697158164
1306,169,OD1,0.5602451441766916
1307,169,OD2,0.47904002755376524
1308,170,N,0.21961519046623806
1309,170,CA,0.34481288749838945
1310,170,C,0.2896810832100344
1311,170,O,0.3321147163818103
1312,170,CB,0.40386101000035973
1313,170,CG,0.5290341212666212
1314,170,CD1,2.9794333499927155
1315,170,CD2,1.84804371726042
1316,170,CE1,3.0877383947251493
1317,170,CE2,1.7498434602183155
1318,170,CZ,0.7285997875186081
1319,171,N,0.2592903495175512
1320,171,CA,0.1966132340214793
1321,171,C,0.35474443481282025
1322,171,O,0.5464857318421716
1323,171,CB,0.21321411535764373
1324,171,CG,0.1286797901209767
1325,171,CD,0.24617611592339178
1326,172,N,0.3360860669618332
1327,172,CA,0.5264170364910085
1328,172,C,0.39214761620390787
1329,172,O,0.44396796435656777
1330,173,N,0.3554411763691944
1331,173,CA,0.36848601965759975
1332,173,C,0.35697710000274446
1333,173,O,0.5468632845285575
1334,173,CB,0.3861841532195926
1335,173,CG,0.3912286735390187
1336,173,CD1,0.4287761905292669
1337,173,CD2,0.34559130004345906
1338,173,NE1,0.41412576752191355
1339,173,CE2,0.3563907539214602
1340,173,CE3,0.32448329185107055
1341,173,CZ2,0.3600572790395225
1342,173,CZ3,0.36504967268354643
1343,173,CH2,0.3788105758439786
1344,174,N,0.18272194611939216
1345,174,CA,0.06670083204367944
1346,174,C,0.10001569623027942
1347,174,O,0.22574745235457305
1348,174,CB,0.04305853880500018
1349,174,CG,0.06820347557989505
1350,174,CD1,2.469693803884429
1351,174,CD2,2.3512980178104597
1352,174,CE1,2.5169804305355634
1353,174,CE2,2.311050855201051
1354,174,CZ,0.13167667567070343
1355,175,N,0.04757892779825421
1356,175,CA,0.12361772931367705
1357,175,C,0.15958705252013494
1358,175,O,0.20429971391347626
1359,175,CB,0.16346205976175426
1360,175,OG1,0.18460775996221304
1361,175,CG2,0.08950896187037209
1362,176,N,0.1676505907807042
1363,176,CA,0.177035929624461
1364,176,C,0.0895344702111906
1365,176,O,0.2976710586782713
1366,176,CB,0.19307847205007048
1367,176,CG,0.16999129064592436
1368,176,CD,0.39923665498410615
1369,176,OE1,1.9165982008086786
1370,176,OE2,2.49691577565678
1371,177,N,0.23159813376167035
1372,177,CA,0.33785531727923457
1373,177,C,0.2566906510568023
1374,177,O,0.17666657974162175
1375,177,CB,0.3969518656144961
1376,177,OG,1.861293782706537
1377,178,N,0.35008658417366945
1378,178,CA,0.30494891299347054
1379,178,C,0.27258097027823186
1380,178,O,0.36431275168595173
1381,178,CB,0.4960007090694573
1382,178,CG,1.5642491987598948
1383,178,CD,1.3733634839890416
1384,178,CE,0.8924524591004678
1385,178,NZ,0.5463462453411225
1386,179,N,0.2425637995346631
1387,179,CA,0.2779408797355568
1388,179,C,0.3128952594124085
1389,179,O,0.2900011974575162
1390,179,CB,0.27278891621045287
1391,179,CG,0.2648913409659972
1392,179,CD,0.2825522039630503
1393,180,N,0.39696388946170047
1394,180,CA,0.42355920683663817
1395,180,C,0.42464883503985346
1396,180,O,0.463165496015137
1397,180,CB,0.405378904478737
1398,180,CG1,0.39432995250474334
1399,180,CG2,0.45709758969782316
1400,180,CD1,0.38165888609565113
1401,181,N,0.4114227748580613
1402,181,CA,0.47087091868200137
1403,181,C,0.4555974291997228
1404,181,O,0.5348947358627949
1405,181,CB,0.4313536142044679
1406,181,CG,0.5790818258323106
1407,181,CD,0.9895861344423015
1408,181,OE1,1.1954569793095626
1409,181,NE2,1.493437836532342
1410,182,N,0.34786435307895863
1411,182,CA,0.27706748044806734
1412,182,C,0.26826745898163923
1413,182,O,0.29094339551710685
1414,182,CB,0.3028379442102642
1415,182,CG,0.30113071010364184
1416,182,OD1,0.641510787384216
1417,182,ND2,0.6146180630616951
1418,183,N,0.27903381788376447
1419,183,CA,0.2519184985711734
1420,183,C,0.17605857588996707
1421,183,O,0.20943978824455603
1422,183,CB,0.3342439130372629
1423,183,CG1,0.29051050363122416
1424,183,CG2,0.5022574280359038
1425,184,N,0.14907162995225992
1426,184,CA,0.2098875744670525
1427,184,C,0.20190736740994666
1428,184,O,0.2909395606917245
1429,184,CB,0.2959427930108281
1430,184,CG,2.5593972894947314
1431,184,CD,3.0221271300566706
1432,184,OE1,3.572111005001148
1433,184,OE2,3.7500314410279687
1434,185,N,0.2515830309229736
1435,185,CA,0.23930490405324076
1436,185,C,0.3267123465815714
1437,185,O,0.2235885222436175
1438,185,CB,0.24949765596069642
1439,185,OG,0.1655298743295743
1440,186,N,0.4738420335326621
1441,186,CA,0.5464760460043812
1442,186,C,0.5601719967848192
1443,186,O,0.6034682453352113
1444,187,N,0.5546749883147453
1445,187,CA,0.587111590406038
1446,187,C,0.4202951408183865
1447,187,O,0.46620275357609775
1448,187,CB,0.7709866233010217
1449,187,CG,1.5869408484548317
1450,187,CD1,3.6281388728447097
1451,187,CD2,2.803929400798032
1452,187,CE1,5.318681707717924
1453,187,CE2,4.015764730012967
1454,187,CZ,5.092549843087297
1455,188,N,0.3017816376034341
1456,188,CA,0.2886016999849642
1457,188,C,0.30256549415468714
1458,188,O,0.3174426903116927
1459,188,CB,0.1733271132089348
1460,188,CG1,0.19416751696798001
1461,188,CG2,0.2209512390013631
1462,188,CD1,0.20944396317839492
1463,189,N,0.32605722975498075
1464,189,CA,0.3363822243898398
1465,189,C,0.3815952795172157
1466,189,O,0.3807775438967628
1467,189,CB,0.34721170096692094
1468,189,CG,0.31687796754985786
1469,189,CD1,0.3412980799218919
1470,189,CD2,0.2872019344179451
1471,189,CE1,0.3273132229564303
1472,189,CE2,0.29297091194755154
1473,189,CZ,0.3047811212369721
1474,190,N,0.4101765707008577
1475,190,CA,0.422580825677374
1476,190,C,0.40570740407471156
1477,190,O,0.4027168796409836
1478,190,CB,0.473191254632337
1479,191,N,0.41622106042235135
1480,191,CA,0.3485097132571836
1481,191,C,0.24274718318161692
1482,191,O,0.1311420313462778
1483,191,CB,0.4992977479411959
1484,191,CG,0.5333371017685145
1485,191,CD1,0.47406172284461945
1486,191,CD2,0.7855146421117671
1487,192,N,0.3487945632222567
1488,192,CA,0.18460125852040624
1489,192,C,0.16933262845808678
1490,192,O,0.14750215934849903
1491,192,CB,0.22827264060344157
1492,192,CG1,0.2866596577875999
1493,192,CG2,0.24166892908634216
1494,193,N,0.20596138115314788
1495,193,CA,0.3013251311355636
1496,193,C,0.27106128469788177
1497,193,O,0.4020884232350886
1498,193,CB,0.47598957670653497
1499,193,OG,0.37436637536149525
1500,194,N,0.2546053375967717
1501,194,CA,0.2867988072121391
1502,194,C,0.37143309290912957
1503,194,O,0.4634551695288967
1504,194,CB,0.28064115374719517
1505,194,CG,0.3100319464176943
1506,194,OD1,0.41362524419884067
1507,194,OD2,0.33509447965622086
1508,195,N,0.38209793806636944
1509,195,CA,0.50031672133064
1510,195,C,0.46599918272075597
1511,195,O,0.4617197960568599
1512,195,CB,0.7674987283304098
1513,195,CG,1.2212680393646391
1514,195,CD1,3.971965488609491
1515,195,CD2,0.31170290831864583
1516,195,CE1,5.740402006125329
1517,195,CE2,2.0060653462882523
1518,195,CZ,4.758405356420987
1519,196,N,0.46186063064868543
1520,196,CA,0.45624035150041214
1521,196,C,0.40124733233525617
1522,196,O,0.4871230875645144
1523,196,CB,0.48192691851499775
1524,196,CG,0.4780495434848303
1525,196,OD1,1.8073908802572927
1526,196,ND2,2.660665249786344
1527,197,N,0.32558330248892214
1528,197,CA,0.2293920750583832
1529,197,C,0.2827226261536049
1530,197,O,0.34190802269296916
1531,197,CB,0.12230082007476209
1532,197,CG,0.20238115015412902
1533,197,CD1,0.13187781306836507
1534,197,CD2,0.38138198615033353
1535,198,N,0.3227448869626069
1536,198,CA,0.4093568451344004
1537,198,C,0.4108752542903575
1538,198,O,0.5644052709978321
1539,198,CB,0.4314983394624937
1540,198,CG,0.375570343406071
1541,198,CD,0.35824883171801186
1542,199,N,0.29864291160028383
1543,199,CA,0.3279460438095004
1544,199,C,0.2717354878380357
1545,199,O,0.30400525774859627
1546,199,CB,0.4193103899791852
1547,199,CG,0.3871925443320788
1548,199,OD1,0.4163254254929385
1549,199,OD2,0.38410278869606385
1550,200,N,0.2971236383542508
1551,200,CA,0.2408466493634257
1552,200,C,0.2781841551325897
1553,200,O,0.2673176170352952
1554,200,CB,0.2676923540637596
1555,200,CG,2.03683689843473
1556,200,OD1,3.3949379833646223
1557,200,ND2,3.1516620928177894
1558,201,N,0.36436692103578666
1559,201,CA,0.4530667259968278
1560,201,C,0.5148102165447539
1561,201,O,0.7525002478755121
1562,201,CB,0.5913526982467943
1563,201,CG,0.6360761191223183
1564,201,OD1,0.8576417156295802
1565,201,OD2,0.483424082578401
1566,202,N,0.399222596529806
1567,202,CA,0.4638008087092625
1568,202,C,0.4371597840721625
1569,202,O,0.48863882805780107
1570,202,CB,0.5441120471782616
1571,202,CG,0.5878858041144208
1572,202,CD,2.030655642137202
1573,202,OE1,3.2787082752897256
1574,202,OE2,3.779700846898703
1575,203,N,0.3592361632523605
1576,203,CA,0.4243990910239225
1577,203,C,0.286650774144421
1578,203,O,0.24843496848041466
1579,203,CB,0.5249868996547838
1580,203,CG,0.7927101097292449
1581,203,OD1,0.9523409888979155
1582,203,ND2,0.9492483727851673
1583,204,N,0.27316327079137204
1584,204,CA,0.19702453605078624
1585,204,C,0.2324489004453283
1586,204,O,0.1369571280134961
1587,204,CB,0.17848545180224515
1588,204,CG,0.29350140435039357
1589,204,CD,0.3423253030758608
1590,205,N,0.31431025305834065
1591,205,CA,0.2343674278869523
1592,205,C,0.19309071669121838
1593,205,O,0.1934834163416307
1594,205,CB,0.21985940779815302
1595,205,CG,0.23331844160322118
1596,205,CD1,0.290347478938799
1597,205,CD2,0.2302530780597479
1598,206,N,0.18925782988934187
1599,206,CA,0.1744579358363362
1600,206,C,0.09328586396846032
1601,206,O,0.06265635565047285
1602,206,CB,0.27663240120027943
1603,206,CG1,0.381021486597835
1604,206,CG2,0.41928568900046426
1605,207,N,0.0969704051058522
1606,207,CA,0.037602863736230854
1607,207,C,0.027001722952251526
1608,207,O,0.0682080607340328
1609,207,CB,0.1265798899443079
1610,207,CG,0.23085312684690684
1611,207,CD,0.25261791738677214
1612,207,NE,0.2527094733527729
1613,207,CZ,0.20596292986594453
1614,207,NH1,0.2166828810594433
1615,207,NH2,0.22081876445986223
1616,208,N,0.14949146116030462
1617,208,CA,0.08325531708125924
1618,208,C,0.04285710029088547
1619,208,O,0.03528294497172937
1620,208,CB,0.15697955064126462
1621,208,CG1,0.14929288160040158
1622,208,CG2,0.29167581665938114
1623,208,CD1,0.243480856478443
1624,209,N,0.08630952187275585
1625,209,CA,0.17685069543619242
1626,209,C,0.17268465279942397
1627,209,O,0.15184809402953545
1628,209,CB,0.21484317072244893
1629,209,CG,0.21994462764395098
1630,209,OD1,0.2092896444215769
1631,209,OD2,0.3643474898513062
1632,210,N,0.20562589407081736
1633,210,CA,0.18445249226522498
1634,210,C,0.19117036117691016
1635,210,O,0.15465794268947558
1636,210,CB,0.16034327517484478
1637,210,CG,0.17223237203168598
1638,210,CD1,0.16535270608367542
1639,210,CD2,0.22435271590833242
1640,210,NE1,0.1901524901493566
1641,210,CE2,0.23635262262575374
1642,210,CE3,0.2780627203472482
1643,210,CZ2,0.2814430715494762
1644,210,CZ3,0.32540529201235496
1645,210,CH2,0.3351193437849417
1646,211,N,0.19952083530556855
1647,211,CA,0.20883509810120202
1648,211,C,0.23331477846782714
1649,211,O,0.23581683541663065
1650,211,CB,0.2662231733526933
1651,211,CG,0.27146038055428734
1652,211,CD1,0.3665220272981752
1653,211,CD2,0.3278938336747083
1654,211,NE1,0.43684625766536395
1655,211,CE2,0.45231430171245407
1656,211,CE3,0.4168079498570899
1657,211,CZ2,0.6252131828780283
1658,211,CZ3,0.6322023638952309
1659,211,CH2,0.7182844262130834
1660,212,N,0.19818724801413198
1661,212,CA,0.16781722807300314
1662,212,C,0.20713109816324773
1663,212,O,0.2287833803752843
1664,212,CB,0.1545900266480228
1665,212,CG,2.238773929614519
1666,212,CD,2.1070517544029834
1667,212,CE,1.9665332633527464
1668,212,NZ,1.9003227230047466
1669,213,N,0.2183224372294036
1670,213,CA,0.2611075933577776
1671,213,C,0.2742191246465796
1672,213,O,0.32614128264801323
1673,213,CB,0.2765216638115387
1674,213,CG,0.35483014497941673
1675,213,CD1,0.48959578248745733
1676,213,CD2,0.40570520580841524
1677,213,CE1,0.5321188364463751
1678,213,CE2,0.4939776680109225
1679,213,CZ,0.5024169894561937
1680,213,OH,0.5640159108079688
1681,214,N,0.27685170987677016
1682,214,CA,0.27861120538825174
1683,214,C,0.3478627137341847
1684,214,O,0.37744980602483474
1685,214,CB,0.25729049282679317
1686,214,CG,0.2692057016945072
1687,214,CD1,0.21093813073918416
1688,214,CD2,0.32218433268000213
1689,214,NE1,0.20034717186699622
1690,214,CE2,0.29106189220743117
1691,214,CE3,0.41771122022810336
1692,214,CZ2,0.3222631207916317
1693,214,CZ3,0.43733927269602707
1694,214,CH2,0.40349701417093725
1695,215,N,0.3315697326556767
1696,215,CA,0.41585514115615574
1697,215,C,0.44370624641329937
1698,215,O,0.5137079265005806
1699,215,CB,0.45304723872626923
1700,215,CG,0.49399042791209913
1701,215,CD1,2.333094019330604
1702,215,CD2,2.5673689625401566
1703,215,CE1,2.2684877852735252
1704,215,CE2,2.6456932668807167
1705,215,CZ,0.5566261396831546
1706,216,N,0.3851866913415091
1707,216,CA,0.4013495908787835
1708,216,C,0.46002544331613116
1709,216,O,0.5769101708643931
1710,216,CB,0.3417977511522041
1711,216,OG1,0.3208089256041316
1712,216,CG2,0.3738490973854401
1713,217,N,0.3924025492701946
1714,217,CA,0.361066928734132
1715,217,C,0.32748587242762545
1716,217,O,0.35836677804500433
1717,217,CB,0.3742879086067743
1718,217,CG,0.5411732656957724
1719,217,OD1,0.5781076340018018
1720,217,ND2,0.6703878545751103
1721,218,N,0.33354364031547495
1722,218,CA,0.2746700740771477
1723,218,C,0.35221901922321897
1724,218,O,0.47842435250476584
1725,218,CB,0.3167190717626291
1726,218,CG,0.2620886768114901
1727,218,CD,0.15230393594358252
1728,218,OE1,2.076675719845153
1729,218,OE2,2.325915673030536
1730,219,N,0.22968269799147933
1731,219,CA,0.263333611182243
1732,219,C,0.22977329477468136
1733,219,O,0.4429068115579271
1734,219,CB,0.342331081358261
1735,219,OG,0.41380565880726683
1736,220,N,0.4768216830116835
1737,220,CA,0.5023682516019075
1738,220,C,0.4822292127409585
1739,220,O,0.49225255943917334
1740,220,CB,0.47514345073145353
1741,220,CG,0.5406344539744931
1742,220,CD1,0.5125558152255171
1743,220,CD2,0.670916565939078
1744,220,CE1,0.6151170423351338
1745,220,CE2,0.7570770172966804
1746,220,CZ,0.7296753112461274
1747,221,N,0.4589693223107979
1748,221,CA,0.39400178007662345
1749,221,C,0.37200225203569515
1750,221,O,0.27342429537294677
1751,221,CB,0.30390253245417126
1752,221,CG,0.321005364130305
1753,221,CD,0.4168163042552121
1754,222,N,0.48016149515659734
1755,222,CA,0.5290631188406874
1756,222,C,0.5328690638102577
1757,222,O,0.489089332329352
1758,222,CB,0.7182959108582122
1759,222,CG,0.8434566840211123
1760,222,CD1,0.8509406572454324
1761,222,CD2,1.033143261484973
1762,222,CE1,1.0625577945258784
1763,222,CE2,1.2004957158984528
1764,222,CZ,1.2166947025913393
1765,222,OH,1.416491193420252
1766,223,N,0.5662603549171025
1767,223,CA,0.5778555333646005
1768,223,C,0.5439816149282424
1769,223,O,0.674205979203308
1770,223,CB,0.6526877535016475
1771,223,CG,2.368820799344336
1772,223,ND1,4.540007192542566
1773,223,CD2,3.8259414057911605
1774,223,CE1,6.324268043928656
1775,223,NE2,6.009757934265238
1776,224,N,0.38910483744622787
1777,224,CA,0.446098967093311
1778,224,C,0.46620633607457107
1779,224,O,0.4582938458895113
1780,224,CB,0.3776443523679233
1781,224,CG,0.41438625437489485
1782,224,CD1,0.34645943422030756
1783,224,CD2,0.4377997714374161
1784,225,N,0.475772297102386
1785,225,CA,0.5565333562187502
1786,225,C,0.3379635709585424
1787,225,O,0.2882470318546488
1788,226,N,0.3327619648958926
1789,226,CA,0.33068409801786425
1790,226,C,0.4695973421250605
1791,226,O,0.5654865021646263
1792,226,CB,0.2964910383974095
1793,226,CG,0.2905128816710109
1794,226,CD1,0.22692207452787147
1795,226,CD2,0.40952454878834615
1796,226,NE1,0.2987529927818879
1797,226,CE2,0.41778632495265694
1798,226,CE3,0.5302091452059878
1799,226,CZ2,0.4965820756737657
1800,226,CZ3,0.5926908480996981
1801,226,CH2,0.5783767807671548
1802,227,N,0.5390045453470151
1803,227,CA,0.7171592189138902
1804,227,C,0.6564102050921009
1805,227,O,0.6114952317178229
1806,227,CB,0.937144515664124
1807,227,CG,0.9921181722616219
1808,227,ND1,1.021981500545617
1809,227,CD2,1.051357226372608
1810,227,CE1,1.0889242068489884
1811,227,NE2,1.1567972722309023
1812,228,N,0.703548099499156
1813,228,CA,0.7064028210593188
1814,228,C,0.7049972841397169
1815,228,O,0.6426518069339052
1816,228,CB,0.7780036293280964
1817,228,CG,0.7105046407214729
1818,228,CD,0.7396530813919513
1819,229,N,0.7756201532962146
1820,229,CA,0.8257920398341301
1821,229,C,0.7917717312366627
1822,229,O,0.7290716636320864
1823,229,CB,0.8841338094173812
1824,229,CG,1.7373974615742223
1825,229,CD,0.894797247202645
1826,230,N,0.880831190653063
1827,230,CA,0.9062956557208629
1828,230,C,1.045407808721699
1829,230,O,1.137010962134932
1830,230,CB,0.9051576029700958
1831,230,OG,0.9838593209244828
1832,231,N,1.0695492496686794
1833,231,CA,1.0303612712599914
1834,231,C,0.8650365401292669
1835,231,O,0.7922131632433039
1836,231,CB,1.1601359618474691
1837,231,CG,1.1507196654085257
1838,231,CD,1.1400625694592812
1839,232,N,0.8126688455061805
1840,232,CA,0.7522030071677126
1841,232,C,0.7358749926750235
1842,232,O,0.8135645289329722
1843,232,CB,0.7445673318713573
1844,233,N,0.6457755109097677
1845,233,CA,0.6342962402124499
1846,233,C,0.6729184233811506
1847,233,O,0.8829184101409053
1848,233,CB,0.5395194174888576
1849,233,CG,0.7613561713820766
1850,233,CD,1.0005197577561329
1851,233,NE,1.262179958152994
1852,233,CZ,1.5186744433629626
1853,233,NH1,1.5456090136753062
1854,233,NH2,1.8264615245627585
1855,234,N,0.6139263761730823
1856,234,CA,0.670963948682479
1857,234,C,0.59406129407325
1858,234,O,0.5133918687468186
1859,234,CB,0.768359790374449
1860,234,CG,0.9324881213056576
1861,234,CD,1.0088415645986857
1862,234,OE1,1.3401968055753553
1863,234,OE2,3.154980223096101
1864,235,N,0.6503468213776805
1865,235,CA,0.639648563596498
1866,235,C,0.6329326488720007
1867,235,O,0.559137601683202
1868,235,CB,0.7063353533599865
1869,235,CG1,0.7359088218467599
1870,235,CG2,0.8561103200078312
1871,235,CD1,0.6962311524374254
1872,236,N,0.6895236489182411
1873,236,CA,0.627294990822423
1874,236,C,0.48040750131521914
1875,236,O,0.43714502322337745
1876,236,CB,0.7249666042837329
1877,236,CG,0.8407837966710485
1878,236,CD,0.8020244210214492
1879,236,OE1,2.7859325093326985
1880,236,OE2,1.8038175518045094
1881,237,N,0.4502523928765384
1882,237,CA,0.3907510491852426
1883,237,C,0.28279590658463577
1884,237,O,0.3547385421631604
1885,237,CB,0.4220190295752752
1886,237,CG,0.43766714613637137
1887,237,CD1,0.331490402412629
1888,237,CD2,0.6286847240242518
1889,237,CE1,0.41319137573656806
1890,237,CE2,0.6920257440707879
1891,237,CZ,0.5823007837638007
1892,238,N,0.19858438232302597
1893,238,CA,0.16964934451127087
1894,238,C,0.25573658458511667
1895,238,O,0.26497578296466917
1896,238,CB,0.18442759207317913
1897,238,CG1,0.30031488665280986
1898,238,CG2,0.10925192991808354
1899,239,N,0.348351482489589
1900,239,CA,0.394270477508102
1901,239,C,0.2806549594303093
1902,239,O,0.2886849850083038
1903,239,CB,0.5597276593073174
1904,239,OG1,0.6195137183379089
1905,239,CG2,0.7569164043491674
1906,240,N,0.25677471826422776
1907,240,CA,0.20444366903457503
1908,240,C,0.10890756753258245
1909,240,O,0.09467423984045088
1910,240,CB,0.33785509556927856
1911,240,OG,2.4701716982768955
1912,241,N,0.19001158286197842
1913,241,CA,0.27513335918047555
1914,241,C,0.33561576551738376
1915,241,O,0.3811119925970747
1916,241,CB,0.40598504250329254
1917,242,N,0.34856781971390005
1918,242,CA,0.36059536263891384
1919,242,C,0.3488114924604207
1920,242,O,0.4384310352628781
1921,242,CB,0.3530160796656869
1922,242,OG,0.3289879834313461
1923,243,N,0.2907547925178435
1924,243,CA,0.28717526046936176
1925,243,C,0.3021660547494255
1926,243,O,0.3275386452408738
1927,243,CB,0.22033821630494646
1928,243,OG,0.32662173153400254
1929,244,N,0.3022061041121692
1930,244,CA,0.33860716537884455
1931,244,C,0.38359635345527265
1932,244,O,0.31003814101916694
1933,244,CB,0.29869137526079625
1934,245,N,0.4194556106528653
1935,245,CA,0.33229494744445554
1936,245,C,0.284169316661736
1937,245,O,0.2475233723264025
1938,245,CB,0.36778830988043765
1939,245,CG1,0.3205490930912582
1940,245,CG2,0.42831262584730057
1941,246,N,0.2975587832301722
1942,246,CA,0.27984006671192135
1943,246,C,0.3308844649647894
1944,246,O,0.3659475060971587
1945,246,CB,0.44148771606505754
1946,246,CG,0.4519385484337841
1947,246,CD1,0.7049923834234878
1948,246,CD2,0.43334321581986524
1949,247,N,0.33948993796258475
1950,247,CA,0.4655873743656621
1951,247,C,0.5205235381247
1952,247,O,0.5856842859639954
1953,247,CB,0.4353606581948124
1954,248,N,0.5127791811401065
1955,248,CA,0.6023607977739384
1956,248,C,0.7530195156780183
1957,248,O,1.0384913394087685
1958,248,CB,0.6666163715964138
1959,249,N,0.5962538463191085
1960,249,CA,0.8243190237057036
1961,249,C,1.3511708707922794
1962,249,O,1.641904714532279
1963,249,CB,0.4020175907802036
1964,249,OG,0.3459889532031568
1965,250,N,1.750377900344129
1966,250,CA,2.2208716355787383
1967,250,C,1.9460874402777388
1968,250,O,1.8615228516234832
1969,250,CB,2.9146605004009247
1970,250,CG1,3.6376424203623996
1971,250,CG2,2.5061503586964635
1972,251,N,1.82353116021286
1973,251,CA,1.6184500375797077
1974,251,C,1.2326874698369952
1975,251,O,0.9391421300618026
1976,251,CB,1.8155951185387638
1977,251,OG1,2.0021012790853967
1978,251,CG2,2.2114569596878852
1979,252,N,1.2268847708730986
1980,252,CA,0.868685661405885
1981,252,C,0.7264766377570722
1982,252,O,0.8089197810083715
1983,252,CB,0.9083247789849076
1984,252,OG,0.8185320396361192
1985,253,N,0.7142402830404087
1986,253,CA,0.8561334606415293
1987,253,C,0.6451462703127249
1988,253,O,0.8975085322977139
1989,253,CB,1.3502858705566112
1990,253,OG1,1.6521911268982648
1991,253,CG2,1.5357237294653108
1992,254,N,0.48678050196191214
1993,254,CA,0.4088737683159974
1994,254,C,1.1082483652481145
1995,254,O,1.5816106753148005
1996,254,CB,0.44769040150682826
1997,254,CG,0.3877032640033755
1998,254,CD,0.7249251466575579
1999,255,N,1.3564836879017506
2000,255,CA,2.0069128800861944
2001,255,C,1.8024254662086836
2002,255,O,3.462956668287965
2003,255,CB,2.435893717001507
2004,255,OG,1.8908076871394695
2005,256,N,1.8870868657132147
2006,256,CA,1.5248554178008964
2007,256,C,1.5465551446718768
2008,256,O,2.7094036008237596
2009,256,CB,0.8594355665488125
2010,256,OG,1.2056205887890044
2011,257,N,0.5564181133358482
2012,257,CA,0.5789848761618787
2013,257,C,0.6015561121203008
2014,257,O,0.5789195234716669
2015,257,CB,0.5036649153739189
2016,257,CG,0.3729673853290088
2017,257,CD1,0.281417874233724
2018,257,CD2,0.3707064567650877
2019,258,N,0.6999773015320079
2020,258,CA,0.8693241687036745
2021,258,C,0.7796431651599722
2022,258,O,0.7261321975684744
2023,258,CB,1.0822753098423092
2024,258,CG,0.8756180766909539
2025,258,CD,0.7884925994802435
2026,259,N,0.8267350978014615
2027,259,CA,0.819134657090246
2028,259,C,0.9178241524628081
2029,259,O,1.2421879776442204
2030,259,CB,0.8746106112287234
2031,259,OG,0.9262726055192425
2032,260,N,0.7671989742986023
2033,260,CA,0.8498146098322916
2034,260,C,0.7473610214707606
2035,260,O,0.9119342258144327
2036,261,N,0.591912682804953
2037,261,CA,0.5288498357819602
2038,261,C,0.4884924377332911
2039,261,O,0.5058832760849932
2040,261,CB,0.43386661033350615
2041,262,N,0.5222596207161246
2042,262,CA,0.5119405166252777
2043,262,C,0.573198711887419
2044,262,O,0.6597111659794956
2045,262,CB,0.44672241228973714
2046,262,CG1,0.38131150005024467
2047,262,CG2,0.45353771185636294
2048,262,CD1,0.4065397332107783
2049,263,N,0.6283882228195659
2050,263,CA,0.8155958943344365
2051,263,C,0.42941468038455943
2052,263,O,0.1943330277286021
2053,264,N,0.42129375431126886
2054,264,CA,0.2724148310750875
2055,264,C,0.029464147701962533
2056,264,O,0.24803407871750863
2057,264,CB,0.4500183488804372
2058,264,CG,0.5976687828595321
2059,264,CD,0.6068067473275014
2060,265,N,0.3258143077584164
2061,265,CA,0.37418830864316477
2062,265,C,0.5786804544666087
2063,265,O,0.8234903917960406
2064,266,N,0.5301249530523618
2065,266,CA,0.5562306808231278
2066,266,C,0.414404309910654
2067,266,O,0.32079678202759354
2068,266,CB,0.6280539183710024
2069,267,N,0.47966851445615455
2070,267,CA,0.5263795601181042
2071,267,C,0.6152947044761318
2072,267,O,0.869539416048287
2073,267,CB,0.6316447063740598
2074,267,CG,2.1056953489202117
2075,267,CD,1.868078716373302
2076,267,OE1,1.724284908169268
2077,267,OE2,1.9263729976633985
2078,268,N,0.4133569863201558
2079,268,CA,0.33140559389049007
2080,268,C,0.3832167491397911
2081,268,O,0.42290341996926134
2082,268,CB,0.2006901526646098
2083,269,N,0.40950771256951235
2084,269,CA,0.5536896031652347
2085,269,C,0.3640866821182583
2086,269,O,0.321292571618353
2087,269,CB,0.7959247245824683
2088,269,CG1,0.8861256475392831
2089,269,CG2,0.8317500339103333
2090,270,N,0.3144388369734386
2091,270,CA,0.27145434557654785
2092,270,C,0.30390899803867283
2093,270,O,0.37354323196555994
2094,270,CB,0.22052135588604652
2095,270,CG,0.3278895094819645
2096,270,CD,0.3712544138264652
2097,271,N,0.28397457809552423
2098,271,CA,0.39404293139666186
2099,271,C,0.36782224301359384
2100,271,O,0.32609997505601906
2101,271,CB,0.4733402994552154
2102,271,CG,0.5036127318266644
2103,271,CD1,0.5518646340175053
2104,271,CD2,0.5817740181284727
2105,272,N,0.43446939661560924
2106,272,CA,0.4654217398822337
2107,272,C,0.5677216177181174
2108,272,O,0.730378173474725
2109,272,CB,0.5650215111971871
2110,272,OG,0.6361565212737127
2111,273,N,0.6041094037139341
2112,273,CA,0.7441853075166156
2113,273,C,0.8273694888902157
2114,273,O,0.8238894143163568
2115,273,CB,0.7557665077426122
2116,273,CG,0.6200882228502944
2117,273,CD1,0.7370817388907346
2118,273,CD2,0.4813774153901231
2119,273,CE1,0.7489333443486995
2120,273,CE2,0.47500117271829095
2121,273,CZ,0.631779466740422
2122,274,N,0.9453831452497737
2123,274,CA,1.122133354737375
2124,274,C,1.167395917253012
2125,274,O,0.9898863333774383
2126,274,CB,1.228041651105348
2127,275,N,1.3826010310335575
2128,275,CA,1.471313148534635
2129,275,C,1.5587067638879322
2130,275,O,1.641607983970448
2131,275,CB,1.6996687001625093
2132,275,OG,1.8623894467091653
2133,276,N,1.583717716679922
2134,276,CA,1.6230792025970517
2135,276,C,1.3715810578313548
2136,276,O,1.321213803834885
2137,276,CB,1.8759091503833583
2138,276,OG1,1.8431348746210712
2139,276,CG2,2.1136626606608
2140,277,N,1.1883656284220148
2141,277,CA,1.0223125316546433
2142,277,C,0.9191016069319257
2143,277,O,0.94222128017034
2144,277,CB,0.9065037683473314
2145,277,CG,1.0113415222826219
2146,277,SD,0.8989351126523731
2147,277,CE,0.8344071407568528
2148,278,N,0.8268314057261992
2149,278,CA,0.6814965356869404
2150,278,C,0.5700818908757019
2151,278,O,0.6070495854622363
2152,278,CB,0.617771777474697
2153,278,OG1,0.7157437158920243
2154,278,CG2,0.5233219075255332
2155,279,N,0.4574064605103242
2156,279,CA,0.3704085434787688
2157,279,C,0.31616780070719674
2158,279,O,0.24323645367918445
2159,279,CB,0.3064447766265082
2160,279,CG,0.4962158819919112
2161,279,CD,0.4712183382495766
2162,280,N,0.38045740196634775
2163,280,CA,0.4192030661789378
2164,280,C,0.30725221737461644
2165,280,O,0.5349939363468056
2166,280,CB,0.5551027161274918
2167,280,CG,0.6160372462079728
2168,280,CD1,0.6207380341786757
2169,280,CD2,0.7101772774295341
2170,280,CE1,0.6745599570751769
2171,280,CE2,0.7656743712434804
2172,280,CZ,0.7309712726458074
2173,281,N,0.3515146508522541
2174,281,CA,0.38066246853061914
2175,281,C,0.591875244822788
2176,281,O,0.7484526346890704
2177,281,CB,0.7209739772836192
2178,281,CG,2.153781518314447
2179,281,CD1,3.5862687104096995
2180,281,CD2,2.7121205817248972
2181,282,N,0.7359165219668253
2182,282,CA,1.038818265369008
2183,282,C,1.0431083037185744
2184,282,O,0.8923565984767537
2185,282,CB,1.170873568762636
2186,282,CG,1.2383680376738353
2187,282,CD1,1.4487408435525577
2188,282,CD2,1.4461560383788568
2189,283,N,1.2435416421307612
2190,283,CA,1.3382769863115773
2191,283,C,1.1066194382958439
2192,283,O,1.1078427373249493
2193,283,CB,1.6131097222348958
2194,284,N,0.9482763654819951
2195,284,CA,0.6756048731043252
2196,284,C,0.5950699665418999
2197,284,O,0.564874451678012
2198,284,CB,0.5979571654695542
2199,284,OG1,0.7380770515104539
2200,284,CG2,0.619792325203486
2201,285,N,0.5468946028903586
2202,285,CA,0.4896889554558775
2203,285,C,0.42091576928997876
2204,285,O,0.4064436510380563
2205,285,CB,0.44804372019000077
2206,285,CG,0.5660463750751041
2207,285,OD1,2.6602411809608633
2208,285,ND2,1.8115504306626693
2209,286,N,0.39880810344877027
2210,286,CA,0.23728752035627712
2211,286,C,0.11711369225087674
2212,286,O,0.18661504504665646
2213,286,CB,0.2096399046905799
2214,287,N,0.2834460606869949
2215,287,CA,0.46991292962159226
2216,287,C,0.6274967669370338
2217,287,O,0.8700739149597589
2218,287,CB,0.9368102322502093
2219,287,CG,0.7461021363665236
2220,287,CD,0.42014792118719346
2221,288,N,0.6912309285340791
2222,288,CA,1.0666065790019024
2223,288,C,2.1956029044583247
2224,288,O,4.576508159463808
2225,288,CB,0.6524042630864717
2226,288,CG,1.0848254375286477
2227,288,CD1,1.23632073707754
2228,288,CD2,3.5588350503889368
2229,288,CE1,0.7540368029676617
2230,288,CE2,4.1811051908001025
2231,288,CZ,2.221342095706771
2232,288,OH,2.7971507687553445
2233,289,N,0.9299069031025261
2234,289,CA,1.9586382893515617
2235,289,C,3.7845193634998906
2236,289,O,3.674420799876712
2237,289,CB,0.4770682440855316
2238,289,CG,2.5626001010845223
2239,289,CD1,4.391361741461465
2240,289,CD2,4.420767409415026
2241,289,CE1,6.711531201500755
2242,289,CE2,6.798797487731118
2243,289,CZ,7.675803003968273
2244,289,OH,10.158894700686476
2245,290,N,6.121095743949164
2246,290,CA,8.33183210279473
2247,290,C,8.340057853573683
2248,290,O,9.053081516031758
2249,290,CB,10.830626103807264
2250,291,N,7.937879712179229
2251,291,CA,8.255597955515984
2252,291,C,8.462062488621596
2253,291,O,9.009102500236825
2254,291,CB,7.739058233092878
2255,291,CG,7.715870553335159
2256,291,CD,7.778959273342634
2257,291,OE1,8.463133597997611
2258,291,NE2,7.445946884114744
2259,292,N,8.13469052340881
2260,292,CA,8.31308507587194
2261,292,C,8.25773355073268
2262,292,O,7.9309531879341275
2263,292,CB,8.277600379490657
2264,292,CG,8.512984141772511
2265,292,OD1,8.61395442344214
2266,292,OD2,8.664081480405873
2267,293,N,8.58059202422963
2268,293,CA,8.580131022220675
2269,293,C,8.573471711484393
2270,293,O,8.551940205692372
2271,293,CB,8.934561717179417
2272,293,CG,10.263952336775445
2273,293,CD,9.154495881660797
2274,294,N,8.604718524766987
2275,294,CA,8.641776538645596
2276,294,C,8.23167650799602
2277,294,O,8.255290072738413
2278,294,CB,8.898223891113982
2279,294,OG1,8.648402144915748
2280,294,CG2,9.264022551672207
2281,295,N,7.873017676025832
2282,295,CA,7.533035803114437
2283,295,C,7.47232519082354
2284,295,O,6.252480723225502
2285,295,CB,7.291442601325849
2286,295,CG,8.503452574863642
2287,295,CD1,10.192721215070966
2288,295,CD2,6.817167224388311
2289,296,N,9.114079377810084
2290,296,CA,9.265507690268258
2291,296,C,9.028892672391173
2292,296,O,8.904888447415228
2293,297,N,9.262829158503912
2294,297,CA,9.075869464993774
2295,297,C,10.033620226931317
2296,297,O,12.008514082215711
2297,297,CB,9.447104055342361
2298,297,CG,10.628498819777988
2299,297,CD,10.0654582298585
2300,298,N,8.895400738979362
2301,298,CA,9.938010514398279
2302,298,C,10.064612898743757
2303,298,O,10.23245878937013
2304,298,CB,9.117179581990081
2305,298,CG,10.453510633186129
2306,298,OD1,11.721989614161613
2307,298,ND2,10.666161632288373
2308,299,N,10.386515614190325
2309,299,CA,11.583471768225062
2310,299,C,13.046214563428526
2311,299,O,15.07405327135662
2312,299,CB,11.899165909429259
2313,299,CG,11.54179947622181
2314,299,OD1,11.641798854546623
2315,299,OD2,11.617779596348011
2316,299,OXT,12.41413386200122
